tier,repository,sequence,step,commit,version,phase,wall_ms,base_bytes,middle_bytes,segments,rg_wall_ms
small,viberwhisper,updates,1,55392aa9b320b1ef6746d16d10881cc9a009feda,current,incremental,5.789167,73872,19156,2,5.808042
small,viberwhisper,updates,1,55392aa9b320b1ef6746d16d10881cc9a009feda,main,incremental,10.048207999999999,73872,19156,2,5.808042
small,viberwhisper,updates,2,c5036467db679a39037dbe18153fb8897646b398,main,incremental,10.456166,73872,46626,3,4.45925
small,viberwhisper,updates,2,c5036467db679a39037dbe18153fb8897646b398,current,incremental,6.40875,73872,46626,3,4.45925
small,viberwhisper,updates,3,600541c7091156d4f9a37eaf72ed3bf1b1c431ce,main,incremental,9.861583999999999,73872,66724,4,5.736834
small,viberwhisper,updates,3,600541c7091156d4f9a37eaf72ed3bf1b1c431ce,current,incremental,5.766917,73872,66724,4,5.736834
small,viberwhisper,updates,4,7932c30b53573ebd8437c4d8f11cac03d6443461,current,incremental,5.830084,73872,89200,5,5.533625000000001
small,viberwhisper,updates,4,7932c30b53573ebd8437c4d8f11cac03d6443461,main,incremental,10.279042,73872,89200,5,5.533625000000001
small,viberwhisper,updates,5,2a68d0c0cb9b68961b09e6381ad30f8de532e340,main,incremental,10.060375,73872,90871,6,5.495208
small,viberwhisper,updates,5,2a68d0c0cb9b68961b09e6381ad30f8de532e340,current,incremental,6.174458,73872,90871,6,5.495208
small,viberwhisper,updates,6,abb59204e308d524b40c6524f09673372620b28b,main,incremental,10.476041,73872,118431,7,5.901916999999999
small,viberwhisper,updates,6,abb59204e308d524b40c6524f09673372620b28b,current,incremental,6.358167,73872,118431,7,5.901916999999999
small,viberwhisper,updates,7,c4ffcf8d34a0305d8339f300dd24849342054d88,current,metadata,6.0399579999999995,73872,118431,7,5.649334
small,viberwhisper,updates,7,c4ffcf8d34a0305d8339f300dd24849342054d88,main,metadata,5.916416,73872,118431,7,5.649334
small,viberwhisper,updates,8,3eef348d300cb53327e835904b0ab0362ac58d66,main,incremental,6.804584,73872,156415,8,5.644875
small,viberwhisper,updates,8,3eef348d300cb53327e835904b0ab0362ac58d66,current,incremental,6.550833,73872,156415,8,5.644875
small,viberwhisper,updates,9,d18872f89c5c990af2186129b617f93843a2b734,main,rebuild,10.531708,126780,0,1,7.047833
small,viberwhisper,updates,9,d18872f89c5c990af2186129b617f93843a2b734,current,incremental,7.149458,73872,205835,9,7.047833
small,viberwhisper,updates,10,e67029bb5f5962a6232fea4663a30ff0a4b8e972,current,incremental,5.814292,73872,208250,10,4.488207999999999
small,viberwhisper,updates,10,e67029bb5f5962a6232fea4663a30ff0a4b8e972,main,incremental,6.504459,126780,2415,2,4.488207999999999
small,viberwhisper,updates,11,4ade1bf52e9ffbeaa8191946b5a22370ba838058,main,incremental,6.530541,126780,49986,3,5.621791999999999
small,viberwhisper,updates,11,4ade1bf52e9ffbeaa8191946b5a22370ba838058,current,incremental,6.64875,73872,255821,11,5.621791999999999
small,viberwhisper,updates,12,9d3eddd916ca1d982bda628f1d07858612689706,main,incremental,6.727959,126780,92421,4,5.847665999999999
small,viberwhisper,updates,12,9d3eddd916ca1d982bda628f1d07858612689706,current,incremental,7.4324580000000005,73872,298256,12,5.847665999999999
small,viberwhisper,updates,13,55336634d4a20283fc5f08f0d5997352714cfe52,current,incremental,10.381458,73872,372103,13,5.749083000000001
small,viberwhisper,updates,13,55336634d4a20283fc5f08f0d5997352714cfe52,main,incremental,7.260375000000001,126780,166268,5,5.749083000000001
small,viberwhisper,updates,14,5fb3f5a6555c65631c46fc91343a9458e03a1676,main,incremental,7.431458,126780,252190,6,4.465041
small,viberwhisper,updates,14,5fb3f5a6555c65631c46fc91343a9458e03a1676,current,incremental,7.502,73872,458025,14,4.465041
small,viberwhisper,updates,15,dc8f7b7facad195ae896883d8d0c8ca2a8db7644,main,incremental,7.566292,126780,391219,7,4.58775
small,viberwhisper,updates,15,dc8f7b7facad195ae896883d8d0c8ca2a8db7644,current,incremental,7.566208,73872,597054,15,4.58775
small,viberwhisper,updates,16,8655cb9893f83dcd588811e14d18be36c1c481dc,current,incremental,7.416417,73872,680951,16,5.612709
small,viberwhisper,updates,16,8655cb9893f83dcd588811e14d18be36c1c481dc,main,incremental,7.460541999999999,126780,474150,8,5.612709
small,viberwhisper,updates,17,bde010333b5ba28a4641bad0da77624c1b4d290a,main,rebuild,10.7935,173124,0,1,5.521624999999999
small,viberwhisper,updates,17,bde010333b5ba28a4641bad0da77624c1b4d290a,current,incremental,7.298417,73872,720834,17,5.521624999999999
small,viberwhisper,updates,18,205f9b6e6d20716a7d6366d288fa13c2dc7bee28,main,incremental,6.574458,173124,14676,2,5.772792
small,viberwhisper,updates,18,205f9b6e6d20716a7d6366d288fa13c2dc7bee28,current,incremental,7.013625,73872,738570,18,5.772792
small,viberwhisper,updates,19,46bf111fce70fa22d4e7ea6059fe9bf86e25ff77,current,incremental,7.928583,73872,850750,19,5.819083
small,viberwhisper,updates,19,46bf111fce70fa22d4e7ea6059fe9bf86e25ff77,main,incremental,7.438000000000001,173124,120962,3,5.819083
small,viberwhisper,updates,20,65c8f3488c9e6c2214688cc762f96b2b68a47e8d,main,incremental,7.301792,173124,141072,4,5.61
small,viberwhisper,updates,20,65c8f3488c9e6c2214688cc762f96b2b68a47e8d,current,incremental,8.032833,73872,875664,20,5.61
small,viberwhisper,updates,21,20ee3046a1428a9fd5deb429d79a67edc4558938,main,incremental,7.143417,173124,161517,5,4.570958
small,viberwhisper,updates,21,20ee3046a1428a9fd5deb429d79a67edc4558938,current,incremental,7.661959,73872,900998,21,4.570958
small,viberwhisper,updates,22,818ad374473f4bf1f2d8091255e636c1a384f202,current,incremental,8.113541999999999,73872,1077264,22,5.901792
small,viberwhisper,updates,22,818ad374473f4bf1f2d8091255e636c1a384f202,main,incremental,8.146792,173124,321107,6,5.901792
small,viberwhisper,updates,23,4d626065eaaecbcbdef4404bc82f1bbfe4d0a9a6,main,incremental,7.266459,173124,351897,7,5.664792
small,viberwhisper,updates,23,4d626065eaaecbcbdef4404bc82f1bbfe4d0a9a6,current,incremental,7.729917,73872,1108054,23,5.664792
small,viberwhisper,updates,24,388998fc20daf746b54f21fef362d439093ba4a9,main,incremental,7.827416,173124,422191,8,5.704792
small,viberwhisper,updates,24,388998fc20daf746b54f21fef362d439093ba4a9,current,incremental,8.802582999999998,73872,1193280,24,5.704792
small,viberwhisper,updates,25,ca0c6265d36398ac7d9cb209b3abbd71cec126a6,current,incremental,7.0502910000000005,73872,1203230,25,5.809875
small,viberwhisper,updates,25,ca0c6265d36398ac7d9cb209b3abbd71cec126a6,main,rebuild,12.408583,346219,0,1,5.809875
small,viberwhisper,updates,26,b424f4d7f12a06682d85530d65a6c99245d86066,main,incremental,6.480874999999999,346219,5690,2,4.321875
small,viberwhisper,updates,26,b424f4d7f12a06682d85530d65a6c99245d86066,current,incremental,7.571542,73872,1208920,26,4.321875
small,viberwhisper,updates,27,c6becc366e6cfaee7ac31a1d9a83bfdfe03662a1,main,incremental,7.1495,346219,77374,3,5.818458000000001
small,viberwhisper,updates,27,c6becc366e6cfaee7ac31a1d9a83bfdfe03662a1,current,incremental,8.610417,73872,1295869,27,5.818458000000001
small,viberwhisper,updates,28,d2f57924db3a392b3927d72fc4053a1840324eeb,current,incremental,8.360249999999999,73872,1391805,28,4.341958
small,viberwhisper,updates,28,d2f57924db3a392b3927d72fc4053a1840324eeb,main,incremental,7.447625,346219,165799,4,4.341958
small,viberwhisper,updates,29,7eb6ff3cda3bb89e776d064493cdcdd7854cefb5,main,incremental,7.4095,346219,229072,5,5.784958
small,viberwhisper,updates,29,7eb6ff3cda3bb89e776d064493cdcdd7854cefb5,current,incremental,8.71225,73872,1467087,29,5.784958
small,viberwhisper,updates,30,f448b2d0296b525a1a2bd9871b5dfe157837b77e,main,incremental,7.9458340000000005,346219,319984,6,5.836
small,viberwhisper,updates,30,f448b2d0296b525a1a2bd9871b5dfe157837b77e,current,incremental,9.058250000000001,73872,1565462,30,5.836
small,viberwhisper,updates,31,47aa14a31e08daa17ee6c2f9465a0327463b0fab,current,incremental,9.163041,73872,1795599,31,5.776209
small,viberwhisper,updates,31,47aa14a31e08daa17ee6c2f9465a0327463b0fab,main,incremental,8.791291999999999,346219,534459,7,5.776209
small,viberwhisper,updates,32,753674caaceb5c4961ef66eed5704e1d649b7944,main,incremental,7.579042,346219,585928,8,5.626957999999999
small,viberwhisper,updates,32,753674caaceb5c4961ef66eed5704e1d649b7944,current,incremental,9.226375,73872,1850039,32,5.626957999999999
small,viberwhisper,updates,33,85c0a03404aafa681eeaecbe9b6031ea23e870a9,main,rebuild,13.678166000000001,455439,0,1,5.658541
small,viberwhisper,updates,33,85c0a03404aafa681eeaecbe9b6031ea23e870a9,current,incremental,8.323,73872,1860001,33,5.658541
small,viberwhisper,updates,34,82e358202daf483fe9cff04df1576e8c0774c0fe,current,incremental,7.941541999999999,73872,1879162,34,5.787167
small,viberwhisper,updates,34,82e358202daf483fe9cff04df1576e8c0774c0fe,main,incremental,7.153,455439,19161,2,5.787167
small,viberwhisper,updates,35,bae4d1c33f4aa6861eff871586691f605c8c6607,main,incremental,7.876958,455439,101854,3,5.7340409999999995
small,viberwhisper,updates,35,bae4d1c33f4aa6861eff871586691f605c8c6607,current,incremental,9.248707999999999,73872,1967530,35,5.7340409999999995
small,viberwhisper,updates,36,db89a4ffe88c7eb76738fc063783ebfbe83f79ed,main,incremental,7.237165999999999,455439,159481,4,5.8157499999999995
small,viberwhisper,updates,36,db89a4ffe88c7eb76738fc063783ebfbe83f79ed,current,incremental,8.615124999999999,73872,2034399,36,5.8157499999999995
small,viberwhisper,updates,37,dc25e2ec2895d5ad7e5053e60152b64383bfdc55,current,incremental,8.162291999999999,73872,2075971,37,4.3542499999999995
small,viberwhisper,updates,37,dc25e2ec2895d5ad7e5053e60152b64383bfdc55,main,incremental,7.3227910000000005,455439,196094,5,4.3542499999999995
small,viberwhisper,updates,38,254eb4f930486011f2a75ccefe50246990566007,main,incremental,7.211541,455439,208834,6,5.495
small,viberwhisper,updates,38,254eb4f930486011f2a75ccefe50246990566007,current,incremental,8.453042,73872,2088711,38,5.495
small,viberwhisper,updates,39,34f2e69fafa4addbc26e12e61fd6e32dc450cb78,main,incremental,8.609375,455439,411559,7,8.322167
small,viberwhisper,updates,39,34f2e69fafa4addbc26e12e61fd6e32dc450cb78,current,incremental,10.487375,73872,2304954,39,8.322167
small,viberwhisper,updates,40,979ec658d60f051e7b45fd1fabd7e9036f7ea6b5,current,incremental,8.058792,73872,2318529,40,5.682916
small,viberwhisper,updates,40,979ec658d60f051e7b45fd1fabd7e9036f7ea6b5,main,incremental,7.6839580000000005,455439,425134,8,5.682916
small,viberwhisper,updates,41,42ca56baa5fa6d860b6c9ba1799da2ac7c398fbf,main,rebuild,14.160292,560380,0,1,4.413916
small,viberwhisper,updates,41,42ca56baa5fa6d860b6c9ba1799da2ac7c398fbf,current,incremental,9.800042,73872,2379886,41,4.413916
small,viberwhisper,updates,42,f3edc30c20aca6ed8954c34aa9a415b4ffbb894f,main,incremental,7.5014579999999995,560380,32065,2,5.462041
small,viberwhisper,updates,42,f3edc30c20aca6ed8954c34aa9a415b4ffbb894f,current,incremental,9.5865,73872,2411951,42,5.462041
small,viberwhisper,updates,43,ff77251f22b3f8493e7ac03378f521b96439049b,current,incremental,7.9194580000000006,73872,2413465,43,6.9906250000000005
small,viberwhisper,updates,43,ff77251f22b3f8493e7ac03378f521b96439049b,main,incremental,7.155583,560380,33333,3,6.9906250000000005
small,viberwhisper,updates,44,3de86ad4a38d8fdf89c084771415f85d8a9fbab1,main,incremental,9.935958,560380,356128,4,6.898083
small,viberwhisper,updates,44,3de86ad4a38d8fdf89c084771415f85d8a9fbab1,current,incremental,12.035084,73872,2750129,44,6.898083
small,viberwhisper,updates,45,c52fd04115362f250c37d2d17c649fe4bbac934b,main,incremental,8.141458,560380,460084,5,6.232041
small,viberwhisper,updates,45,c52fd04115362f250c37d2d17c649fe4bbac934b,current,incremental,10.525416,73872,2854085,45,6.232041
small,viberwhisper,updates,46,4c1a64d129f070b1540eb3cd785b13d407125559,current,incremental,10.886792,73872,3140379,46,7.27425
small,viberwhisper,updates,46,4c1a64d129f070b1540eb3cd785b13d407125559,main,incremental,9.870500000000002,560380,729790,6,7.27425
small,viberwhisper,updates,47,8f3e1fe7c8f2c34c3ed405bd8bddd3a90a0659ad,main,incremental,8.629083,560380,766980,7,5.8585840000000005
small,viberwhisper,updates,47,8f3e1fe7c8f2c34c3ed405bd8bddd3a90a0659ad,current,incremental,10.300709,73872,3186681,47,5.8585840000000005
small,viberwhisper,updates,48,de2272627f31807086fcf710177f658c44e7a2b3,main,incremental,8.910082999999998,560380,875288,8,7.158041000000001
small,viberwhisper,updates,48,de2272627f31807086fcf710177f658c44e7a2b3,current,incremental,10.83725,73872,3297548,48,7.158041000000001
small,viberwhisper,updates,49,7b5bc5196b60521a341c315b92d7c022d395f995,current,incremental,9.817083,73872,3404060,49,6.358207999999999
small,viberwhisper,updates,49,7b5bc5196b60521a341c315b92d7c022d395f995,main,rebuild,16.824375,858641,0,1,6.358207999999999
small,viberwhisper,updates,50,56db8d28b68cc2c12237e0c97c45bd9fa2ee524e,main,incremental,8.913959,858641,147684,2,7.3357090000000005
small,viberwhisper,updates,50,56db8d28b68cc2c12237e0c97c45bd9fa2ee524e,current,incremental,11.290417,73872,3547899,50,7.3357090000000005
small,viberwhisper,updates,51,374f74107531cc6f795d126d70ebbe6463705237,main,incremental,9.114917,858641,360485,3,6.128291999999999
small,viberwhisper,updates,51,374f74107531cc6f795d126d70ebbe6463705237,current,incremental,11.4625,73872,3765575,51,6.128291999999999
small,viberwhisper,updates,52,af21e4556172b01b41f88f4a39d09a9efeedd8d7,current,incremental,9.931375,73872,3856818,52,5.8412500000000005
small,viberwhisper,updates,52,af21e4556172b01b41f88f4a39d09a9efeedd8d7,main,incremental,8.699083,858641,459174,4,5.8412500000000005
small,viberwhisper,updates,53,ec93ed760bd0960128e2b954b477d7a581a2eb97,main,incremental,8.988458,858641,649703,5,5.97125
small,viberwhisper,updates,53,ec93ed760bd0960128e2b954b477d7a581a2eb97,current,incremental,11.535083,73872,4078257,53,5.97125
small,viberwhisper,updates,54,1266f10811bff33bff97f7c5e8d0eb3cb7eb38d9,main,incremental,8.522708,858641,736672,6,7.284292000000001
small,viberwhisper,updates,54,1266f10811bff33bff97f7c5e8d0eb3cb7eb38d9,current,incremental,10.979417,73872,4168439,54,7.284292000000001
small,viberwhisper,updates,55,9c571985fa7ba708d1307ebb8ae0f3c4b709ecaa,current,incremental,10.854583,73872,4331422,55,6.282291
small,viberwhisper,updates,55,9c571985fa7ba708d1307ebb8ae0f3c4b709ecaa,main,incremental,9.508833,858641,890075,7,6.282291
small,viberwhisper,updates,56,569710ed018e432965adc02276f4094030cad233,main,incremental,9.198333,858641,1007468,8,7.373708
small,viberwhisper,updates,56,569710ed018e432965adc02276f4094030cad233,current,incremental,11.168625,73872,4457913,56,7.373708
small,viberwhisper,updates,57,bbfe83629f435a263a4b632554ce761e9baf690b,main,rebuild,17.932208000000003,882754,0,1,7.669917
small,viberwhisper,updates,57,bbfe83629f435a263a4b632554ce761e9baf690b,current,incremental,11.44725,73872,4564602,57,7.669917
small,viberwhisper,updates,58,e0502a5585cadfcd7bd29e51a32fefec3cc567c8,current,incremental,13.8695,73872,4914627,58,6.692292
small,viberwhisper,updates,58,e0502a5585cadfcd7bd29e51a32fefec3cc567c8,main,incremental,10.872625000000001,882754,350419,2,6.692292
small,viberwhisper,updates,59,35248a50ff06e7638aa6026f703fe1fb2b0a77d6,main,incremental,8.136667000000001,882754,384115,3,7.24
small,viberwhisper,updates,59,35248a50ff06e7638aa6026f703fe1fb2b0a77d6,current,incremental,10.634833,73872,4955856,59,7.24
small,viberwhisper,updates,60,ca60c703e810db2823f569ca71f787be5d7d58d3,main,incremental,9.036958,882754,535643,4,7.52925
small,viberwhisper,updates,60,ca60c703e810db2823f569ca71f787be5d7d58d3,current,incremental,11.871875000000001,73872,5117902,60,7.52925
small,viberwhisper,updates,61,e3220d298ce06375f52a6937c74c82ba5ed03e4e,current,incremental,10.182709,73872,5160706,61,5.884958
small,viberwhisper,updates,61,e3220d298ce06375f52a6937c74c82ba5ed03e4e,main,incremental,8.57325,882754,570045,5,5.884958
small,viberwhisper,updates,62,b476fc8d9bc816100e5e7fa7e6f513dbe55c862a,main,incremental,9.401,882754,795199,6,5.805333
small,viberwhisper,updates,62,b476fc8d9bc816100e5e7fa7e6f513dbe55c862a,current,incremental,12.341083,73872,5400208,62,5.805333
small,viberwhisper,updates,63,9bc90f50b8fd806e9081476691967b52390e48a7,main,incremental,12.782333999999999,882754,1321144,7,7.661041
small,viberwhisper,updates,63,9bc90f50b8fd806e9081476691967b52390e48a7,current,incremental,15.111583,73872,5934938,63,7.661041
small,viberwhisper,updates,64,cb96c069058fc3db3f4ddeadaa9ef539ddfed139,current,incremental,10.060082999999999,73872,5943649,64,6.268125
small,viberwhisper,updates,64,cb96c069058fc3db3f4ddeadaa9ef539ddfed139,main,incremental,8.491083999999999,882754,1329855,8,6.268125
small,viberwhisper,updates,65,4e086f46b2302c960ea6c69a6032a6f15ffe7977,main,rebuild,21.594042,1034858,0,1,6.940333
small,viberwhisper,updates,65,4e086f46b2302c960ea6c69a6032a6f15ffe7977,current,incremental,13.113916,73872,6191970,65,6.940333
small,viberwhisper,updates,66,4d4a0cc602e4dae02eef44d88598a8709b2e1581,main,incremental,9.799000000000001,1034858,315338,2,7.638583
small,viberwhisper,updates,66,4d4a0cc602e4dae02eef44d88598a8709b2e1581,current,incremental,13.113,73872,6503821,66,7.638583
small,viberwhisper,updates,67,4559c6ff17a06516692153b4fa5a1fcea60c03c7,current,incremental,12.483041,73872,6816867,67,7.6914169999999995
small,viberwhisper,updates,67,4559c6ff17a06516692153b4fa5a1fcea60c03c7,main,incremental,10.291042000000001,1034858,626801,3,7.6914169999999995
small,viberwhisper,updates,68,d373db6ab330c00ae86b23a60f275decadb9911b,main,incremental,8.980500000000001,1034858,647994,4,6.315208999999999
small,viberwhisper,updates,68,d373db6ab330c00ae86b23a60f275decadb9911b,current,incremental,12.034208,73872,6843137,68,6.315208999999999
small,viberwhisper,updates,69,826ae97a3c3e04c66a09f3e762c3883553abb562,main,incremental,9.177958,1034858,716406,5,7.7092920000000005
small,viberwhisper,updates,69,826ae97a3c3e04c66a09f3e762c3883553abb562,current,incremental,12.674417,73872,6914669,69,7.7092920000000005
small,viberwhisper,updates,70,9c7d55374267697e8f4220655e4ea4e4ab688200,current,incremental,11.251417,73872,7020992,70,7.56175
small,viberwhisper,updates,70,9c7d55374267697e8f4220655e4ea4e4ab688200,main,incremental,8.785791,1034858,822729,6,7.56175
small,viberwhisper,updates,71,a6957c2b468a64428cfe9fe0ef5d0f11a83dc9f1,main,incremental,8.89775,1034858,876266,7,7.391291000000001
small,viberwhisper,updates,71,a6957c2b468a64428cfe9fe0ef5d0f11a83dc9f1,current,incremental,12.156,73872,7063973,71,7.391291000000001
small,viberwhisper,updates,72,b2aa6bb5747afab99bda5685d036d7c130391fb2,main,incremental,9.671000000000001,1034858,1085686,8,6.46675
small,viberwhisper,updates,72,b2aa6bb5747afab99bda5685d036d7c130391fb2,current,incremental,12.979,73872,7267317,72,6.46675
small,viberwhisper,updates,73,5d7d70b0fef11cc1cc6f1d18b400508af48372f0,current,incremental,12.673083,73872,7435445,73,7.761708
small,viberwhisper,updates,73,5d7d70b0fef11cc1cc6f1d18b400508af48372f0,main,rebuild,18.370542,1109230,0,1,7.761708
small,viberwhisper,updates,74,50bdb4085e1e843a4c44f3654d3bf1f6a652442e,main,incremental,8.58925,1109230,170664,2,6.032875
small,viberwhisper,updates,74,50bdb4085e1e843a4c44f3654d3bf1f6a652442e,current,incremental,12.848583999999999,73872,7610240,74,6.032875
small,viberwhisper,updates,75,650ab9c64e587f6d102904305a3c18fda7138917,main,incremental,8.980958000000001,1109230,344899,3,6.793167
small,viberwhisper,updates,75,650ab9c64e587f6d102904305a3c18fda7138917,current,incremental,12.908875,73872,7792492,75,6.793167
small,viberwhisper,updates,76,4cf7e0b3725e28a017b9a52f8e71fc8be1fb631f,current,incremental,12.832125,73872,8069296,76,7.906375000000001
small,viberwhisper,updates,76,4cf7e0b3725e28a017b9a52f8e71fc8be1fb631f,main,incremental,10.472917,1109230,624136,4,7.906375000000001
small,viberwhisper,updates,77,9714dda3f044e460784644b84853fec371e44632,main,incremental,9.437334,1109230,783950,5,6.195250000000001
small,viberwhisper,updates,77,9714dda3f044e460784644b84853fec371e44632,current,incremental,12.731958,73872,8223638,77,6.195250000000001
small,viberwhisper,updates,78,a8795abdb1dbc28238143f5e3eae9137c86925e3,main,incremental,11.435792,1109230,1185341,6,6.809958
small,viberwhisper,updates,78,a8795abdb1dbc28238143f5e3eae9137c86925e3,current,rebuild,23.476917,1353126,0,1,6.809958
small,viberwhisper,updates,79,c139d1b72e2d95045ca62dd1b697137b602e6e13,current,incremental,9.477334,1353126,328252,2,6.701124999999999
small,viberwhisper,updates,79,c139d1b72e2d95045ca62dd1b697137b602e6e13,main,incremental,11.692917000000001,1109230,1546384,7,6.701124999999999
small,viberwhisper,updates,80,d723bb05825613cd3bb825fea0eca8309925ca1a,main,incremental,12.043708,1109230,2048029,8,6.613792
small,viberwhisper,updates,80,d723bb05825613cd3bb825fea0eca8309925ca1a,current,incremental,10.929375,1353126,795664,3,6.613792
small,viberwhisper,updates,81,fc5d74271283608392878caf8f0d256451681544,main,rebuild,22.857125,1526994,0,1,8.5375
small,viberwhisper,updates,81,fc5d74271283608392878caf8f0d256451681544,current,incremental,11.639667,1353126,1242112,4,8.5375
small,viberwhisper,updates,82,25aa9fd3d5eec3165fe03c552c6daef1d71270b5,current,incremental,9.568458,1353126,1572898,5,6.680084
small,viberwhisper,updates,82,25aa9fd3d5eec3165fe03c552c6daef1d71270b5,main,incremental,10.591667000000001,1526994,330786,2,6.680084
small,viberwhisper,updates,83,924ca3ba54e2832cb752fb03311f97425428f15e,main,incremental,10.47525,1526994,624125,3,6.375167
small,viberwhisper,updates,83,924ca3ba54e2832cb752fb03311f97425428f15e,current,incremental,9.515083,1353126,1874193,6,6.375167
small,viberwhisper,updates,84,a4a44916007f80106e15c34021d4b4a15904239f,main,incremental,11.16775,1526994,1028120,4,8.597334
small,viberwhisper,updates,84,a4a44916007f80106e15c34021d4b4a15904239f,current,incremental,10.233042,1353126,2278188,7,8.597334
small,viberwhisper,updates,85,2c685d9d3ba933fa5e7e99e24ebd12155bc84f23,current,incremental,12.824291,1353126,2936415,8,7.9194580000000006
small,viberwhisper,updates,85,2c685d9d3ba933fa5e7e99e24ebd12155bc84f23,main,incremental,14.221542,1526994,1686347,5,7.9194580000000006
small,viberwhisper,updates,86,426f7f7f387a03f415e753c4575e976580f0c65b,main,incremental,10.707792000000001,1526994,1928958,6,6.740875
small,viberwhisper,updates,86,426f7f7f387a03f415e753c4575e976580f0c65b,current,incremental,10.201,1353126,3179026,9,6.740875
small,viberwhisper,updates,87,2fee0a2218e285a4c18a5b3503ea2849a05d2ea9,main,incremental,11.396167,1526994,2203245,7,7.167625
small,viberwhisper,updates,87,2fee0a2218e285a4c18a5b3503ea2849a05d2ea9,current,incremental,10.30025,1353126,3453313,10,7.167625
small,viberwhisper,updates,88,2afe57be7d9a6b88128a3f108339e75afc52c99e,current,incremental,8.497458,1353126,3544375,11,7.0846670000000005
small,viberwhisper,updates,88,2afe57be7d9a6b88128a3f108339e75afc52c99e,main,incremental,10.510583,1526994,2294307,8,7.0846670000000005
small,viberwhisper,updates,89,a1f40ed5be5746284a79cdfd785cdc6ce7cb88f4,main,rebuild,26.256042,1895569,0,1,7.884708000000001
small,viberwhisper,updates,89,a1f40ed5be5746284a79cdfd785cdc6ce7cb88f4,current,incremental,9.211875,1353126,3582107,12,7.884708000000001
small,viberwhisper,updates,90,c829976a2d0c8dac44309f13deaedd5c46323f05,main,incremental,9.469875,1895569,76451,2,8.312999999999999
small,viberwhisper,updates,90,c829976a2d0c8dac44309f13deaedd5c46323f05,current,incremental,9.112416,1353126,3658558,13,8.312999999999999
small,viberwhisper,updates,91,f01e3331ee68a3848f8be454476c0cad579a4489,current,incremental,9.23275,1353126,3815356,14,7.618875
small,viberwhisper,updates,91,f01e3331ee68a3848f8be454476c0cad579a4489,main,incremental,10.10075,1895569,234367,3,7.618875
small,viberwhisper,updates,92,e10a53e0e3151392767d7e3a01e3a64906fd246f,main,incremental,9.962,1895569,366894,4,6.662625
small,viberwhisper,updates,92,e10a53e0e3151392767d7e3a01e3a64906fd246f,current,incremental,9.917833,1353126,3947883,15,6.662625
small,viberwhisper,updates,93,cc620e97c0e0852830d4346ac4efc1ce1dcf5910,main,incremental,10.401625,1895569,510503,5,7.322416
small,viberwhisper,updates,93,cc620e97c0e0852830d4346ac4efc1ce1dcf5910,current,incremental,9.724583,1353126,4091492,16,7.322416
small,viberwhisper,updates,94,04903ca04146d6f512fd9720f14b7b206c8ae793,current,incremental,10.396584,1353126,4454232,17,8.611374999999999
small,viberwhisper,updates,94,04903ca04146d6f512fd9720f14b7b206c8ae793,main,incremental,11.643832999999999,1895569,873374,6,8.611374999999999
small,viberwhisper,updates,95,976e1f16c761d5975abd1faf95d5a03996794768,main,incremental,10.70475,1895569,1028639,7,6.795624999999999
small,viberwhisper,updates,95,976e1f16c761d5975abd1faf95d5a03996794768,current,incremental,10.389458000000001,1353126,4609240,18,6.795624999999999
small,viberwhisper,updates,96,2c9f50091b26d41f9abf827ac9fe76a4aaaefc4d,main,incremental,15.393749999999999,1895569,1631465,8,7.567084
small,viberwhisper,updates,96,2c9f50091b26d41f9abf827ac9fe76a4aaaefc4d,current,incremental,13.561542,1353126,5212066,19,7.567084
small,viberwhisper,updates,97,720255e31d06533caf1c279a9b1d1109f80b18ab,current,incremental,9.693708,1353126,5355388,20,8.673125
small,viberwhisper,updates,97,720255e31d06533caf1c279a9b1d1109f80b18ab,main,rebuild,29.484541999999998,2083991,0,1,8.673125
small,viberwhisper,updates,98,c267b88deeedebd52ba9e543a83918305011263f,main,incremental,13.267041,2083991,521756,2,7.1748330000000005
small,viberwhisper,updates,98,c267b88deeedebd52ba9e543a83918305011263f,current,incremental,13.500625000000001,1353126,5877496,21,7.1748330000000005
small,viberwhisper,updates,99,65186fe565fcc21af180634a6b0684e2e18ed192,main,incremental,11.990041999999999,2083991,1011281,3,7.57125
small,viberwhisper,updates,99,65186fe565fcc21af180634a6b0684e2e18ed192,current,incremental,13.470166,1353126,6366675,22,7.57125
small,viberwhisper,updates,100,ab1f117d922fe06da6fc2f1f72605ba227ba4233,current,incremental,8.848082999999999,1353126,6397576,23,7.150541
small,viberwhisper,updates,100,ab1f117d922fe06da6fc2f1f72605ba227ba4233,main,incremental,9.115875,2083991,1042182,4,7.150541
small,viberwhisper,rollbacks,99,65186fe565fcc21af180634a6b0684e2e18ed192,main,metadata,7.4145840000000005,2083991,1011281,3,7.137833
small,viberwhisper,rollbacks,99,65186fe565fcc21af180634a6b0684e2e18ed192,current,incremental,9.377042000000001,1353126,6426772,24,7.137833
small,viberwhisper,rollbacks,50,56db8d28b68cc2c12237e0c97c45bd9fa2ee524e,current,incremental,14.315833,1353126,7280929,25,6.45725
small,viberwhisper,rollbacks,50,56db8d28b68cc2c12237e0c97c45bd9fa2ee524e,main,metadata,7.482208,858641,147684,2,6.45725
small,viberwhisper,rollbacks,0,30460fe0b07f7cb6f18b19ee2b18d2b0dde7cdb6,main,metadata,9.222,73872,0,1,5.9542079999999995
small,viberwhisper,rollbacks,0,30460fe0b07f7cb6f18b19ee2b18d2b0dde7cdb6,current,incremental,8.255125,1353126,7370351,26,5.9542079999999995
small,viberwhisper,rollbacks,100,ab1f117d922fe06da6fc2f1f72605ba227ba4233,main,metadata,8.12175,2083991,1042182,4,7.336208
small,viberwhisper,rollbacks,100,ab1f117d922fe06da6fc2f1f72605ba227ba4233,current,rebuild,35.476333,1874519,0,1,7.336208
medium,whisper.cpp,updates,1,3fea10db5435faa9f19d95adedbe6963b2d0b45d,current,incremental,23.688416,17581400,656250,2,45.692625
medium,whisper.cpp,updates,1,3fea10db5435faa9f19d95adedbe6963b2d0b45d,main,incremental,33.733666,17581400,656250,2,45.692625
medium,whisper.cpp,updates,2,a5db1d66f0d32e7b5031d51f00797573f3ac7e02,main,incremental,31.879958,17581400,822475,3,32.196625
medium,whisper.cpp,updates,2,a5db1d66f0d32e7b5031d51f00797573f3ac7e02,current,incremental,20.181583,17581400,822475,3,32.196625
medium,whisper.cpp,updates,3,55ab1e517cf52c9441119f740bc0e9d758a4f4ec,main,incremental,44.517,17581400,1559808,4,46.160666000000006
medium,whisper.cpp,updates,3,55ab1e517cf52c9441119f740bc0e9d758a4f4ec,current,incremental,38.81075,17581400,1559808,4,46.160666000000006
medium,whisper.cpp,updates,4,852997152e4ea554922aac6540c12e112deeb4e4,current,incremental,32.903915999999995,17581400,2059378,5,50.554916999999996
medium,whisper.cpp,updates,4,852997152e4ea554922aac6540c12e112deeb4e4,main,incremental,44.234833,17581400,2059378,5,50.554916999999996
medium,whisper.cpp,updates,5,a0614d9ea446915afde48e82e0d6697773c92a18,main,incremental,28.570083,17581400,2115391,6,31.606333
medium,whisper.cpp,updates,5,a0614d9ea446915afde48e82e0d6697773c92a18,current,incremental,18.459209,17581400,2115391,6,31.606333
medium,whisper.cpp,updates,6,b6571e4a55279381fd342c4c9f9ab715f57bd217,main,incremental,32.332916000000004,17581400,2483184,7,52.785332999999994
medium,whisper.cpp,updates,6,b6571e4a55279381fd342c4c9f9ab715f57bd217,current,incremental,23.082708,17581400,2483184,7,52.785332999999994
medium,whisper.cpp,updates,7,ff38b98e5af6f28329e442ebbd4810a64c780867,current,incremental,17.042125000000002,17581400,2501378,8,48.022584
medium,whisper.cpp,updates,7,ff38b98e5af6f28329e442ebbd4810a64c780867,main,incremental,27.243125,17581400,2501378,8,48.022584
medium,whisper.cpp,updates,8,530e3f4834477a267889796e3edd3bdde228ed75,main,rebuild,222.415959,17641878,0,1,30.772167
medium,whisper.cpp,updates,8,530e3f4834477a267889796e3edd3bdde228ed75,current,incremental,18.211374999999997,17581400,2520204,9,30.772167
medium,whisper.cpp,updates,9,97d0da26a2e90861a7616a2e12ca4f1e2ed3cbde,main,incremental,26.261833,17641878,62045,2,52.737417
medium,whisper.cpp,updates,9,97d0da26a2e90861a7616a2e12ca4f1e2ed3cbde,current,incremental,18.462625,17581400,2582249,10,52.737417
medium,whisper.cpp,updates,10,fa4d244c939ab9f14e0ce31a08ca85a5bb16353b,current,incremental,17.04725,17581400,2623759,11,42.145458
medium,whisper.cpp,updates,10,fa4d244c939ab9f14e0ce31a08ca85a5bb16353b,main,incremental,28.257667,17641878,103555,3,42.145458
medium,whisper.cpp,updates,11,7f78e1b4694bdae54e8c9101b96be14f89b76f02,main,incremental,32.934166,17641878,602286,4,30.519375
medium,whisper.cpp,updates,11,7f78e1b4694bdae54e8c9101b96be14f89b76f02,current,incremental,24.273041,17581400,3122490,12,30.519375
medium,whisper.cpp,updates,12,0a150873efb17f3b21e92c83d705bbfdce200bd0,main,incremental,27.763208000000002,17641878,621202,5,52.848042
medium,whisper.cpp,updates,12,0a150873efb17f3b21e92c83d705bbfdce200bd0,current,incremental,20.271375000000003,17581400,3141406,13,52.848042
medium,whisper.cpp,updates,13,ba99c098669484ad18978f2b18557726709fba12,current,incremental,33.739290999999994,17581400,3908189,14,50.061833
medium,whisper.cpp,updates,13,ba99c098669484ad18978f2b18557726709fba12,main,incremental,45.987375,17641878,1387985,6,50.061833
medium,whisper.cpp,updates,14,caea96f6ceef38c2fe6d6e0332c83ae42436b264,main,incremental,36.470542,17641878,1948182,7,29.73425
medium,whisper.cpp,updates,14,caea96f6ceef38c2fe6d6e0332c83ae42436b264,current,incremental,27.317959,17581400,4468386,15,29.73425
medium,whisper.cpp,updates,15,4c38040fd3b3241a171bbc9ef218cf34dfdd5994,main,incremental,47.54625,17641878,2587485,8,41.2765
medium,whisper.cpp,updates,15,4c38040fd3b3241a171bbc9ef218cf34dfdd5994,current,incremental,37.577792,17581400,5107689,16,41.2765
medium,whisper.cpp,updates,16,d501a0a3e8a50e5fcef657e558ff95f51a91c4d5,current,incremental,35.57475,17581400,5801593,17,48.542417
medium,whisper.cpp,updates,16,d501a0a3e8a50e5fcef657e558ff95f51a91c4d5,main,rebuild,235.10804199999998,17682561,0,1,48.542417
medium,whisper.cpp,updates,17,590fe189021127f8a8255968e124c892293a9703,main,incremental,28.773583,17682561,18973,2,32.120999999999995
medium,whisper.cpp,updates,17,590fe189021127f8a8255968e124c892293a9703,current,incremental,21.073917,17581400,5820566,18,32.120999999999995
medium,whisper.cpp,updates,18,e644752070ed07294219e787cc10d2697888f96d,main,incremental,26.391583999999998,17682561,103044,3,49.283500000000004
medium,whisper.cpp,updates,18,e644752070ed07294219e787cc10d2697888f96d,current,incremental,20.814083,17581400,5904637,19,49.283500000000004
medium,whisper.cpp,updates,19,325c8d16c1264ae0b0f057b45bcb87be32a8f89f,current,incremental,23.521250000000002,17581400,6311633,20,49.073
medium,whisper.cpp,updates,19,325c8d16c1264ae0b0f057b45bcb87be32a8f89f,main,incremental,33.696708,17682561,510040,4,49.073
medium,whisper.cpp,updates,20,308fa4f8a2beec1f76062727d4b1ca0a4dcbafff,main,incremental,29.393584,17682561,529013,5,30.738083
medium,whisper.cpp,updates,20,308fa4f8a2beec1f76062727d4b1ca0a4dcbafff,current,incremental,20.5375,17581400,6330606,21,30.738083
medium,whisper.cpp,updates,21,285f1ffd99d6b1ce97a59fc5978574140c0f7846,main,incremental,30.150084,17682561,828266,6,50.890375
medium,whisper.cpp,updates,21,285f1ffd99d6b1ce97a59fc5978574140c0f7846,current,incremental,22.958958000000003,17581400,6629859,22,50.890375
medium,whisper.cpp,updates,22,2a11026cfe3a660673e8c8c37dac18541ea3b1f6,current,incremental,32.33625,17581400,7130501,23,50.261083
medium,whisper.cpp,updates,22,2a11026cfe3a660673e8c8c37dac18541ea3b1f6,main,incremental,44.015167,17682561,1328908,7,50.261083
medium,whisper.cpp,updates,23,b33bbc5c4eef7a435de6f907d6ff4547274684ed,main,incremental,32.748959,17682561,1347935,8,31.828833
medium,whisper.cpp,updates,23,b33bbc5c4eef7a435de6f907d6ff4547274684ed,current,incremental,21.912582999999998,17581400,7149528,24,31.828833
medium,whisper.cpp,updates,24,c969c68b544cd2e90052b58647b52ce67bd93575,main,rebuild,222.056667,17690928,0,1,48.746666
medium,whisper.cpp,updates,24,c969c68b544cd2e90052b58647b52ce67bd93575,current,incremental,38.650042,17581400,8251263,25,48.746666
medium,whisper.cpp,updates,25,c68f20555aa9ff91dbec5d6c23e8a862174e4d8f,current,rebuild,209.91383299999998,17691586,0,1,48.073375
medium,whisper.cpp,updates,25,c68f20555aa9ff91dbec5d6c23e8a862174e4d8f,main,incremental,31.726125,17690928,284378,2,48.073375
medium,whisper.cpp,updates,26,3d4e0e9858ffc1d4446d8b4ce7d4385d696e3cb6,main,incremental,35.553583,17690928,573640,3,30.244833
medium,whisper.cpp,updates,26,3d4e0e9858ffc1d4446d8b4ce7d4385d696e3cb6,current,incremental,23.383000000000003,17691586,289262,2,30.244833
medium,whisper.cpp,updates,27,3ad8b9b217e7d0d8a829e9344dbe35bfdf19dc64,main,incremental,30.483,17690928,846308,4,48.139250000000004
medium,whisper.cpp,updates,27,3ad8b9b217e7d0d8a829e9344dbe35bfdf19dc64,current,incremental,22.053,17691586,561930,3,48.139250000000004
medium,whisper.cpp,updates,28,5e494599a4521878eb937765b5811f28ff314888,current,incremental,18.304958,17691586,628225,4,46.909416
medium,whisper.cpp,updates,28,5e494599a4521878eb937765b5811f28ff314888,main,incremental,27.398125,17690928,912603,5,46.909416
medium,whisper.cpp,updates,29,b66593ef1bd6971f3eafa3ab79f0c86c92a4e8e0,main,incremental,29.675875,17690928,931658,6,32.041292
medium,whisper.cpp,updates,29,b66593ef1bd6971f3eafa3ab79f0c86c92a4e8e0,current,incremental,19.556250000000002,17691586,647280,5,32.041292
medium,whisper.cpp,updates,30,1e0f38257378496e822093d61fb154f2e55c7236,main,incremental,29.762833,17690928,950743,7,47.09525
medium,whisper.cpp,updates,30,1e0f38257378496e822093d61fb154f2e55c7236,current,incremental,18.542666999999998,17691586,666365,6,47.09525
medium,whisper.cpp,updates,31,43acf3d6e84b210e72a5263f72f4d8fa97e540fd,current,incremental,18.371333,17691586,726484,7,50.630250000000004
medium,whisper.cpp,updates,31,43acf3d6e84b210e72a5263f72f4d8fa97e540fd,main,incremental,28.340209,17690928,1010862,8,50.630250000000004
medium,whisper.cpp,updates,32,4b2243a6c20c4503f42ab47eeeddc274f5a917b1,main,rebuild,223.621167,17701374,0,1,30.284583
medium,whisper.cpp,updates,32,4b2243a6c20c4503f42ab47eeeddc274f5a917b1,current,incremental,21.097334,17691586,961154,8,30.284583
medium,whisper.cpp,updates,33,e5c9e3e3e9a9c3f1763c54803229ce393f3669d1,main,incremental,29.034584,17701374,111290,2,49.9095
medium,whisper.cpp,updates,33,e5c9e3e3e9a9c3f1763c54803229ce393f3669d1,current,incremental,21.332417,17691586,1072444,9,49.9095
medium,whisper.cpp,updates,34,35d9e2237e7e8a6a716cd3d517ba46ba62bb1bed,current,incremental,17.781291,17691586,1076842,10,50.225792
medium,whisper.cpp,updates,34,35d9e2237e7e8a6a716cd3d517ba46ba62bb1bed,main,incremental,27.664375,17701374,115688,3,50.225792
medium,whisper.cpp,updates,35,e900a732c8908510bc4e932544daab86c8790a12,main,incremental,27.326625,17701374,140310,4,30.633167
medium,whisper.cpp,updates,35,e900a732c8908510bc4e932544daab86c8790a12,current,incremental,18.790582999999998,17691586,1101464,11,30.633167
medium,whisper.cpp,updates,36,e9583f075aafaea362afd80a87fdac74a0f54256,main,incremental,61.832,17701374,3093996,5,48.934167
medium,whisper.cpp,updates,36,e9583f075aafaea362afd80a87fdac74a0f54256,current,incremental,55.193833,17691586,4055150,12,48.934167
medium,whisper.cpp,updates,37,749683d30f40845d14f0da8d7df64f219c6db1c5,current,incremental,22.899917,17691586,4400243,13,52.138999999999996
medium,whisper.cpp,updates,37,749683d30f40845d14f0da8d7df64f219c6db1c5,main,incremental,33.298500000000004,17701374,3439089,6,52.138999999999996
medium,whisper.cpp,updates,38,4089fa628a00d026b8090616fc4d595ab36ccbd1,main,incremental,29.93175,17701374,3546946,7,32.107749999999996
medium,whisper.cpp,updates,38,4089fa628a00d026b8090616fc4d595ab36ccbd1,current,incremental,19.917834,17691586,4508100,14,32.107749999999996
medium,whisper.cpp,updates,39,e5c96ca45da0d38b0d4a0967e83ec413e530b3d9,main,incremental,29.883958,17701374,3566046,8,48.253542
medium,whisper.cpp,updates,39,e5c96ca45da0d38b0d4a0967e83ec413e530b3d9,current,incremental,21.321832999999998,17691586,4527200,15,48.253542
medium,whisper.cpp,updates,40,01ebd225a7784bfb8245b98f2ebd8a4589f32421,current,incremental,17.782125,17691586,4552186,16,52.748416
medium,whisper.cpp,updates,40,01ebd225a7784bfb8245b98f2ebd8a4589f32421,main,rebuild,217.67624999999998,17708210,0,1,52.748416
medium,whisper.cpp,updates,41,db00b0196b1be6af1bf184c8948a50fc3120fcb5,main,incremental,44.062084,17708210,730005,2,30.690833
medium,whisper.cpp,updates,41,db00b0196b1be6af1bf184c8948a50fc3120fcb5,current,incremental,35.504958,17691586,5282191,17,30.690833
medium,whisper.cpp,updates,42,96dddd87f20b470a721a3c2bd25aba63a045a6a8,main,incremental,29.525125,17708210,842183,3,48.860375
medium,whisper.cpp,updates,42,96dddd87f20b470a721a3c2bd25aba63a045a6a8,current,incremental,21.372708,17691586,5394369,18,48.860375
medium,whisper.cpp,updates,43,6ce7b89952fd07d0db62e99fb15c231ca3979714,current,incremental,34.236250000000005,17691586,6041928,19,48.440166
medium,whisper.cpp,updates,43,6ce7b89952fd07d0db62e99fb15c231ca3979714,main,incremental,43.864166000000004,17708210,1489742,4,48.440166
medium,whisper.cpp,updates,44,76a51e82d7cb548eecc880e108fdfc0d7040be57,main,incremental,32.365709,17708210,1851737,5,30.838875
medium,whisper.cpp,updates,44,76a51e82d7cb548eecc880e108fdfc0d7040be57,current,incremental,24.716792,17691586,6403923,20,30.838875
medium,whisper.cpp,updates,45,b0f4bc02ed1f15a0d63eca3cc8af7e4d6a481d59,main,incremental,32.094791,17708210,2185008,6,47.81125
medium,whisper.cpp,updates,45,b0f4bc02ed1f15a0d63eca3cc8af7e4d6a481d59,current,incremental,24.293458,17691586,6737194,21,47.81125
medium,whisper.cpp,updates,46,7614a4c1398708ea1a6575d0e3b659f14bb2f7e3,current,incremental,20.468792,17691586,6756464,22,51.175542
medium,whisper.cpp,updates,46,7614a4c1398708ea1a6575d0e3b659f14bb2f7e3,main,incremental,29.769875000000003,17708210,2204278,7,51.175542
medium,whisper.cpp,updates,47,c1be45b89016bb11b1460618c97b1e077adcd9a7,main,incremental,31.807333,17708210,2481418,8,30.077958
medium,whisper.cpp,updates,47,c1be45b89016bb11b1460618c97b1e077adcd9a7,current,incremental,23.009541000000002,17691586,7033604,23,30.077958
medium,whisper.cpp,updates,48,c648b9a4d0fbb0dd3db9d19149714f77cef43af2,main,rebuild,222.629833,17735804,0,1,46.4335
medium,whisper.cpp,updates,48,c648b9a4d0fbb0dd3db9d19149714f77cef43af2,current,incremental,23.157458,17691586,7219324,24,46.4335
medium,whisper.cpp,updates,49,088c603e2951f3bf5b7ce59438523c541580faa1,current,incremental,33.586875,17691586,7764517,25,51.703916
medium,whisper.cpp,updates,49,088c603e2951f3bf5b7ce59438523c541580faa1,main,incremental,44.569875,17735804,545193,2,51.703916
medium,whisper.cpp,updates,50,c6934d0fcf562ada5493208f6aa5804947f37b64,main,incremental,32.197458,17735804,797666,3,31.946250000000003
medium,whisper.cpp,updates,50,c6934d0fcf562ada5493208f6aa5804947f37b64,current,incremental,23.5605,17691586,8016990,26,31.946250000000003
medium,whisper.cpp,updates,51,2f608ab4f8a1107f87aa372c7f3d7492e63438fe,main,incremental,29.786958,17735804,1150430,4,49.278792
medium,whisper.cpp,updates,51,2f608ab4f8a1107f87aa372c7f3d7492e63438fe,current,incremental,22.493458,17691586,8369754,27,49.278792
medium,whisper.cpp,updates,52,dbc40efce86f37fad93ecf211d3064f8ac79cff6,current,rebuild,201.684375,17774804,0,1,47.181042
medium,whisper.cpp,updates,52,dbc40efce86f37fad93ecf211d3064f8ac79cff6,main,incremental,32.4465,17735804,1433070,5,47.181042
medium,whisper.cpp,updates,53,f22bb2ea4d96da2bf8cce738805c96c0c805a203,main,incremental,30.297541000000002,17735804,1550864,6,30.199334
medium,whisper.cpp,updates,53,f22bb2ea4d96da2bf8cce738805c96c0c805a203,current,incremental,19.422792,17774804,117794,2,30.199334
medium,whisper.cpp,updates,54,8e54c659b583c1a159f7164f9de338844f30f779,main,incremental,28.902875,17735804,1570169,7,54.284541999999995
medium,whisper.cpp,updates,54,8e54c659b583c1a159f7164f9de338844f30f779,current,incremental,21.649874999999998,17774804,137099,3,54.284541999999995
medium,whisper.cpp,updates,55,5032008bc86f37d62f2fc3a4cbab6131e5dc10c9,current,incremental,19.461833000000002,17774804,293125,4,44.110707999999995
medium,whisper.cpp,updates,55,5032008bc86f37d62f2fc3a4cbab6131e5dc10c9,main,incremental,29.236334,17735804,1726195,8,44.110707999999995
medium,whisper.cpp,updates,56,4f3a2a4b79e32efae8d291cae9322689454be368,main,rebuild,228.267,17783297,0,1,30.840291999999998
medium,whisper.cpp,updates,56,4f3a2a4b79e32efae8d291cae9322689454be368,current,incremental,23.159875,17774804,584601,5,30.840291999999998
medium,whisper.cpp,updates,57,870db2afa1a03001b941b920abb761729ba69f9a,main,incremental,28.880291999999997,17783297,19341,2,49.720583
medium,whisper.cpp,updates,57,870db2afa1a03001b941b920abb761729ba69f9a,current,incremental,20.510917,17774804,603942,6,49.720583
medium,whisper.cpp,updates,58,a245a8f48f4c59bb8da2eaa710d053c726f37c59,current,incremental,18.114291,17774804,775734,7,51.945541
medium,whisper.cpp,updates,58,a245a8f48f4c59bb8da2eaa710d053c726f37c59,main,incremental,31.050792,17783297,191133,3,51.945541
medium,whisper.cpp,updates,59,8cca1a3616d854200a48922966552daf6cff2433,main,incremental,29.8175,17783297,355638,4,30.929709
medium,whisper.cpp,updates,59,8cca1a3616d854200a48922966552daf6cff2433,current,incremental,21.192167,17774804,940239,8,30.929709
medium,whisper.cpp,updates,60,5f07f856c50c0480af1b0fa883f84068a1cd0e7f,main,incremental,29.147709000000003,17783297,375068,5,47.960417
medium,whisper.cpp,updates,60,5f07f856c50c0480af1b0fa883f84068a1cd0e7f,current,incremental,20.772083,17774804,959669,9,47.960417
medium,whisper.cpp,updates,61,408faaafcedc643e8feb77a3b2536a855fcd6549,current,incremental,18.685834,17774804,980054,10,49.354375
medium,whisper.cpp,updates,61,408faaafcedc643e8feb77a3b2536a855fcd6549,main,incremental,28.08225,17783297,395453,6,49.354375
medium,whisper.cpp,updates,62,f162a194754838c2468d1d02600182154ba41a63,main,metadata,25.495708,17783297,375068,5,30.339291
medium,whisper.cpp,updates,62,f162a194754838c2468d1d02600182154ba41a63,current,incremental,17.349208,17774804,995959,11,30.339291
medium,whisper.cpp,updates,63,2c486783abfafacdffbc661f0bba0b31e8994eb7,main,incremental,31.269416,17783297,643215,6,51.2155
medium,whisper.cpp,updates,63,2c486783abfafacdffbc661f0bba0b31e8994eb7,current,incremental,22.75825,17774804,1264106,12,51.2155
medium,whisper.cpp,updates,64,fcc2feee2fee5e6df76847aeaaa5bdb1eead3352,current,incremental,17.446584,17774804,1346643,13,48.412209
medium,whisper.cpp,updates,64,fcc2feee2fee5e6df76847aeaaa5bdb1eead3352,main,incremental,28.680500000000002,17783297,725752,7,48.412209
medium,whisper.cpp,updates,65,c94921f8c6787ee12af882672ed91af9982b91cc,main,incremental,29.406042,17783297,876956,8,30.856417
medium,whisper.cpp,updates,65,c94921f8c6787ee12af882672ed91af9982b91cc,current,incremental,19.714833000000002,17774804,1497847,14,30.856417
medium,whisper.cpp,updates,66,35133c94c5aa00f39ad4d79513c5e57cd6de0cb3,main,rebuild,224.262792,17799321,0,1,47.837416
medium,whisper.cpp,updates,66,35133c94c5aa00f39ad4d79513c5e57cd6de0cb3,current,incremental,36.316833,17774804,2022806,15,47.837416
medium,whisper.cpp,updates,67,d57ae98246c503fad649a8d715ff995b1b867ba6,current,incremental,17.2285,17774804,2078627,16,53.150000000000006
medium,whisper.cpp,updates,67,d57ae98246c503fad649a8d715ff995b1b867ba6,main,incremental,29.610750000000003,17799321,55821,2,53.150000000000006
medium,whisper.cpp,updates,68,a9e58612c5145ba47b101889b3f08386a7f42f23,main,incremental,43.478,17799321,703386,3,30.955582999999997
medium,whisper.cpp,updates,68,a9e58612c5145ba47b101889b3f08386a7f42f23,current,incremental,35.178374999999996,17774804,2726192,17,30.955582999999997
medium,whisper.cpp,updates,69,1c7d35e14af94778e40f92afb727fd9eb159783b,main,incremental,27.407791,17799321,719804,4,49.678875
medium,whisper.cpp,updates,69,1c7d35e14af94778e40f92afb727fd9eb159783b,current,incremental,18.733791,17774804,2742610,18,49.678875
medium,whisper.cpp,updates,70,dc70853ec28bdfc716641111f37cee0fe4bd8a91,current,incremental,23.054374999999997,17774804,3201905,19,55.148709
medium,whisper.cpp,updates,70,dc70853ec28bdfc716641111f37cee0fe4bd8a91,main,incremental,34.68425,17799321,1179099,5,55.148709
medium,whisper.cpp,updates,71,c2b400754bac2de1f4f74bfac9eb33474daa631e,main,incremental,30.402542,17799321,1284443,6,31.871167
medium,whisper.cpp,updates,71,c2b400754bac2de1f4f74bfac9eb33474daa631e,current,incremental,20.858458,17774804,3307249,20,31.871167
medium,whisper.cpp,updates,72,519df618df430b9288cb62de6eb4e5568965526c,main,incremental,34.093833,17799321,1861029,7,50.260667000000005
medium,whisper.cpp,updates,72,519df618df430b9288cb62de6eb4e5568965526c,current,incremental,24.75425,17774804,3883835,21,50.260667000000005
medium,whisper.cpp,updates,73,4d343d7c05c36bc863536cab9d042b96acf0eb9c,current,incremental,19.003249999999998,17774804,3994640,22,52.612666000000004
medium,whisper.cpp,updates,73,4d343d7c05c36bc863536cab9d042b96acf0eb9c,main,incremental,29.575875,17799321,1971834,8,52.612666000000004
medium,whisper.cpp,updates,74,3a1c7d6b6f47efeb69bde410b0003129563fa9f7,main,rebuild,226.26958299999998,17811939,0,1,30.522000000000002
medium,whisper.cpp,updates,74,3a1c7d6b6f47efeb69bde410b0003129563fa9f7,current,incremental,22.70475,17774804,4131171,23,30.522000000000002
medium,whisper.cpp,updates,75,1bdda1e36676acd6f18d004494ab31847a92ae00,main,incremental,29.961374999999997,17811939,19507,2,53.225875
medium,whisper.cpp,updates,75,1bdda1e36676acd6f18d004494ab31847a92ae00,current,incremental,22.326542,17774804,4150678,24,53.225875
medium,whisper.cpp,updates,76,37f0f443d72003a83f1d95a8681ab194a254d7d6,current,incremental,23.196583,17774804,4486413,25,50.141708
medium,whisper.cpp,updates,76,37f0f443d72003a83f1d95a8681ab194a254d7d6,main,incremental,32.339332999999996,17811939,355242,3,50.141708
medium,whisper.cpp,updates,77,e5605697ce4dce019370afae61b7d222f2fb4bbf,main,incremental,33.040917,17811939,589909,4,30.141208
medium,whisper.cpp,updates,77,e5605697ce4dce019370afae61b7d222f2fb4bbf,current,incremental,23.691125,17774804,4721080,26,30.141208
medium,whisper.cpp,updates,78,a704770e3bdcce27c61b2a7695c6885ee79b6432,main,incremental,29.138291,17811939,716838,5,52.342
medium,whisper.cpp,updates,78,a704770e3bdcce27c61b2a7695c6885ee79b6432,current,incremental,24.283791,17774804,4848009,27,52.342
medium,whisper.cpp,updates,79,f24a38605b729b4ab6546ccbde2d9f92d773558f,current,incremental,22.629958,17774804,5139545,28,45.771709
medium,whisper.cpp,updates,79,f24a38605b729b4ab6546ccbde2d9f92d773558f,main,incremental,32.562542,17811939,1008374,6,45.771709
medium,whisper.cpp,updates,80,47d348a2780fd70c8b50906a5c12cf0cc9a1b3fa,main,incremental,44.834083,17811939,1655941,7,32.183166
medium,whisper.cpp,updates,80,47d348a2780fd70c8b50906a5c12cf0cc9a1b3fa,current,incremental,36.21675,17774804,5787112,29,32.183166
medium,whisper.cpp,updates,81,25350b579e7e957b4f005400fe72b40162082b18,main,incremental,32.798708000000005,17811939,1917639,8,48.021
medium,whisper.cpp,updates,81,25350b579e7e957b4f005400fe72b40162082b18,current,incremental,24.57,17774804,6048810,30,48.021
medium,whisper.cpp,updates,82,d55d345e696debc6c8be4899b60c0238e621c792,current,incremental,21.141416,17774804,6205353,31,52.2245
medium,whisper.cpp,updates,82,d55d345e696debc6c8be4899b60c0238e621c792,main,rebuild,221.17279100000002,17824476,0,1,52.2245
medium,whisper.cpp,updates,83,4dd48dde357afef5c208adad869082edf94e70b1,main,incremental,32.226709,17824476,346629,2,29.828625000000002
medium,whisper.cpp,updates,83,4dd48dde357afef5c208adad869082edf94e70b1,current,incremental,24.8495,17774804,6551982,32,29.828625000000002
medium,whisper.cpp,updates,84,0a4a95c86e592a8d2136e3316d2d6496c5033d14,main,incremental,27.721375,17824476,530669,3,51.337666
medium,whisper.cpp,updates,84,0a4a95c86e592a8d2136e3316d2d6496c5033d14,current,incremental,22.468417000000002,17774804,6736022,33,51.337666
medium,whisper.cpp,updates,85,d784add75f41c7487da2b2b5c9ebc224f3b4e289,current,incremental,38.280084,17774804,7572900,34,54.165625
medium,whisper.cpp,updates,85,d784add75f41c7487da2b2b5c9ebc224f3b4e289,main,incremental,47.115958,17824476,1367547,4,54.165625
medium,whisper.cpp,updates,86,36f170e5fe39b566eb2afe1d2ed74b567cd54fc9,main,incremental,34.485875,17824476,1743271,5,32.333958
medium,whisper.cpp,updates,86,36f170e5fe39b566eb2afe1d2ed74b567cd54fc9,current,incremental,26.138958,17774804,7948624,35,32.333958
medium,whisper.cpp,updates,87,d1e0e6491ff3735a09db4b160524e0dd4488a4e4,main,incremental,33.029958,17824476,2104672,6,54.256834
medium,whisper.cpp,updates,87,d1e0e6491ff3735a09db4b160524e0dd4488a4e4,current,incremental,27.115875000000003,17774804,8310025,36,54.256834
medium,whisper.cpp,updates,88,e1bbe405209c6e6836f9416a5df4363fe44cddb0,current,incremental,19.568708,17774804,8361169,37,50.317
medium,whisper.cpp,updates,88,e1bbe405209c6e6836f9416a5df4363fe44cddb0,main,incremental,28.918625,17824476,2155816,7,50.317
medium,whisper.cpp,updates,89,f32e6fa0c8f1a78fafe4a911821e660b76a2c02d,main,incremental,28.436792,17824476,2249209,8,30.553167
medium,whisper.cpp,updates,89,f32e6fa0c8f1a78fafe4a911821e660b76a2c02d,current,rebuild,204.940125,17985643,0,1,30.553167
medium,whisper.cpp,updates,90,1b37beadd76496ed4081998150c2b8a81783b7a0,main,rebuild,227.656709,17986033,0,1,47.354583999999996
medium,whisper.cpp,updates,90,1b37beadd76496ed4081998150c2b8a81783b7a0,current,incremental,20.251833,17985643,38395,2,47.354583999999996
medium,whisper.cpp,updates,91,e2389eb99cf5796659495c0066bb491fb52a354f,current,incremental,19.225334,17985643,288268,3,49.897083
medium,whisper.cpp,updates,91,e2389eb99cf5796659495c0066bb491fb52a354f,main,incremental,30.399708,17986033,249873,2,49.897083
medium,whisper.cpp,updates,92,140e57a4e20af04e8e00930798474a4707f0ee47,main,incremental,32.070375,17986033,579743,3,30.523958
medium,whisper.cpp,updates,92,140e57a4e20af04e8e00930798474a4707f0ee47,current,incremental,22.534834,17985643,618138,4,30.523958
medium,whisper.cpp,updates,93,11d4eec830119e58f880df52df97f63a3a26f6c5,main,incremental,30.74,17986033,599250,4,53.625916000000004
medium,whisper.cpp,updates,93,11d4eec830119e58f880df52df97f63a3a26f6c5,current,incremental,20.87125,17985643,637645,5,53.625916000000004
medium,whisper.cpp,updates,94,a937f4e8efba28c0da4187617434676572355107,current,incremental,17.121707999999998,17985643,694794,6,50.469834
medium,whisper.cpp,updates,94,a937f4e8efba28c0da4187617434676572355107,main,incremental,29.989459,17986033,656399,5,50.469834
medium,whisper.cpp,updates,95,52a939a2a762224e255d366c1182b2af4dd1a032,main,incremental,27.812791,17986033,656871,6,31.000957999999997
medium,whisper.cpp,updates,95,52a939a2a762224e255d366c1182b2af4dd1a032,current,incremental,19.321416,17985643,695266,7,31.000957999999997
medium,whisper.cpp,updates,96,61e6ccade0849f0f518c6decd1f25b3f9fb77b76,main,incremental,28.397208,17986033,762181,7,51.192792000000004
medium,whisper.cpp,updates,96,61e6ccade0849f0f518c6decd1f25b3f9fb77b76,current,incremental,20.660791,17985643,800576,8,51.192792000000004
medium,whisper.cpp,updates,97,79f2d921129284a850f654c6ff80ba6cfdeda16f,current,incremental,16.846875,17985643,830822,9,45.729042
medium,whisper.cpp,updates,97,79f2d921129284a850f654c6ff80ba6cfdeda16f,main,incremental,29.727041999999997,17986033,792427,8,45.729042
medium,whisper.cpp,updates,98,cec4dbe5d5a18b0c1b15a7e9c526c35bd8d46a96,main,rebuild,225.762833,17986659,0,1,32.09625
medium,whisper.cpp,updates,98,cec4dbe5d5a18b0c1b15a7e9c526c35bd8d46a96,current,incremental,18.634874999999997,17985643,835874,10,32.09625
medium,whisper.cpp,updates,99,6d0ed914991cac42ace012a05588880801831343,main,incremental,33.452458,17986659,348701,2,53.483999999999995
medium,whisper.cpp,updates,99,6d0ed914991cac42ace012a05588880801831343,current,incremental,24.883625,17985643,1184575,11,53.483999999999995
medium,whisper.cpp,updates,100,c44b60b8053bbf2a5c1e014f11323fb3f2485177,current,incremental,23.275125,17985643,1533281,12,53.835415999999995
medium,whisper.cpp,updates,100,c44b60b8053bbf2a5c1e014f11323fb3f2485177,main,incremental,34.150417000000004,17986659,697407,3,53.835415999999995
medium,whisper.cpp,rollbacks,99,6d0ed914991cac42ace012a05588880801831343,main,metadata,25.866459000000003,17986659,348701,2,53.70975
medium,whisper.cpp,rollbacks,99,6d0ed914991cac42ace012a05588880801831343,current,incremental,23.895833,17985643,1881982,13,53.70975
medium,whisper.cpp,rollbacks,50,c6934d0fcf562ada5493208f6aa5804947f37b64,current,incremental,60.21775,17985643,5565132,14,54.623083
medium,whisper.cpp,rollbacks,50,c6934d0fcf562ada5493208f6aa5804947f37b64,main,metadata,25.694042,17735804,797666,3,54.623083
medium,whisper.cpp,rollbacks,0,5271734e0e4e1761c601dc4fcf41a877e22d3a80,main,metadata,26.492915999999997,17581400,0,1,32.17625
medium,whisper.cpp,rollbacks,0,5271734e0e4e1761c601dc4fcf41a877e22d3a80,current,rebuild,240.33874999999998,17581400,0,1,32.17625
medium,whisper.cpp,rollbacks,100,c44b60b8053bbf2a5c1e014f11323fb3f2485177,main,metadata,24.988584,17986659,697407,3,53.361208
medium,whisper.cpp,rollbacks,100,c44b60b8053bbf2a5c1e014f11323fb3f2485177,current,incremental,76.86791699999999,17581400,5535285,2,53.361208
large,vLLM,updates,1,4ae6228284c4e9776f62d0867f543e621864176c,current,incremental,57.981167,63384504,154330,2,166.764209
large,vLLM,updates,1,4ae6228284c4e9776f62d0867f543e621864176c,main,incremental,74.287458,63384504,154330,2,166.764209
large,vLLM,updates,2,da8ec2826898d47bd2fb424bc607052a6dc515c1,main,incremental,76.870834,63384504,407190,3,95.724333
large,vLLM,updates,2,da8ec2826898d47bd2fb424bc607052a6dc515c1,current,incremental,64.954667,63384504,407190,3,95.724333
large,vLLM,updates,3,98ed0856f31fa3aaf5e27464e2b4ef5a8ee6b2f5,main,incremental,105.359583,63384504,3963633,4,166.727583
large,vLLM,updates,3,98ed0856f31fa3aaf5e27464e2b4ef5a8ee6b2f5,current,incremental,96.40112500000001,63384504,3963633,4,166.727583
large,vLLM,updates,4,d410fc12f30b4224fca71a2faca75dcd4a5c3557,current,incremental,55.31875,63384504,4050850,5,170.29325
large,vLLM,updates,4,d410fc12f30b4224fca71a2faca75dcd4a5c3557,main,incremental,76.38758299999999,63384504,4050850,5,170.29325
large,vLLM,updates,5,d4d703caf908786416585ceb1f369e2e0363358b,main,incremental,73.553917,63384504,4199136,6,94.938583
large,vLLM,updates,5,d4d703caf908786416585ceb1f369e2e0363358b,current,incremental,64.871458,63384504,4199136,6,94.938583
large,vLLM,updates,6,b7624069ff023043b39ba4ea67ae5f6045556819,main,incremental,74.650708,63384504,4376698,7,168.49575
large,vLLM,updates,6,b7624069ff023043b39ba4ea67ae5f6045556819,current,incremental,60.977542,63384504,4376698,7,168.49575
large,vLLM,updates,7,8bf39632b86df21fa9bfbb470ce8305bf67a5838,current,incremental,60.384750000000004,63384504,4556945,8,162.81716600000001
large,vLLM,updates,7,8bf39632b86df21fa9bfbb470ce8305bf67a5838,main,incremental,77.241708,63384504,4556945,8,162.81716600000001
large,vLLM,updates,8,21a22110404d98dcab5f51cd90e9acb0acc15e47,main,rebuild,837.074458,63861305,0,1,95.452292
large,vLLM,updates,8,21a22110404d98dcab5f51cd90e9acb0acc15e47,current,incremental,67.973291,63384504,4885810,9,95.452292
large,vLLM,updates,9,2db1c4dc31c58bc4fd1f5fc48dbfceebc598e502,main,incremental,78.958375,63861305,423768,2,169.623334
large,vLLM,updates,9,2db1c4dc31c58bc4fd1f5fc48dbfceebc598e502,current,middle_merge,76.213959,63384504,5226976,7,169.623334
large,vLLM,updates,10,fc8f10792c59011447b56b41d4c8b1048673e939,current,incremental,59.67975,63384504,5310521,8,155.701292
large,vLLM,updates,10,fc8f10792c59011447b56b41d4c8b1048673e939,main,incremental,74.76629199999999,63861305,507313,3,155.701292
large,vLLM,updates,11,2a336d8239d00565a99752cfa248f2326e2ac8aa,main,incremental,77.91166600000001,63861305,799383,4,94.125
large,vLLM,updates,11,2a336d8239d00565a99752cfa248f2326e2ac8aa,current,incremental,62.201167,63384504,5602591,9,94.125
large,vLLM,updates,12,cee0f92c02112ace7120da45896d27e0fe95ea1e,main,incremental,77.59295900000001,63861305,1151849,5,161.86445799999998
large,vLLM,updates,12,cee0f92c02112ace7120da45896d27e0fe95ea1e,current,middle_merge,76.171625,63384504,5846679,7,161.86445799999998
large,vLLM,updates,13,e41011129bd54c9e8e12b645ea9b964027d2363f,current,incremental,59.306167,63384504,6020926,8,163.504459
large,vLLM,updates,13,e41011129bd54c9e8e12b645ea9b964027d2363f,main,incremental,73.31520800000001,63861305,1326096,6,163.504459
large,vLLM,updates,14,6fdee17f849b1aad5b4d88ff13b475d2e73d8c1a,main,incremental,73.66241699999999,63861305,1393585,7,96.179
large,vLLM,updates,14,6fdee17f849b1aad5b4d88ff13b475d2e73d8c1a,current,incremental,65.76941599999999,63384504,6088415,9,96.179
large,vLLM,updates,15,c7e6e36fa93a5b8cb95b74fa96e4abdf2f0be51d,main,incremental,74.835708,63861305,1550857,8,159.066167
large,vLLM,updates,15,c7e6e36fa93a5b8cb95b74fa96e4abdf2f0be51d,current,middle_merge,72.532417,63384504,6211167,8,159.066167
large,vLLM,updates,16,9509fc8ae61a8eb871a984e759a6d228c930df80,current,incremental,60.965167,63384504,6327374,9,167.2905
large,vLLM,updates,16,9509fc8ae61a8eb871a984e759a6d228c930df80,main,rebuild,836.308166,63921885,0,1,167.2905
large,vLLM,updates,17,bc2ee480738d7dcc558262a0c6d81956b515b050,main,incremental,75.003959,63921885,20757,2,96.945583
large,vLLM,updates,17,bc2ee480738d7dcc558262a0c6d81956b515b050,current,middle_merge,77.865291,63384504,6188117,7,96.945583
large,vLLM,updates,18,579aef4e8dfa2c9d498a702dd04c5ec5db333266,main,incremental,72.86520900000001,63921885,149819,3,160.789458
large,vLLM,updates,18,579aef4e8dfa2c9d498a702dd04c5ec5db333266,current,incremental,63.174499999999995,63384504,6317179,8,160.789458
large,vLLM,updates,19,d6bce42983bc0b2095ad6422dbf1399e219ae572,current,incremental,63.674584,63384504,6712345,9,158.641292
large,vLLM,updates,19,d6bce42983bc0b2095ad6422dbf1399e219ae572,main,incremental,75.05758399999999,63921885,544985,4,158.641292
large,vLLM,updates,20,560ef78bfe734ea894f8a866e50406574021b9f5,main,incremental,80.40558300000001,63921885,1212871,5,95.2025
large,vLLM,updates,20,560ef78bfe734ea894f8a866e50406574021b9f5,current,middle_merge,86.92420800000001,63384504,7100267,7,95.2025
large,vLLM,updates,21,19c018ec05a3be91e2246be6b6f98971e00d6a1c,main,incremental,75.335916,63921885,1330103,6,163.35925
large,vLLM,updates,21,19c018ec05a3be91e2246be6b6f98971e00d6a1c,current,incremental,62.013625000000005,63384504,7217499,8,163.35925
large,vLLM,updates,22,d9e2b5238d4a42341db3374226890a801357c646,current,incremental,60.58475,63384504,7507017,9,156.518542
large,vLLM,updates,22,d9e2b5238d4a42341db3374226890a801357c646,main,incremental,80.3835,63921885,1619621,7,156.518542
large,vLLM,updates,23,7dc30f5a663d1d3fcadf73ffd297682b56a69197,main,incremental,77.44479199999999,63921885,1692067,8,95.549791
large,vLLM,updates,23,7dc30f5a663d1d3fcadf73ffd297682b56a69197,current,middle_merge,72.487709,63384504,7575780,9,95.549791
large,vLLM,updates,24,25268f0c9c173aa6557a3eebf7d7a87fa91fec3a,main,rebuild,839.288958,63948998,0,1,148.178666
large,vLLM,updates,24,25268f0c9c173aa6557a3eebf7d7a87fa91fec3a,current,middle_merge,79.00075,63384504,8020497,8,148.178666
large,vLLM,updates,25,a26b71d868102dea759d469eaf6f08be0765d831,current,incremental,65.524792,63384504,8418989,9,160.13012500000002
large,vLLM,updates,25,a26b71d868102dea759d469eaf6f08be0765d831,main,incremental,80.077333,63948998,398492,2,160.13012500000002
large,vLLM,updates,26,69cf055936066779cbd54c237739e9ac657ed86b,main,incremental,76.029958,63948998,430424,3,92.3575
large,vLLM,updates,26,69cf055936066779cbd54c237739e9ac657ed86b,current,middle_merge,84.957209,63384504,7906200,7,92.3575
large,vLLM,updates,27,8a0a7ee40a5915dd7330c8f6e6c58ca565566471,main,incremental,78.613916,63948998,868362,4,159.74966700000002
large,vLLM,updates,27,8a0a7ee40a5915dd7330c8f6e6c58ca565566471,current,incremental,67.111084,63384504,8344138,8,159.74966700000002
large,vLLM,updates,28,156050598eea0bb1124b9c106b22ba4a8c56f82a,current,incremental,58.2115,63384504,8446335,9,156.06475
large,vLLM,updates,28,156050598eea0bb1124b9c106b22ba4a8c56f82a,main,incremental,75.774417,63948998,970559,5,156.06475
large,vLLM,updates,29,e35298628fceb490d4ca2a21c0a6e8f63d3c6740,main,incremental,75.231917,63948998,1056871,6,92.77449999999999
large,vLLM,updates,29,e35298628fceb490d4ca2a21c0a6e8f63d3c6740,current,middle_merge,70.156125,63384504,8516435,8,92.77449999999999
large,vLLM,updates,30,78300cdabffbaaffe7625ed34412ec2aec75535c,main,incremental,73.15279199999999,63948998,1164403,7,157.38975
large,vLLM,updates,30,78300cdabffbaaffe7625ed34412ec2aec75535c,current,incremental,64.679792,63384504,8623786,9,157.38975
large,vLLM,updates,31,da55494a125979ffc9d4c1f17d593175cb076bf4,current,middle_merge,72.29675,63384504,8748603,8,154.08629200000001
large,vLLM,updates,31,da55494a125979ffc9d4c1f17d593175cb076bf4,main,incremental,78.17341599999999,63948998,1341282,8,154.08629200000001
large,vLLM,updates,32,8a728663c1c3eeace834a95f5654fa653cc1998c,main,rebuild,843.56475,64060610,0,1,94.588542
large,vLLM,updates,32,8a728663c1c3eeace834a95f5654fa653cc1998c,current,incremental,60.891542,63384504,8900647,9,94.588542
large,vLLM,updates,33,ae2d1ca96fa2a98f92c775acfe8a154748495a27,main,incremental,79.835375,64060610,599053,2,149.385584
large,vLLM,updates,33,ae2d1ca96fa2a98f92c775acfe8a154748495a27,current,middle_merge,90.72566599999999,63384504,9225899,7,149.385584
large,vLLM,updates,34,e862c2f45bc81c72bb84f3807d88d60cfb93d694,current,incremental,60.76025,63384504,9321074,8,157.418584
large,vLLM,updates,34,e862c2f45bc81c72bb84f3807d88d60cfb93d694,main,incremental,74.737084,64060610,694228,3,157.418584
large,vLLM,updates,35,29af8bd672d5a780abd7399c0cc624078202e89d,main,incremental,75.702667,64060610,729111,4,93.47775
large,vLLM,updates,35,29af8bd672d5a780abd7399c0cc624078202e89d,current,incremental,66.665125,63384504,9355957,9,93.47775
large,vLLM,updates,36,8f816a3f665489d7f0d222115d4f72ebab01076b,main,incremental,74.771792,64060610,942400,5,166.00075
large,vLLM,updates,36,8f816a3f665489d7f0d222115d4f72ebab01076b,current,middle_merge,73.260958,63384504,9563427,9,166.00075
large,vLLM,updates,37,a5c9179e731e8d2ec7e03485a3ab0754a5a27182,current,middle_merge,69.669417,63384504,9676987,8,163.36337500000002
large,vLLM,updates,37,a5c9179e731e8d2ec7e03485a3ab0754a5a27182,main,incremental,73.034375,64060610,1118882,6,163.36337500000002
large,vLLM,updates,38,a8693df504404ea0288e480165143d8a216f4220,main,incremental,78.43858300000001,64060610,1135649,7,166.85875
large,vLLM,updates,38,a8693df504404ea0288e480165143d8a216f4220,current,incremental,62.367375,63384504,9693754,9,166.85875
large,vLLM,updates,39,605ca45b917ac0614958c63851c31a3f1c82e20d,main,incremental,74.795916,64060610,1167218,8,162.074666
large,vLLM,updates,39,605ca45b917ac0614958c63851c31a3f1c82e20d,current,middle_merge,66.570542,63384504,9721132,9,162.074666
large,vLLM,updates,40,9cd956c7e6cf54efa366b803cafa15ec6c2df827,current,middle_merge,68.61275,63384504,9752489,9,161.653834
large,vLLM,updates,40,9cd956c7e6cf54efa366b803cafa15ec6c2df827,main,rebuild,857.592833,64078865,0,1,161.653834
large,vLLM,updates,41,fd4a1512628ad17944095263c1fe89598710a3ce,main,incremental,75.395167,64078865,141122,2,96.2555
large,vLLM,updates,41,fd4a1512628ad17944095263c1fe89598710a3ce,current,middle_merge,70.707958,63384504,9878979,9,96.2555
large,vLLM,updates,42,3ff4f02dfe69abc1a0375d1ea8d8d5cb25609fcc,main,incremental,77.358583,64078865,214753,3,181.70566599999998
large,vLLM,updates,42,3ff4f02dfe69abc1a0375d1ea8d8d5cb25609fcc,current,middle_merge,72.88820899999999,63384504,9924426,9,181.70566599999998
large,vLLM,updates,43,c615b1fd67f5b149c75aea592de8e563cb0c2da9,current,middle_merge,88.676709,63384504,9917787,7,160.487375
large,vLLM,updates,43,c615b1fd67f5b149c75aea592de8e563cb0c2da9,main,incremental,77.52000000000001,64078865,768728,4,160.487375
large,vLLM,updates,44,8b6de0eb9a09ef53f20cf06bd4d17ee264b9c2a7,main,incremental,75.24745800000001,64078865,943063,5,94.861791
large,vLLM,updates,44,8b6de0eb9a09ef53f20cf06bd4d17ee264b9c2a7,current,incremental,64.58574999999999,63384504,10092122,8,94.861791
large,vLLM,updates,45,8340fe1bb99c187ebec08ad03bbe0d06b45d1d40,main,incremental,73.211208,64078865,1053415,6,159.860375
large,vLLM,updates,45,8340fe1bb99c187ebec08ad03bbe0d06b45d1d40,current,incremental,63.533542,63384504,10202474,9,159.860375
large,vLLM,updates,46,31a8a266622781917cef482d01db415cfa3cbd92,current,middle_merge,71.240792,63384504,10359438,8,164.608417
large,vLLM,updates,46,31a8a266622781917cef482d01db415cfa3cbd92,main,incremental,77.912083,64078865,1266184,7,164.608417
large,vLLM,updates,47,07ee97e0230e0ff8759cdc95a1bb09ba2e462720,main,incremental,77.89425,64078865,1292844,8,95.475167
large,vLLM,updates,47,07ee97e0230e0ff8759cdc95a1bb09ba2e462720,current,incremental,62.317584000000004,63384504,10386098,9,95.475167
large,vLLM,updates,48,a69e75b9b6d6a26d90b6790e2eb75b3419a47c16,main,rebuild,840.919792,64157941,0,1,165.88412499999998
large,vLLM,updates,48,a69e75b9b6d6a26d90b6790e2eb75b3419a47c16,current,middle_merge,97.57329200000001,63384504,10215937,7,165.88412499999998
large,vLLM,updates,49,a85d0738da311ce4ad5814787e61a12826e232df,current,incremental,57.701375,63384504,10285412,8,164.89624999999998
large,vLLM,updates,49,a85d0738da311ce4ad5814787e61a12826e232df,main,incremental,74.0595,64157941,69475,2,164.89624999999998
large,vLLM,updates,50,f19431e5c8634cd0d1641d3f7f4a01043f0eddab,main,incremental,75.584,64157941,143374,3,95.71054199999999
large,vLLM,updates,50,f19431e5c8634cd0d1641d3f7f4a01043f0eddab,current,incremental,59.869291999999994,63384504,10359311,9,95.71054199999999
large,vLLM,updates,51,5e729d84eb4c91411172f2245c37cf05579ea5b9,main,incremental,73.644,64157941,260356,4,164.081375
large,vLLM,updates,51,5e729d84eb4c91411172f2245c37cf05579ea5b9,current,middle_merge,73.98858299999999,63384504,10461689,8,164.081375
large,vLLM,updates,52,131e0285f60faad78a13ae79573b7b38ddb52a85,current,incremental,55.778458,63384504,10482721,9,159.538667
large,vLLM,updates,52,131e0285f60faad78a13ae79573b7b38ddb52a85,main,incremental,75.525459,64157941,281388,5,159.538667
large,vLLM,updates,53,6a039f465e3770192085e551f642c7a218797d2d,main,incremental,73.801417,64157941,495550,6,95.6045
large,vLLM,updates,53,6a039f465e3770192085e551f642c7a218797d2d,current,middle_merge,77.734458,63384504,10649302,8,95.6045
large,vLLM,updates,54,99a1ab8e4c9fa21cafdd460ac826a445052ac1eb,main,incremental,77.148083,64157941,555809,7,172.692625
large,vLLM,updates,54,99a1ab8e4c9fa21cafdd460ac826a445052ac1eb,current,incremental,63.197624999999995,63384504,10709561,9,172.692625
large,vLLM,updates,55,8ad2076c4a0e2a7e5ccf5b11455f737430ad12db,current,middle_merge,70.042542,63384504,11216252,9,168.647333
large,vLLM,updates,55,8ad2076c4a0e2a7e5ccf5b11455f737430ad12db,main,incremental,77.781917,64157941,1066127,8,168.647333
large,vLLM,updates,56,761c5861e34edb52c290e3171feb3763732ba8ca,main,rebuild,848.2237500000001,64195838,0,1,97.29525
large,vLLM,updates,56,761c5861e34edb52c290e3171feb3763732ba8ca,current,middle_merge,75.705583,63384504,11385138,9,97.29525
large,vLLM,updates,57,1ff5edb02327583cd9c88f6bda3c485dbd504938,main,incremental,72.91825,64195838,24930,2,166.828333
large,vLLM,updates,57,1ff5edb02327583cd9c88f6bda3c485dbd504938,current,middle_merge,76.931417,63384504,11261490,8,166.828333
large,vLLM,updates,58,8cd95f7de70df6ff15002168a048891c708428fd,current,incremental,62.751209,63384504,11524837,9,157.592625
large,vLLM,updates,58,8cd95f7de70df6ff15002168a048891c708428fd,main,incremental,74.81341699999999,64195838,288277,3,157.592625
large,vLLM,updates,59,701a7444909d1ef1521f71abca56ed3448cc89fb,main,incremental,76.56170800000001,64195838,306190,4,96.447041
large,vLLM,updates,59,701a7444909d1ef1521f71abca56ed3448cc89fb,current,middle_merge,70.63254099999999,63384504,11540975,9,96.447041
large,vLLM,updates,60,a11dfcff8921247c119b9356ae1c4bbd3a7f7f57,main,incremental,74.198708,64195838,331101,5,169.50275000000002
large,vLLM,updates,60,a11dfcff8921247c119b9356ae1c4bbd3a7f7f57,current,middle_merge,68.181625,63384504,11562609,9,169.50275000000002
large,vLLM,updates,61,5690b02c03832a4ac3af231d3ecebe649c188095,current,middle_merge,85.393167,63384504,12134708,8,166.77520800000002
large,vLLM,updates,61,5690b02c03832a4ac3af231d3ecebe649c188095,main,incremental,81.653084,64195838,1155475,6,166.77520800000002
large,vLLM,updates,62,25240513856e9aca9b07e9381f2a4513b6954bd8,main,incremental,74.952333,64195838,1183496,7,93.836708
large,vLLM,updates,62,25240513856e9aca9b07e9381f2a4513b6954bd8,current,incremental,60.998917,63384504,12162729,9,93.836708
large,vLLM,updates,63,3284af6bf1be8429c332bd5fafba579c2d7557da,main,incremental,78.342208,64195838,1332426,8,162.466375
large,vLLM,updates,63,3284af6bf1be8429c332bd5fafba579c2d7557da,current,middle_merge,69.96325,63384504,12306889,9,162.466375
large,vLLM,updates,64,c81ace18596f75660bbc04efc2075a5f17a76791,current,middle_merge,66.587666,63384504,12324927,8,168.951291
large,vLLM,updates,64,c81ace18596f75660bbc04efc2075a5f17a76791,main,rebuild,847.370583,64214568,0,1,168.951291
large,vLLM,updates,65,5093e4844a75f279d1921d7e34ccd23d68529f27,main,incremental,76.200708,64214568,67922,2,90.21829100000001
large,vLLM,updates,65,5093e4844a75f279d1921d7e34ccd23d68529f27,current,incremental,62.595665999999994,63384504,12392849,9,90.21829100000001
large,vLLM,updates,66,784cac7c424db2f2fdc879b672abad7e231f5698,main,incremental,77.81320799999999,64214568,453780,3,158.40875
large,vLLM,updates,66,784cac7c424db2f2fdc879b672abad7e231f5698,current,middle_merge,76.83800000000001,63384504,12760309,9,158.40875
large,vLLM,updates,67,3f41d102c5b8636f7206a5fd5949dd8ae0b30a0d,current,middle_merge,86.017292,63384504,13298537,8,159.227792
large,vLLM,updates,67,3f41d102c5b8636f7206a5fd5949dd8ae0b30a0d,main,incremental,80.651208,64214568,1184501,4,159.227792
large,vLLM,updates,68,8f269a93bbcca6e2737616d76365a5ac771c4d27,main,incremental,78.01454100000001,64214568,1489215,5,98.05737500000001
large,vLLM,updates,68,8f269a93bbcca6e2737616d76365a5ac771c4d27,current,incremental,63.172833,63384504,13603251,9,98.05737500000001
large,vLLM,updates,69,685074cd61d6b8432575d11b38341559992cf9dd,main,incremental,77.868958,64214568,1833728,6,149.829667
large,vLLM,updates,69,685074cd61d6b8432575d11b38341559992cf9dd,current,middle_merge,75.985125,63384504,13898746,9,149.829667
large,vLLM,updates,70,eb74fbb3e7f0a917e93fff90ef68da23dbd2b34b,current,middle_merge,96.250083,63384504,13394269,7,157.069667
large,vLLM,updates,70,eb74fbb3e7f0a917e93fff90ef68da23dbd2b34b,main,incremental,79.871,64214568,2200141,7,157.069667
large,vLLM,updates,71,874df9373dab532543a0229fb2f144f7c14093ae,main,incremental,76.637709,64214568,2277415,8,95.204667
large,vLLM,updates,71,874df9373dab532543a0229fb2f144f7c14093ae,current,incremental,63.84245800000001,63384504,13471543,8,95.204667
large,vLLM,updates,72,8277c42e4c74c5dd604f29b6d938a3456658f247,main,rebuild,860.228375,64266602,0,1,158.069667
large,vLLM,updates,72,8277c42e4c74c5dd604f29b6d938a3456658f247,current,incremental,85.419042,63384504,14824600,9,158.069667
large,vLLM,updates,73,6cbb3c154ef1449d2b3c9131a237f36faa695734,current,middle_merge,66.762291,63384504,14906139,9,161.192417
large,vLLM,updates,73,6cbb3c154ef1449d2b3c9131a237f36faa695734,main,incremental,76.064542,64266602,106945,2,161.192417
large,vLLM,updates,74,385ba6b5b003238e559d9c1f18e0f1984320ee61,main,incremental,77.114041,64266602,543381,3,95.443625
large,vLLM,updates,74,385ba6b5b003238e559d9c1f18e0f1984320ee61,current,middle_merge,79.85529199999999,63384504,15299390,9,95.443625
large,vLLM,updates,75,16328c7a775ff20d17d9750096a094e8cf2b45f2,main,incremental,78.780291,64266602,991290,4,154.849417
large,vLLM,updates,75,16328c7a775ff20d17d9750096a094e8cf2b45f2,current,middle_merge,105.692042,63384504,14862130,7,154.849417
large,vLLM,updates,76,a7f9be9612861d6425738dd0ba1c7fd5805e6c95,current,incremental,62.515125000000005,63384504,15033872,8,157.315333
large,vLLM,updates,76,a7f9be9612861d6425738dd0ba1c7fd5805e6c95,main,incremental,77.19145800000001,64266602,1163032,5,157.315333
large,vLLM,updates,77,ea5f41edd7f157a7c24bc86b59d8ae3b55b6dcf5,main,incremental,76.08095900000001,64266602,1244469,6,96.75366700000001
large,vLLM,updates,77,ea5f41edd7f157a7c24bc86b59d8ae3b55b6dcf5,current,incremental,63.261250000000004,63384504,15115309,9,96.75366700000001
large,vLLM,updates,78,d4ef5e53fcfd5ffa47f213121c7f181468120d8b,main,incremental,76.69404200000001,64266602,1360911,7,162.455917
large,vLLM,updates,78,d4ef5e53fcfd5ffa47f213121c7f181468120d8b,current,middle_merge,76.339583,63384504,15102995,8,162.455917
large,vLLM,updates,79,d87a440f88e28e5b37f9b1e22ce214d0426d5352,current,base_merge,885.153542,64303679,0,1,160.976167
large,vLLM,updates,79,d87a440f88e28e5b37f9b1e22ce214d0426d5352,main,incremental,83.78875,64266602,2281370,8,160.976167
large,vLLM,updates,80,4ee2595512c830b2a0566bbaa9815cf617694171,main,rebuild,866.20675,64282456,0,1,95.214291
large,vLLM,updates,80,4ee2595512c830b2a0566bbaa9815cf617694171,current,incremental,66.909625,64303679,22857,2,95.214291
large,vLLM,updates,81,e962733e08d10f7ca65dac4df99e116460b8b174,main,incremental,77.844292,64282456,234574,2,156.76654200000002
large,vLLM,updates,81,e962733e08d10f7ca65dac4df99e116460b8b174,current,incremental,70.894584,64303679,257431,3,156.76654200000002
large,vLLM,updates,82,8369affa5428ca29a30f378d660fbffbad12e240,current,incremental,60.684374999999996,64303679,375601,4,151.827875
large,vLLM,updates,82,8369affa5428ca29a30f378d660fbffbad12e240,main,incremental,74.770792,64282456,352744,3,151.827875
large,vLLM,updates,83,32601ef7a1ce8aaa6d777778435ec499248906fb,main,incremental,77.726084,64282456,455581,4,95.824792
large,vLLM,updates,83,32601ef7a1ce8aaa6d777778435ec499248906fb,current,incremental,62.748791,64303679,478438,5,95.824792
large,vLLM,updates,84,e473e9036f979d546830aece9855027049faf0ba,main,incremental,74.41933300000001,64282456,702209,5,161.276917
large,vLLM,updates,84,e473e9036f979d546830aece9855027049faf0ba,current,incremental,70.3505,64303679,725066,6,161.276917
large,vLLM,updates,85,2902ca17e335457a0fa214638936d154907a2e18,current,incremental,61.245667,64303679,911409,7,156.799792
large,vLLM,updates,85,2902ca17e335457a0fa214638936d154907a2e18,main,incremental,76.760667,64282456,888552,6,156.799792
large,vLLM,updates,86,7fbd44cbe0a90b9c8fd3a94a0f0401ac4b1bc719,main,incremental,76.89825,64282456,972835,7,95.20812500000001
large,vLLM,updates,86,7fbd44cbe0a90b9c8fd3a94a0f0401ac4b1bc719,current,incremental,66.44254099999999,64303679,995692,8,95.20812500000001
large,vLLM,updates,87,bc96d76aa9946f3af81fabe508ae396088974b98,main,incremental,73.66262499999999,64282456,1010441,8,161.767
large,vLLM,updates,87,bc96d76aa9946f3af81fabe508ae396088974b98,current,incremental,58.209708,64303679,1033298,9,161.767
large,vLLM,updates,88,28e605fb330093fee5a2b98aebc19d9c268c1822,current,middle_merge,67.068917,64303679,1158574,8,161.959291
large,vLLM,updates,88,28e605fb330093fee5a2b98aebc19d9c268c1822,main,rebuild,867.763083,64286063,0,1,161.959291
large,vLLM,updates,89,52bc900d930c279743ef62a27b65c6ff42f1453a,main,incremental,74.779042,64286063,112957,2,96.985417
large,vLLM,updates,89,52bc900d930c279743ef62a27b65c6ff42f1453a,current,incremental,62.813834,64303679,1271531,9,96.985417
large,vLLM,updates,90,7985444339e2ad7e249b88a50081e16e34637dfd,main,incremental,74.455459,64286063,184401,3,166.09650000000002
large,vLLM,updates,90,7985444339e2ad7e249b88a50081e16e34637dfd,current,middle_merge,74.239041,64303679,1292211,7,166.09650000000002
large,vLLM,updates,91,f4eccdadefc6501fafeb1a0bf7f171ff24f984b0,current,incremental,59.551292,64303679,1434592,8,164.667209
large,vLLM,updates,91,f4eccdadefc6501fafeb1a0bf7f171ff24f984b0,main,incremental,74.030625,64286063,326782,4,164.667209
large,vLLM,updates,92,039ea82660621a9668c7d7e81c7144b6f2f75011,main,incremental,77.839917,64286063,773057,5,95.134875
large,vLLM,updates,92,039ea82660621a9668c7d7e81c7144b6f2f75011,current,incremental,67.440625,64303679,1880867,9,95.134875
large,vLLM,updates,93,1c344ed41e1e3bd44d5836fbcf5ddceb56ef5ab9,main,incremental,78.00979199999999,64286063,1185697,6,168.705042
large,vLLM,updates,93,1c344ed41e1e3bd44d5836fbcf5ddceb56ef5ab9,current,middle_merge,75.771958,64303679,2205072,7,168.705042
large,vLLM,updates,94,f2e2936f91a794513af74d009286c69e3fb2592b,current,incremental,55.914166,64303679,2207676,8,166.229375
large,vLLM,updates,94,f2e2936f91a794513af74d009286c69e3fb2592b,main,incremental,75.37487499999999,64286063,1188301,7,166.229375
large,vLLM,updates,95,1970f3ed4be7fa8620e4ddc4a12c36a8384cfc27,main,incremental,74.287333,64286063,1258983,8,96.376417
large,vLLM,updates,95,1970f3ed4be7fa8620e4ddc4a12c36a8384cfc27,current,incremental,62.220125,64303679,2278358,9,96.376417
large,vLLM,updates,96,144e79c8106da23141ac010394b782f730cc7fe8,main,rebuild,860.848166,64342278,0,1,163.964584
large,vLLM,updates,96,144e79c8106da23141ac010394b782f730cc7fe8,current,middle_merge,87.073125,64303679,2912564,8,163.964584
large,vLLM,updates,97,a1541f5742a29864a80087af313ad460066a1524,current,incremental,56.564667,64303679,2961250,9,161.040083
large,vLLM,updates,97,a1541f5742a29864a80087af313ad460066a1524,main,incremental,76.38208300000001,64342278,48686,2,161.040083
large,vLLM,updates,98,9afb878a55eb08fd064dfaab56afd8447e97101e,main,incremental,75.361875,64342278,101172,3,96.17349999999999
large,vLLM,updates,98,9afb878a55eb08fd064dfaab56afd8447e97101e,current,middle_merge,72.312542,64303679,3008352,9,96.17349999999999
large,vLLM,updates,99,dd0760165c17fdf750b1aa8e2a26ac885eafd598,main,incremental,76.26625,64342278,189959,4,165.44679200000002
large,vLLM,updates,99,dd0760165c17fdf750b1aa8e2a26ac885eafd598,current,middle_merge,76.532875,64303679,3042329,8,165.44679200000002
large,vLLM,updates,100,569adb5a9780f9c02d22a6b29826acf711512356,current,incremental,63.62775,64303679,3542546,9,170.37670799999998
large,vLLM,updates,100,569adb5a9780f9c02d22a6b29826acf711512356,main,incremental,79.819959,64342278,690176,5,170.37670799999998
large,vLLM,rollbacks,99,dd0760165c17fdf750b1aa8e2a26ac885eafd598,main,metadata,66.574625,64342278,189959,4,169.328333
large,vLLM,rollbacks,99,dd0760165c17fdf750b1aa8e2a26ac885eafd598,current,incremental,61.524667,64303679,3533886,9,169.328333
large,vLLM,rollbacks,50,f19431e5c8634cd0d1641d3f7f4a01043f0eddab,current,incremental,119.99808300000001,64303679,6592216,3,159.633583
large,vLLM,rollbacks,50,f19431e5c8634cd0d1641d3f7f4a01043f0eddab,main,metadata,71.073875,64157941,143374,3,159.633583
large,vLLM,rollbacks,0,e55b93f2969d76b854eae158b6d17baea757d3e8,main,metadata,69.301875,63384504,0,1,158.028375
large,vLLM,rollbacks,0,e55b93f2969d76b854eae158b6d17baea757d3e8,current,incremental,124.113,64303679,12886932,3,158.028375
large,vLLM,rollbacks,100,569adb5a9780f9c02d22a6b29826acf711512356,main,metadata,67.592458,64342278,690176,5,165.47358300000002
large,vLLM,rollbacks,100,569adb5a9780f9c02d22a6b29826acf711512356,current,incremental,166.28575,64303679,11225591,2,165.47358300000002
