experiment,step,commit,changed_files,target_source_bytes,variant,wall_ms,base_mib,middle_mib,segments,base_merged
viberwhisper-history.json,1,55392aa9b320b1ef6746d16d10881cc9a009feda,1,7353,auto50,25.589000000000002,0.0704498291015625,0.018268585205078125,2,False
viberwhisper-history.json,1,55392aa9b320b1ef6746d16d10881cc9a009feda,1,7353,auto25,21.836458,0.0704498291015625,0.018268585205078125,2,False
viberwhisper-history.json,1,55392aa9b320b1ef6746d16d10881cc9a009feda,1,7353,main,10.462166999999999,0.0704498291015625,0.018268585205078125,2,False
viberwhisper-history.json,2,c5036467db679a39037dbe18153fb8897646b398,2,11527,auto25,23.992875,0.0704498291015625,0.026197433471679688,2,False
viberwhisper-history.json,2,c5036467db679a39037dbe18153fb8897646b398,2,11527,main,10.639666,0.0704498291015625,0.04446601867675781,3,False
viberwhisper-history.json,2,c5036467db679a39037dbe18153fb8897646b398,2,11527,auto50,24.324333,0.0704498291015625,0.026197433471679688,2,False
viberwhisper-history.json,3,600541c7091156d4f9a37eaf72ed3bf1b1c431ce,3,7064,main,9.779041000000001,0.0704498291015625,0.06363296508789062,4,False
viberwhisper-history.json,3,600541c7091156d4f9a37eaf72ed3bf1b1c431ce,3,7064,auto50,23.648041000000003,0.0704498291015625,0.0453643798828125,3,False
viberwhisper-history.json,3,600541c7091156d4f9a37eaf72ed3bf1b1c431ce,3,7064,auto25,23.924333,0.0704498291015625,0.0453643798828125,3,False
viberwhisper-history.json,4,7932c30b53573ebd8437c4d8f11cac03d6443461,1,9313,auto50,25.237083000000002,0.0704498291015625,0.04060173034667969,3,False
viberwhisper-history.json,4,7932c30b53573ebd8437c4d8f11cac03d6443461,1,9313,auto25,22.892083,0.0704498291015625,0.04060173034667969,3,False
viberwhisper-history.json,4,7932c30b53573ebd8437c4d8f11cac03d6443461,1,9313,main,11.245792,0.0704498291015625,0.0850677490234375,5,False
viberwhisper-history.json,5,2a68d0c0cb9b68961b09e6381ad30f8de532e340,1,189,auto25,23.999334,0.0704498291015625,0.04219532012939453,4,False
viberwhisper-history.json,5,2a68d0c0cb9b68961b09e6381ad30f8de532e340,1,189,main,10.536,0.0704498291015625,0.08666133880615234,6,False
viberwhisper-history.json,5,2a68d0c0cb9b68961b09e6381ad30f8de532e340,1,189,auto50,25.250792,0.0704498291015625,0.04219532012939453,4,False
viberwhisper-history.json,6,abb59204e308d524b40c6524f09673372620b28b,2,6951,main,10.345334,0.0704498291015625,0.1129446029663086,7,False
viberwhisper-history.json,6,abb59204e308d524b40c6524f09673372620b28b,2,6951,auto50,23.684208,0.0704498291015625,0.06847858428955078,5,False
viberwhisper-history.json,6,abb59204e308d524b40c6524f09673372620b28b,2,6951,auto25,25.578958,0.0704498291015625,0.06847858428955078,5,False
viberwhisper-history.json,7,c4ffcf8d34a0305d8339f300dd24849342054d88,579,0,auto50,16.312667,0.0704498291015625,0.06847858428955078,5,False
viberwhisper-history.json,7,c4ffcf8d34a0305d8339f300dd24849342054d88,579,0,auto25,17.788375,0.0704498291015625,0.06847858428955078,5,False
viberwhisper-history.json,7,c4ffcf8d34a0305d8339f300dd24849342054d88,579,0,main,6.252167,0.0704498291015625,0.1129446029663086,7,False
viberwhisper-history.json,8,3eef348d300cb53327e835904b0ab0362ac58d66,6,82630,auto25,25.133458,0.0704498291015625,0.10470294952392578,6,False
viberwhisper-history.json,8,3eef348d300cb53327e835904b0ab0362ac58d66,6,82630,main,7.243334,0.0704498291015625,0.1491689682006836,8,False
viberwhisper-history.json,8,3eef348d300cb53327e835904b0ab0362ac58d66,6,82630,auto50,22.299166,0.0704498291015625,0.10470294952392578,6,False
viberwhisper-history.json,9,d18872f89c5c990af2186129b617f93843a2b734,4,23849,main,9.137375,0.12090682983398438,0.0,1,False
viberwhisper-history.json,9,d18872f89c5c990af2186129b617f93843a2b734,4,23849,auto50,23.978541999999997,0.0704498291015625,0.15183353424072266,7,False
viberwhisper-history.json,9,d18872f89c5c990af2186129b617f93843a2b734,4,23849,auto25,24.973625,0.0704498291015625,0.15183353424072266,7,False
viberwhisper-history.json,10,e67029bb5f5962a6232fea4663a30ff0a4b8e972,1,345,auto50,24.876375,0.0704498291015625,0.15413665771484375,8,False
viberwhisper-history.json,10,e67029bb5f5962a6232fea4663a30ff0a4b8e972,1,345,auto25,23.95775,0.0704498291015625,0.15413665771484375,8,False
viberwhisper-history.json,10,e67029bb5f5962a6232fea4663a30ff0a4b8e972,1,345,main,6.8016250000000005,0.12090682983398438,0.0023031234741210938,2,False
viberwhisper-history.json,11,4ade1bf52e9ffbeaa8191946b5a22370ba838058,6,17420,auto25,25.217667,0.0704498291015625,0.19720077514648438,8,False
viberwhisper-history.json,11,4ade1bf52e9ffbeaa8191946b5a22370ba838058,6,17420,main,7.164000000000001,0.12090682983398438,0.04767036437988281,3,False
viberwhisper-history.json,11,4ade1bf52e9ffbeaa8191946b5a22370ba838058,6,17420,auto50,24.33725,0.0704498291015625,0.19720077514648438,8,False
viberwhisper-history.json,12,9d3eddd916ca1d982bda628f1d07858612689706,6,100130,main,7.07725,0.12090682983398438,0.08813953399658203,4,False
viberwhisper-history.json,12,9d3eddd916ca1d982bda628f1d07858612689706,6,100130,auto50,25.316875,0.0704498291015625,0.2376699447631836,9,False
viberwhisper-history.json,12,9d3eddd916ca1d982bda628f1d07858612689706,6,100130,auto25,24.144083000000002,0.0704498291015625,0.2376699447631836,9,False
viberwhisper-history.json,13,55336634d4a20283fc5f08f0d5997352714cfe52,10,125898,auto50,25.032208999999998,0.0704498291015625,0.26749420166015625,8,False
viberwhisper-history.json,13,55336634d4a20283fc5f08f0d5997352714cfe52,10,125898,auto25,25.265833,0.0704498291015625,0.26749420166015625,8,False
viberwhisper-history.json,13,55336634d4a20283fc5f08f0d5997352714cfe52,10,125898,main,8.604042,0.12090682983398438,0.15856552124023438,5,False
viberwhisper-history.json,14,5fb3f5a6555c65631c46fc91343a9458e03a1676,16,45788,auto25,24.093209,0.0704498291015625,0.31321144104003906,8,False
viberwhisper-history.json,14,5fb3f5a6555c65631c46fc91343a9458e03a1676,16,45788,main,7.8026670000000005,0.12090682983398438,0.2405071258544922,6,False
viberwhisper-history.json,14,5fb3f5a6555c65631c46fc91343a9458e03a1676,16,45788,auto50,23.894875,0.0704498291015625,0.31321144104003906,8,False
viberwhisper-history.json,15,dc8f7b7facad195ae896883d8d0c8ca2a8db7644,27,60944,main,7.657042000000001,0.12090682983398438,0.3730955123901367,7,False
viberwhisper-history.json,15,dc8f7b7facad195ae896883d8d0c8ca2a8db7644,27,60944,auto50,26.528208,0.0704498291015625,0.13258838653564453,2,False
viberwhisper-history.json,15,dc8f7b7facad195ae896883d8d0c8ca2a8db7644,27,60944,auto25,22.463250000000002,0.0704498291015625,0.13258838653564453,2,False
viberwhisper-history.json,16,8655cb9893f83dcd588811e14d18be36c1c481dc,9,20569,auto50,24.486334,0.0704498291015625,0.2125988006591797,3,False
viberwhisper-history.json,16,8655cb9893f83dcd588811e14d18be36c1c481dc,9,20569,auto25,25.016750000000002,0.0704498291015625,0.2125988006591797,3,False
viberwhisper-history.json,16,8655cb9893f83dcd588811e14d18be36c1c481dc,9,20569,main,8.350084,0.12090682983398438,0.45218467712402344,8,False
viberwhisper-history.json,17,bde010333b5ba28a4641bad0da77624c1b4d290a,3,8510,auto25,23.968125,0.0704498291015625,0.25063419342041016,4,False
viberwhisper-history.json,17,bde010333b5ba28a4641bad0da77624c1b4d290a,3,8510,main,11.535458,0.16510391235351562,0.0,1,False
viberwhisper-history.json,17,bde010333b5ba28a4641bad0da77624c1b4d290a,3,8510,auto50,23.065167000000002,0.0704498291015625,0.25063419342041016,4,False
viberwhisper-history.json,18,205f9b6e6d20716a7d6366d288fa13c2dc7bee28,3,4640,main,6.47425,0.16510391235351562,0.013996124267578125,2,False
viberwhisper-history.json,18,205f9b6e6d20716a7d6366d288fa13c2dc7bee28,3,4640,auto50,23.388083,0.0704498291015625,0.2675485610961914,5,False
viberwhisper-history.json,18,205f9b6e6d20716a7d6366d288fa13c2dc7bee28,3,4640,auto25,24.957459,0.0704498291015625,0.2675485610961914,5,False
viberwhisper-history.json,19,46bf111fce70fa22d4e7ea6059fe9bf86e25ff77,11,46462,auto50,24.830708,0.0704498291015625,0.37453174591064453,6,False
viberwhisper-history.json,19,46bf111fce70fa22d4e7ea6059fe9bf86e25ff77,11,46462,auto25,24.8285,0.0704498291015625,0.37453174591064453,6,False
viberwhisper-history.json,19,46bf111fce70fa22d4e7ea6059fe9bf86e25ff77,11,46462,main,7.846959000000001,0.16510391235351562,0.11535835266113281,3,False
viberwhisper-history.json,20,65c8f3488c9e6c2214688cc762f96b2b68a47e8d,1,8318,auto25,25.20225,0.0704498291015625,0.39829158782958984,7,False
viberwhisper-history.json,20,65c8f3488c9e6c2214688cc762f96b2b68a47e8d,1,8318,main,7.478917,0.16510391235351562,0.1345367431640625,4,False
viberwhisper-history.json,20,65c8f3488c9e6c2214688cc762f96b2b68a47e8d,1,8318,auto50,23.444125,0.0704498291015625,0.39829158782958984,7,False
viberwhisper-history.json,21,20ee3046a1428a9fd5deb429d79a67edc4558938,1,8746,main,7.133834,0.16510391235351562,0.15403461456298828,5,False
viberwhisper-history.json,21,20ee3046a1428a9fd5deb429d79a67edc4558938,1,8746,auto50,24.454,0.0704498291015625,0.39869213104248047,7,False
viberwhisper-history.json,21,20ee3046a1428a9fd5deb429d79a67edc4558938,1,8746,auto25,24.727583,0.0704498291015625,0.39869213104248047,7,False
viberwhisper-history.json,22,818ad374473f4bf1f2d8091255e636c1a384f202,7,88297,auto50,26.157,0.0704498291015625,0.5667924880981445,8,False
viberwhisper-history.json,22,818ad374473f4bf1f2d8091255e636c1a384f202,7,88297,auto25,27.591082999999998,0.0704498291015625,0.5667924880981445,8,False
viberwhisper-history.json,22,818ad374473f4bf1f2d8091255e636c1a384f202,7,88297,main,9.00225,0.16510391235351562,0.3062314987182617,6,False
viberwhisper-history.json,23,4d626065eaaecbcbdef4404bc82f1bbfe4d0a9a6,1,16209,auto25,28.659292,0.0704498291015625,0.596156120300293,9,False
viberwhisper-history.json,23,4d626065eaaecbcbdef4404bc82f1bbfe4d0a9a6,1,16209,main,7.974208999999999,0.16510391235351562,0.33559513092041016,7,False
viberwhisper-history.json,23,4d626065eaaecbcbdef4404bc82f1bbfe4d0a9a6,1,16209,auto50,23.515334,0.0704498291015625,0.596156120300293,9,False
viberwhisper-history.json,24,388998fc20daf746b54f21fef362d439093ba4a9,2,22976,main,7.643083,0.16510391235351562,0.4026327133178711,8,False
viberwhisper-history.json,24,388998fc20daf746b54f21fef362d439093ba4a9,2,22976,auto50,35.283041000000004,0.0704498291015625,0.6367435455322266,7,False
viberwhisper-history.json,24,388998fc20daf746b54f21fef362d439093ba4a9,2,22976,auto25,34.6475,0.0704498291015625,0.6367435455322266,7,False
viberwhisper-history.json,25,ca0c6265d36398ac7d9cb209b3abbd71cec126a6,1,1985,auto50,21.753833,0.0704498291015625,0.6462326049804688,8,False
viberwhisper-history.json,25,ca0c6265d36398ac7d9cb209b3abbd71cec126a6,1,1985,auto25,24.874625,0.0704498291015625,0.6462326049804688,8,False
viberwhisper-history.json,25,ca0c6265d36398ac7d9cb209b3abbd71cec126a6,1,1985,main,13.514,0.33018016815185547,0.0,1,False
viberwhisper-history.json,26,b424f4d7f12a06682d85530d65a6c99245d86066,1,920,auto25,26.555209,0.0704498291015625,0.6516590118408203,9,False
viberwhisper-history.json,26,b424f4d7f12a06682d85530d65a6c99245d86066,1,920,main,6.779709,0.33018016815185547,0.0054264068603515625,2,False
viberwhisper-history.json,26,b424f4d7f12a06682d85530d65a6c99245d86066,1,920,auto50,23.989917,0.0704498291015625,0.6516590118408203,9,False
viberwhisper-history.json,27,c6becc366e6cfaee7ac31a1d9a83bfdfe03662a1,2,23823,main,7.6780420000000005,0.33018016815185547,0.07378959655761719,3,False
viberwhisper-history.json,27,c6becc366e6cfaee7ac31a1d9a83bfdfe03662a1,2,23823,auto50,26.733375,0.0704498291015625,0.6438131332397461,8,False
viberwhisper-history.json,27,c6becc366e6cfaee7ac31a1d9a83bfdfe03662a1,2,23823,auto25,25.629083,0.0704498291015625,0.6438131332397461,8,False
viberwhisper-history.json,28,d2f57924db3a392b3927d72fc4053a1840324eeb,4,61262,auto50,24.409416999999998,0.0704498291015625,0.7353048324584961,9,False
viberwhisper-history.json,28,d2f57924db3a392b3927d72fc4053a1840324eeb,4,61262,auto25,27.130875,0.0704498291015625,0.7353048324584961,9,False
viberwhisper-history.json,28,d2f57924db3a392b3927d72fc4053a1840324eeb,4,61262,main,8.51775,0.33018016815185547,0.15811824798583984,4,False
viberwhisper-history.json,29,7eb6ff3cda3bb89e776d064493cdcdd7854cefb5,3,18270,auto25,25.27325,0.0704498291015625,0.8016729354858398,9,False
viberwhisper-history.json,29,7eb6ff3cda3bb89e776d064493cdcdd7854cefb5,3,18270,main,8.307292,0.33018016815185547,0.2184600830078125,5,False
viberwhisper-history.json,29,7eb6ff3cda3bb89e776d064493cdcdd7854cefb5,3,18270,auto50,24.467209,0.0704498291015625,0.8016729354858398,9,False
viberwhisper-history.json,30,f448b2d0296b525a1a2bd9871b5dfe157837b77e,5,57354,main,8.238458000000001,0.33018016815185547,0.3051605224609375,6,False
viberwhisper-history.json,30,f448b2d0296b525a1a2bd9871b5dfe157837b77e,5,57354,auto50,35.731083,0.0704498291015625,0.7922239303588867,7,False
viberwhisper-history.json,30,f448b2d0296b525a1a2bd9871b5dfe157837b77e,5,57354,auto25,32.642334000000005,0.0704498291015625,0.7922239303588867,7,False
viberwhisper-history.json,31,47aa14a31e08daa17ee6c2f9465a0327463b0fab,15,116439,auto50,28.871208,0.0704498291015625,1.0116996765136719,8,False
viberwhisper-history.json,31,47aa14a31e08daa17ee6c2f9465a0327463b0fab,15,116439,auto25,27.887833,0.0704498291015625,1.0116996765136719,8,False
viberwhisper-history.json,31,47aa14a31e08daa17ee6c2f9465a0327463b0fab,15,116439,main,9.811959,0.33018016815185547,0.509699821472168,7,False
viberwhisper-history.json,32,753674caaceb5c4961ef66eed5704e1d649b7944,2,25191,auto25,25.865625,0.0704498291015625,1.0636177062988281,9,False
viberwhisper-history.json,32,753674caaceb5c4961ef66eed5704e1d649b7944,2,25191,main,8.703542,0.33018016815185547,0.5587844848632812,8,False
viberwhisper-history.json,32,753674caaceb5c4961ef66eed5704e1d649b7944,2,25191,auto50,25.034166,0.0704498291015625,1.0636177062988281,9,False
viberwhisper-history.json,33,85c0a03404aafa681eeaecbe9b6031ea23e870a9,1,2017,main,12.508583,0.4343404769897461,0.0,1,False
viberwhisper-history.json,33,85c0a03404aafa681eeaecbe9b6031ea23e870a9,1,2017,auto50,35.02675,0.0704498291015625,0.846949577331543,7,False
viberwhisper-history.json,33,85c0a03404aafa681eeaecbe9b6031ea23e870a9,1,2017,auto25,35.145833,0.0704498291015625,0.846949577331543,7,False
viberwhisper-history.json,34,82e358202daf483fe9cff04df1576e8c0774c0fe,1,4869,auto50,25.215083999999997,0.0704498291015625,0.8652229309082031,8,False
viberwhisper-history.json,34,82e358202daf483fe9cff04df1576e8c0774c0fe,1,4869,auto25,26.105459,0.0704498291015625,0.8652229309082031,8,False
viberwhisper-history.json,34,82e358202daf483fe9cff04df1576e8c0774c0fe,1,4869,main,8.45575,0.4343404769897461,0.018273353576660156,2,False
viberwhisper-history.json,35,bae4d1c33f4aa6861eff871586691f605c8c6607,10,38393,auto25,25.055125,0.0704498291015625,0.9217233657836914,7,False
viberwhisper-history.json,35,bae4d1c33f4aa6861eff871586691f605c8c6607,10,38393,main,8.392708,0.4343404769897461,0.09713554382324219,3,False
viberwhisper-history.json,35,bae4d1c33f4aa6861eff871586691f605c8c6607,10,38393,auto50,26.4175,0.0704498291015625,0.9217233657836914,7,False
viberwhisper-history.json,36,db89a4ffe88c7eb76738fc063783ebfbe83f79ed,4,20036,main,8.284667,0.4343404769897461,0.15209293365478516,4,False
viberwhisper-history.json,36,db89a4ffe88c7eb76738fc063783ebfbe83f79ed,4,20036,auto50,26.165167,0.0704498291015625,0.9854946136474609,8,False
viberwhisper-history.json,36,db89a4ffe88c7eb76738fc063783ebfbe83f79ed,4,20036,auto25,24.162875,0.0704498291015625,0.9854946136474609,8,False
viberwhisper-history.json,37,dc25e2ec2895d5ad7e5053e60152b64383bfdc55,3,11740,auto50,25.451584,0.0704498291015625,1.0251407623291016,9,False
viberwhisper-history.json,37,dc25e2ec2895d5ad7e5053e60152b64383bfdc55,3,11740,auto25,25.130584000000002,0.0704498291015625,1.0251407623291016,9,False
viberwhisper-history.json,37,dc25e2ec2895d5ad7e5053e60152b64383bfdc55,3,11740,main,8.662209,0.4343404769897461,0.1870098114013672,5,False
viberwhisper-history.json,38,254eb4f930486011f2a75ccefe50246990566007,1,4444,auto25,31.11075,0.0704498291015625,1.0335941314697266,9,False
viberwhisper-history.json,38,254eb4f930486011f2a75ccefe50246990566007,1,4444,main,8.130333,0.4343404769897461,0.1991596221923828,6,False
viberwhisper-history.json,38,254eb4f930486011f2a75ccefe50246990566007,1,4444,auto50,34.463833,0.0704498291015625,1.0335941314697266,9,False
viberwhisper-history.json,39,34f2e69fafa4addbc26e12e61fd6e32dc450cb78,17,134522,main,9.545083,0.4343404769897461,0.39249324798583984,7,False
viberwhisper-history.json,39,34f2e69fafa4addbc26e12e61fd6e32dc450cb78,17,134522,auto50,39.011167,0.0704498291015625,1.0468549728393555,7,False
viberwhisper-history.json,39,34f2e69fafa4addbc26e12e61fd6e32dc450cb78,17,134522,auto25,35.004625,0.0704498291015625,1.0468549728393555,7,False
viberwhisper-history.json,40,979ec658d60f051e7b45fd1fabd7e9036f7ea6b5,1,4505,auto50,26.362084,0.0704498291015625,1.0598011016845703,8,False
viberwhisper-history.json,40,979ec658d60f051e7b45fd1fabd7e9036f7ea6b5,1,4505,auto25,23.696125,0.0704498291015625,1.0598011016845703,8,False
viberwhisper-history.json,40,979ec658d60f051e7b45fd1fabd7e9036f7ea6b5,1,4505,main,8.552334,0.4343404769897461,0.4054393768310547,8,False
viberwhisper-history.json,41,42ca56baa5fa6d860b6c9ba1799da2ac7c398fbf,1,24703,auto25,25.362667,0.0704498291015625,1.1183156967163086,9,False
viberwhisper-history.json,41,42ca56baa5fa6d860b6c9ba1799da2ac7c398fbf,1,24703,main,15.268500000000001,0.5344200134277344,0.0,1,False
viberwhisper-history.json,41,42ca56baa5fa6d860b6c9ba1799da2ac7c398fbf,1,24703,auto50,25.994916,0.0704498291015625,1.1183156967163086,9,False
viberwhisper-history.json,42,f3edc30c20aca6ed8954c34aa9a415b4ffbb894f,1,9827,main,7.720833,0.5344200134277344,0.030579566955566406,2,False
viberwhisper-history.json,42,f3edc30c20aca6ed8954c34aa9a415b4ffbb894f,1,9827,auto50,35.276125,0.0704498291015625,1.1468114852905273,9,False
viberwhisper-history.json,42,f3edc30c20aca6ed8954c34aa9a415b4ffbb894f,1,9827,auto25,34.855167,0.0704498291015625,1.1468114852905273,9,False
viberwhisper-history.json,43,ff77251f22b3f8493e7ac03378f521b96439049b,1,146,auto50,34.822875,0.0704498291015625,1.0052833557128906,7,False
viberwhisper-history.json,43,ff77251f22b3f8493e7ac03378f521b96439049b,1,146,auto25,37.941375,0.0704498291015625,1.0052833557128906,7,False
viberwhisper-history.json,43,ff77251f22b3f8493e7ac03378f521b96439049b,1,146,main,8.466084,0.5344200134277344,0.03178882598876953,3,False
viberwhisper-history.json,44,3de86ad4a38d8fdf89c084771415f85d8a9fbab1,17,170620,auto25,29.138417,0.0704498291015625,1.3263511657714844,8,False
viberwhisper-history.json,44,3de86ad4a38d8fdf89c084771415f85d8a9fbab1,17,170620,main,10.974458,0.5344200134277344,0.339630126953125,4,False
viberwhisper-history.json,44,3de86ad4a38d8fdf89c084771415f85d8a9fbab1,17,170620,auto50,26.632084,0.0704498291015625,1.3263511657714844,8,False
viberwhisper-history.json,45,c52fd04115362f250c37d2d17c649fe4bbac934b,6,29224,main,8.496165999999999,0.5344200134277344,0.4387702941894531,5,False
viberwhisper-history.json,45,c52fd04115362f250c37d2d17c649fe4bbac934b,6,29224,auto50,23.084459000000003,0.0704498291015625,1.4240474700927734,8,False
viberwhisper-history.json,45,c52fd04115362f250c37d2d17c649fe4bbac934b,6,29224,auto25,25.852041999999997,0.0704498291015625,1.4240474700927734,8,False
viberwhisper-history.json,46,4c1a64d129f070b1540eb3cd785b13d407125559,15,190498,auto50,30.536875000000002,0.0704498291015625,1.6970787048339844,9,False
viberwhisper-history.json,46,4c1a64d129f070b1540eb3cd785b13d407125559,15,190498,auto25,26.72825,0.0704498291015625,1.6970787048339844,9,False
viberwhisper-history.json,46,4c1a64d129f070b1540eb3cd785b13d407125559,15,190498,main,11.018167,0.5344200134277344,0.6959819793701172,6,False
viberwhisper-history.json,47,8f3e1fe7c8f2c34c3ed405bd8bddd3a90a0659ad,1,17964,auto25,35.819541,0.0704498291015625,1.5906448364257812,8,False
viberwhisper-history.json,47,8f3e1fe7c8f2c34c3ed405bd8bddd3a90a0659ad,1,17964,main,9.133041,0.5344200134277344,0.7314491271972656,7,False
viberwhisper-history.json,47,8f3e1fe7c8f2c34c3ed405bd8bddd3a90a0659ad,1,17964,auto50,36.58075,0.0704498291015625,1.5906448364257812,8,False
viberwhisper-history.json,48,de2272627f31807086fcf710177f658c44e7a2b3,17,46055,main,8.819833,0.5344200134277344,0.8347396850585938,8,False
viberwhisper-history.json,48,de2272627f31807086fcf710177f658c44e7a2b3,17,46055,auto50,26.2575,0.0704498291015625,1.696375846862793,9,False
viberwhisper-history.json,48,de2272627f31807086fcf710177f658c44e7a2b3,17,46055,auto25,28.455166000000002,0.0704498291015625,1.696375846862793,9,False
viberwhisper-history.json,49,7b5bc5196b60521a341c315b92d7c022d395f995,5,64300,auto50,37.123000000000005,0.0704498291015625,1.6146249771118164,7,False
viberwhisper-history.json,49,7b5bc5196b60521a341c315b92d7c022d395f995,5,64300,auto25,40.553458,0.0704498291015625,1.6146249771118164,7,False
viberwhisper-history.json,49,7b5bc5196b60521a341c315b92d7c022d395f995,5,64300,main,18.710167,0.8188638687133789,0.0,1,False
viberwhisper-history.json,50,56db8d28b68cc2c12237e0c97c45bd9fa2ee524e,7,75946,auto25,27.443208,0.0704498291015625,1.751800537109375,8,False
viberwhisper-history.json,50,56db8d28b68cc2c12237e0c97c45bd9fa2ee524e,7,75946,main,9.654625,0.8188638687133789,0.14084243774414062,2,False
viberwhisper-history.json,50,56db8d28b68cc2c12237e0c97c45bd9fa2ee524e,7,75946,auto50,28.807459,0.0704498291015625,1.751800537109375,8,False
viberwhisper-history.json,51,374f74107531cc6f795d126d70ebbe6463705237,9,119121,main,9.131416999999999,0.8188638687133789,0.34378528594970703,3,False
viberwhisper-history.json,51,374f74107531cc6f795d126d70ebbe6463705237,9,119121,auto50,30.064792,0.0704498291015625,1.9593925476074219,9,False
viberwhisper-history.json,51,374f74107531cc6f795d126d70ebbe6463705237,9,119121,auto25,27.893708999999998,0.0704498291015625,1.9593925476074219,9,False
viberwhisper-history.json,52,af21e4556172b01b41f88f4a39d09a9efeedd8d7,3,54803,auto50,37.685458999999994,0.0704498291015625,1.7588281631469727,7,False
viberwhisper-history.json,52,af21e4556172b01b41f88f4a39d09a9efeedd8d7,3,54803,auto25,39.465167,0.0704498291015625,1.7588281631469727,7,False
viberwhisper-history.json,52,af21e4556172b01b41f88f4a39d09a9efeedd8d7,3,54803,main,10.056875,0.8188638687133789,0.43790245056152344,4,False
viberwhisper-history.json,53,ec93ed760bd0960128e2b954b477d7a581a2eb97,7,65361,auto25,26.253333,0.0704498291015625,1.9700088500976562,8,False
viberwhisper-history.json,53,ec93ed760bd0960128e2b954b477d7a581a2eb97,7,65361,main,9.931958,0.8188638687133789,0.6196050643920898,5,False
viberwhisper-history.json,53,ec93ed760bd0960128e2b954b477d7a581a2eb97,7,65361,auto50,27.02675,0.0704498291015625,1.9700088500976562,8,False
viberwhisper-history.json,54,1266f10811bff33bff97f7c5e8d0eb3cb7eb38d9,5,43684,main,8.662291000000002,0.8188638687133789,0.702545166015625,6,False
viberwhisper-history.json,54,1266f10811bff33bff97f7c5e8d0eb3cb7eb38d9,5,43684,auto50,27.456083999999997,0.0704498291015625,2.0560131072998047,9,False
viberwhisper-history.json,54,1266f10811bff33bff97f7c5e8d0eb3cb7eb38d9,5,43684,auto25,27.909291999999997,0.0704498291015625,2.0560131072998047,9,False
viberwhisper-history.json,55,9c571985fa7ba708d1307ebb8ae0f3c4b709ecaa,5,92353,auto50,39.401875000000004,0.0704498291015625,1.993525505065918,7,False
viberwhisper-history.json,55,9c571985fa7ba708d1307ebb8ae0f3c4b709ecaa,5,92353,auto25,40.69025,0.0704498291015625,1.993525505065918,7,False
viberwhisper-history.json,55,9c571985fa7ba708d1307ebb8ae0f3c4b709ecaa,5,92353,main,10.671209,0.8188638687133789,0.848841667175293,7,False
viberwhisper-history.json,56,569710ed018e432965adc02276f4094030cad233,7,52057,auto25,27.812334,0.0704498291015625,2.114156723022461,8,False
viberwhisper-history.json,56,569710ed018e432965adc02276f4094030cad233,7,52057,main,10.205499999999999,0.8188638687133789,0.9607963562011719,8,False
viberwhisper-history.json,56,569710ed018e432965adc02276f4094030cad233,7,52057,auto50,27.847709,0.0704498291015625,2.114156723022461,8,False
viberwhisper-history.json,57,bbfe83629f435a263a4b632554ce761e9baf690b,4,51530,main,16.532167,0.8418598175048828,0.0,1,False
viberwhisper-history.json,57,bbfe83629f435a263a4b632554ce761e9baf690b,4,51530,auto50,26.411541,0.0704498291015625,2.2159032821655273,9,False
viberwhisper-history.json,57,bbfe83629f435a263a4b632554ce761e9baf690b,4,51530,auto25,22.796166,0.0704498291015625,2.2159032821655273,9,False
viberwhisper-history.json,58,e0502a5585cadfcd7bd29e51a32fefec3cc567c8,22,215004,auto50,39.403084,0.0704498291015625,1.935317039489746,7,False
viberwhisper-history.json,58,e0502a5585cadfcd7bd29e51a32fefec3cc567c8,22,215004,auto25,39.707416,0.0704498291015625,1.935317039489746,7,False
viberwhisper-history.json,58,e0502a5585cadfcd7bd29e51a32fefec3cc567c8,22,215004,main,11.572167,0.8418598175048828,0.3341856002807617,2,False
viberwhisper-history.json,59,35248a50ff06e7638aa6026f703fe1fb2b0a77d6,3,10000,auto25,25.625667,0.0704498291015625,1.9746360778808594,8,False
viberwhisper-history.json,59,35248a50ff06e7638aa6026f703fe1fb2b0a77d6,3,10000,main,8.832333,0.8418598175048828,0.3663206100463867,3,False
viberwhisper-history.json,59,35248a50ff06e7638aa6026f703fe1fb2b0a77d6,3,10000,auto50,25.466124999999998,0.0704498291015625,1.9746360778808594,8,False
viberwhisper-history.json,60,ca60c703e810db2823f569ca71f787be5d7d58d3,5,74600,main,9.62875,0.8418598175048828,0.510828971862793,4,False
viberwhisper-history.json,60,ca60c703e810db2823f569ca71f787be5d7d58d3,5,74600,auto50,29.682875,0.0704498291015625,2.1291751861572266,9,False
viberwhisper-history.json,60,ca60c703e810db2823f569ca71f787be5d7d58d3,5,74600,auto25,27.998417,0.0704498291015625,2.1291751861572266,9,False
viberwhisper-history.json,61,e3220d298ce06375f52a6937c74c82ba5ed03e4e,1,11108,auto50,33.835083000000004,0.0704498291015625,2.0911359786987305,7,False
viberwhisper-history.json,61,e3220d298ce06375f52a6937c74c82ba5ed03e4e,1,11108,auto25,35.700666999999996,0.0704498291015625,2.0911359786987305,7,False
viberwhisper-history.json,61,e3220d298ce06375f52a6937c74c82ba5ed03e4e,1,11108,main,9.514125,0.8418598175048828,0.5436372756958008,5,False
viberwhisper-history.json,62,b476fc8d9bc816100e5e7fa7e6f513dbe55c862a,8,125318,auto25,29.483958,0.0704498291015625,2.31954288482666,8,False
viberwhisper-history.json,62,b476fc8d9bc816100e5e7fa7e6f513dbe55c862a,8,125318,main,10.303625,0.8418598175048828,0.7583608627319336,6,False
viberwhisper-history.json,62,b476fc8d9bc816100e5e7fa7e6f513dbe55c862a,8,125318,auto50,27.993000000000002,0.0704498291015625,2.31954288482666,8,False
viberwhisper-history.json,63,9bc90f50b8fd806e9081476691967b52390e48a7,37,337535,main,12.200249999999999,0.8418598175048828,1.2599411010742188,7,False
viberwhisper-history.json,63,9bc90f50b8fd806e9081476691967b52390e48a7,37,337535,auto50,31.882042,0.0704498291015625,2.829501152038574,9,False
viberwhisper-history.json,63,9bc90f50b8fd806e9081476691967b52390e48a7,37,337535,auto25,30.562042,0.0704498291015625,2.829501152038574,9,False
viberwhisper-history.json,64,cb96c069058fc3db3f4ddeadaa9ef539ddfed139,1,1067,auto50,38.874249999999996,0.0704498291015625,2.122303009033203,7,False
viberwhisper-history.json,64,cb96c069058fc3db3f4ddeadaa9ef539ddfed139,1,1067,auto25,38.641957999999995,0.0704498291015625,2.122303009033203,7,False
viberwhisper-history.json,64,cb96c069058fc3db3f4ddeadaa9ef539ddfed139,1,1067,main,10.198417,0.8418598175048828,1.2682485580444336,8,False
viberwhisper-history.json,65,4e086f46b2302c960ea6c69a6032a6f15ffe7977,7,133270,auto25,29.093375,0.0704498291015625,2.3591203689575195,8,False
viberwhisper-history.json,65,4e086f46b2302c960ea6c69a6032a6f15ffe7977,7,133270,main,19.109583999999998,0.9869174957275391,0.0,1,False
viberwhisper-history.json,65,4e086f46b2302c960ea6c69a6032a6f15ffe7977,7,133270,auto50,29.994291999999998,0.0704498291015625,2.3591203689575195,8,False
viberwhisper-history.json,66,4d4a0cc602e4dae02eef44d88598a8709b2e1581,15,192673,main,10.090625000000001,0.9869174957275391,0.30072975158691406,2,False
viberwhisper-history.json,66,4d4a0cc602e4dae02eef44d88598a8709b2e1581,15,192673,auto50,29.841957999999998,0.0704498291015625,2.656524658203125,9,False
viberwhisper-history.json,66,4d4a0cc602e4dae02eef44d88598a8709b2e1581,15,192673,auto25,29.618125,0.0704498291015625,2.656524658203125,9,False
viberwhisper-history.json,67,4559c6ff17a06516692153b4fa5a1fcea60c03c7,16,186881,auto50,44.0225,0.0704498291015625,2.26706600189209,7,False
viberwhisper-history.json,67,4559c6ff17a06516692153b4fa5a1fcea60c03c7,16,186881,auto25,42.821375,0.0704498291015625,2.26706600189209,7,False
viberwhisper-history.json,67,4559c6ff17a06516692153b4fa5a1fcea60c03c7,16,186881,main,11.977165999999999,0.9869174957275391,0.5977640151977539,3,False
viberwhisper-history.json,68,d373db6ab330c00ae86b23a60f275decadb9911b,1,5726,auto25,27.892457999999998,0.0704498291015625,2.292119026184082,8,False
viberwhisper-history.json,68,d373db6ab330c00ae86b23a60f275decadb9911b,1,5726,main,8.891375,0.9869174957275391,0.6179752349853516,4,False
viberwhisper-history.json,68,d373db6ab330c00ae86b23a60f275decadb9911b,1,5726,auto50,27.133999999999997,0.0704498291015625,2.292119026184082,8,False
viberwhisper-history.json,69,826ae97a3c3e04c66a09f3e762c3883553abb562,3,28108,main,8.660584,0.9869174957275391,0.6832180023193359,5,False
viberwhisper-history.json,69,826ae97a3c3e04c66a09f3e762c3883553abb562,3,28108,auto50,28.125792,0.0704498291015625,2.360337257385254,9,False
viberwhisper-history.json,69,826ae97a3c3e04c66a09f3e762c3883553abb562,3,28108,auto25,26.610458,0.0704498291015625,2.360337257385254,9,False
viberwhisper-history.json,70,9c7d55374267697e8f4220655e4ea4e4ab688200,4,47346,auto50,32.124417,0.0704498291015625,2.459761619567871,9,False
viberwhisper-history.json,70,9c7d55374267697e8f4220655e4ea4e4ab688200,4,47346,auto25,30.991334,0.0704498291015625,2.459761619567871,9,False
viberwhisper-history.json,70,9c7d55374267697e8f4220655e4ea4e4ab688200,4,47346,main,10.222333,0.9869174957275391,0.7846155166625977,6,False
viberwhisper-history.json,71,a6957c2b468a64428cfe9fe0ef5d0f11a83dc9f1,1,26433,auto25,37.594207999999995,0.0704498291015625,2.4615488052368164,7,False
viberwhisper-history.json,71,a6957c2b468a64428cfe9fe0ef5d0f11a83dc9f1,1,26433,main,9.736792,0.9869174957275391,0.8356723785400391,7,False
viberwhisper-history.json,71,a6957c2b468a64428cfe9fe0ef5d0f11a83dc9f1,1,26433,auto50,34.601375,0.0704498291015625,2.4615488052368164,7,False
viberwhisper-history.json,72,b2aa6bb5747afab99bda5685d036d7c130391fb2,7,114578,main,9.773458,0.9869174957275391,1.035390853881836,8,False
viberwhisper-history.json,72,b2aa6bb5747afab99bda5685d036d7c130391fb2,7,114578,auto50,29.601291,0.0704498291015625,2.655472755432129,8,False
viberwhisper-history.json,72,b2aa6bb5747afab99bda5685d036d7c130391fb2,7,114578,auto25,27.840792,0.0704498291015625,2.655472755432129,8,False
viberwhisper-history.json,73,5d7d70b0fef11cc1cc6f1d18b400508af48372f0,7,120788,auto50,29.109917,0.0704498291015625,2.815812110900879,9,False
viberwhisper-history.json,73,5d7d70b0fef11cc1cc6f1d18b400508af48372f0,7,120788,auto25,28.702083,0.0704498291015625,2.815812110900879,9,False
viberwhisper-history.json,73,5d7d70b0fef11cc1cc6f1d18b400508af48372f0,7,120788,main,20.871042,1.0578441619873047,0.0,1,False
viberwhisper-history.json,74,50bdb4085e1e843a4c44f3654d3bf1f6a652442e,10,67928,auto25,40.03875,0.0704498291015625,2.604355812072754,7,False
viberwhisper-history.json,74,50bdb4085e1e843a4c44f3654d3bf1f6a652442e,10,67928,main,9.791417000000001,1.0578441619873047,0.16275787353515625,2,False
viberwhisper-history.json,74,50bdb4085e1e843a4c44f3654d3bf1f6a652442e,10,67928,auto50,39.680167000000004,0.0704498291015625,2.604355812072754,7,False
viberwhisper-history.json,75,650ab9c64e587f6d102904305a3c18fda7138917,14,69443,main,9.775,1.0578441619873047,0.3289213180541992,3,False
viberwhisper-history.json,75,650ab9c64e587f6d102904305a3c18fda7138917,14,69443,auto50,27.541041,0.0704498291015625,2.778164863586426,8,False
viberwhisper-history.json,75,650ab9c64e587f6d102904305a3c18fda7138917,14,69443,auto25,26.665875,0.0704498291015625,2.778164863586426,8,False
viberwhisper-history.json,76,4cf7e0b3725e28a017b9a52f8e71fc8be1fb631f,13,156164,auto50,26.435666,0.0704498291015625,3.0421457290649414,9,False
viberwhisper-history.json,76,4cf7e0b3725e28a017b9a52f8e71fc8be1fb631f,13,156164,auto25,28.744709,0.0704498291015625,3.0421457290649414,9,False
viberwhisper-history.json,76,4cf7e0b3725e28a017b9a52f8e71fc8be1fb631f,13,156164,main,11.336125000000001,1.0578441619873047,0.5952224731445312,4,False
viberwhisper-history.json,77,9714dda3f044e460784644b84853fec371e44632,13,69319,auto25,41.093417,0.0704498291015625,2.819063186645508,7,False
viberwhisper-history.json,77,9714dda3f044e460784644b84853fec371e44632,13,69319,main,10.954792,1.0578441619873047,0.7476329803466797,5,False
viberwhisper-history.json,77,9714dda3f044e460784644b84853fec371e44632,13,69319,auto50,42.595708,0.0704498291015625,2.819063186645508,7,False
viberwhisper-history.json,78,a8795abdb1dbc28238143f5e3eae9137c86925e3,16,209060,main,11.922500000000001,1.0578441619873047,1.1304292678833008,6,False
viberwhisper-history.json,78,a8795abdb1dbc28238143f5e3eae9137c86925e3,16,209060,auto50,31.074082999999998,0.0704498291015625,3.2169065475463867,8,False
viberwhisper-history.json,78,a8795abdb1dbc28238143f5e3eae9137c86925e3,16,209060,auto25,29.705375,0.0704498291015625,3.2169065475463867,8,False
viberwhisper-history.json,79,c139d1b72e2d95045ca62dd1b697137b602e6e13,8,172476,auto50,28.001542,0.0704498291015625,3.5537595748901367,9,False
viberwhisper-history.json,79,c139d1b72e2d95045ca62dd1b697137b602e6e13,8,172476,auto25,29.426084000000003,0.0704498291015625,3.5537595748901367,9,False
viberwhisper-history.json,79,c139d1b72e2d95045ca62dd1b697137b602e6e13,8,172476,main,12.303916999999998,1.0578441619873047,1.4747467041015625,7,False
viberwhisper-history.json,80,d723bb05825613cd3bb825fea0eca8309925ca1a,15,279923,auto25,44.008458,0.0704498291015625,3.1144399642944336,7,False
viberwhisper-history.json,80,d723bb05825613cd3bb825fea0eca8309925ca1a,15,279923,main,13.943375,1.0578441619873047,1.9531526565551758,8,False
viberwhisper-history.json,80,d723bb05825613cd3bb825fea0eca8309925ca1a,15,279923,auto50,47.0865,0.0704498291015625,3.1144399642944336,7,False
viberwhisper-history.json,81,fc5d74271283608392878caf8f0d256451681544,15,250582,main,23.695833999999998,1.4562549591064453,0.0,1,False
viberwhisper-history.json,81,fc5d74271283608392878caf8f0d256451681544,15,250582,auto50,32.041042,0.0704498291015625,3.57241153717041,8,False
viberwhisper-history.json,81,fc5d74271283608392878caf8f0d256451681544,15,250582,auto25,30.462875,0.0704498291015625,3.57241153717041,8,False
viberwhisper-history.json,82,25aa9fd3d5eec3165fe03c552c6daef1d71270b5,18,179106,auto50,30.000292,0.0704498291015625,3.8794679641723633,9,False
viberwhisper-history.json,82,25aa9fd3d5eec3165fe03c552c6daef1d71270b5,18,179106,auto25,30.570375000000002,0.0704498291015625,3.8794679641723633,9,False
viberwhisper-history.json,82,25aa9fd3d5eec3165fe03c552c6daef1d71270b5,18,179106,main,11.782417,1.4562549591064453,0.3154621124267578,2,False
viberwhisper-history.json,83,924ca3ba54e2832cb752fb03311f97425428f15e,12,128541,auto25,49.987917,0.0704498291015625,3.3935012817382812,7,False
viberwhisper-history.json,83,924ca3ba54e2832cb752fb03311f97425428f15e,12,128541,main,11.765833,1.4562549591064453,0.5952119827270508,3,False
viberwhisper-history.json,83,924ca3ba54e2832cb752fb03311f97425428f15e,12,128541,auto50,47.160041,0.0704498291015625,3.3935012817382812,7,False
viberwhisper-history.json,84,a4a44916007f80106e15c34021d4b4a15904239f,20,202636,main,11.773584,1.4562549591064453,0.9804916381835938,4,False
viberwhisper-history.json,84,a4a44916007f80106e15c34021d4b4a15904239f,20,202636,auto50,32.313083,0.0704498291015625,3.774923324584961,8,False
viberwhisper-history.json,84,a4a44916007f80106e15c34021d4b4a15904239f,20,202636,auto25,30.28675,0.0704498291015625,3.774923324584961,8,False
viberwhisper-history.json,85,2c685d9d3ba933fa5e7e99e24ebd12155bc84f23,25,442000,auto50,34.501333,0.0704498291015625,4.450264930725098,9,False
viberwhisper-history.json,85,2c685d9d3ba933fa5e7e99e24ebd12155bc84f23,25,442000,auto25,32.906458,0.0704498291015625,4.450264930725098,9,False
viberwhisper-history.json,85,2c685d9d3ba933fa5e7e99e24ebd12155bc84f23,25,442000,main,15.129125,1.4562549591064453,1.6082258224487305,5,False
viberwhisper-history.json,86,426f7f7f387a03f415e753c4575e976580f0c65b,8,151331,auto25,48.39125,0.0704498291015625,3.798098564147949,7,False
viberwhisper-history.json,86,426f7f7f387a03f415e753c4575e976580f0c65b,8,151331,main,12.633000000000001,1.4562549591064453,1.8395977020263672,6,False
viberwhisper-history.json,86,426f7f7f387a03f415e753c4575e976580f0c65b,8,151331,auto50,47.1735,0.0704498291015625,3.798098564147949,7,False
viberwhisper-history.json,87,2fee0a2218e285a4c18a5b3503ea2849a05d2ea9,11,102032,main,11.338834,1.4562549591064453,2.1011781692504883,7,False
viberwhisper-history.json,87,2fee0a2218e285a4c18a5b3503ea2849a05d2ea9,11,102032,auto50,30.105916999999998,0.0704498291015625,4.063309669494629,8,False
viberwhisper-history.json,87,2fee0a2218e285a4c18a5b3503ea2849a05d2ea9,11,102032,auto25,29.322833,0.0704498291015625,4.063309669494629,8,False
viberwhisper-history.json,88,2afe57be7d9a6b88128a3f108339e75afc52c99e,3,36650,auto50,27.645041,0.0704498291015625,4.162839889526367,9,False
viberwhisper-history.json,88,2afe57be7d9a6b88128a3f108339e75afc52c99e,3,36650,auto25,27.711917,0.0704498291015625,4.162839889526367,9,False
viberwhisper-history.json,88,2afe57be7d9a6b88128a3f108339e75afc52c99e,3,36650,main,11.068125,1.4562549591064453,2.188021659851074,8,False
viberwhisper-history.json,89,a1f40ed5be5746284a79cdfd785cdc6ce7cb88f4,2,9787,auto25,34.511584,0.0704498291015625,4.170196533203125,9,False
viberwhisper-history.json,89,a1f40ed5be5746284a79cdfd785cdc6ce7cb88f4,2,9787,main,27.628458000000002,1.807755470275879,0.0,1,False
viberwhisper-history.json,89,a1f40ed5be5746284a79cdfd785cdc6ce7cb88f4,2,9787,auto50,35.037709,0.0704498291015625,4.170196533203125,9,False
viberwhisper-history.json,90,c829976a2d0c8dac44309f13deaedd5c46323f05,4,24460,main,10.330957999999999,1.807755470275879,0.07290935516357422,2,False
viberwhisper-history.json,90,c829976a2d0c8dac44309f13deaedd5c46323f05,4,24460,auto50,39.995000000000005,0.0704498291015625,4.149100303649902,8,False
viberwhisper-history.json,90,c829976a2d0c8dac44309f13deaedd5c46323f05,4,24460,auto25,38.444167,0.0704498291015625,4.149100303649902,8,False
viberwhisper-history.json,91,f01e3331ee68a3848f8be454476c0cad579a4489,9,63880,auto50,27.085125,0.0704498291015625,4.313196182250977,9,False
viberwhisper-history.json,91,f01e3331ee68a3848f8be454476c0cad579a4489,9,63880,auto25,29.485666000000002,0.0704498291015625,4.313196182250977,9,False
viberwhisper-history.json,91,f01e3331ee68a3848f8be454476c0cad579a4489,9,63880,main,11.324875,1.807755470275879,0.2235097885131836,3,False
viberwhisper-history.json,92,e10a53e0e3151392767d7e3a01e3a64906fd246f,5,53518,auto25,43.583709,0.0704498291015625,3.7091894149780273,7,False
viberwhisper-history.json,92,e10a53e0e3151392767d7e3a01e3a64906fd246f,5,53518,main,11.11975,1.807755470275879,0.3498973846435547,4,False
viberwhisper-history.json,92,e10a53e0e3151392767d7e3a01e3a64906fd246f,5,53518,auto50,42.199958,0.0704498291015625,3.7091894149780273,7,False
viberwhisper-history.json,93,cc620e97c0e0852830d4346ac4efc1ce1dcf5910,7,59315,main,10.70375,1.807755470275879,0.48685359954833984,5,False
viberwhisper-history.json,93,cc620e97c0e0852830d4346ac4efc1ce1dcf5910,7,59315,auto50,27.462457999999998,0.0704498291015625,3.8584890365600586,8,False
viberwhisper-history.json,93,cc620e97c0e0852830d4346ac4efc1ce1dcf5910,7,59315,auto25,29.344959,0.0704498291015625,3.8584890365600586,8,False
viberwhisper-history.json,94,04903ca04146d6f512fd9720f14b7b206c8ae793,17,152963,auto50,30.236333000000002,0.0704498291015625,4.212667465209961,9,False
viberwhisper-history.json,94,04903ca04146d6f512fd9720f14b7b206c8ae793,17,152963,auto25,27.625541,0.0704498291015625,4.212667465209961,9,False
viberwhisper-history.json,94,04903ca04146d6f512fd9720f14b7b206c8ae793,17,152963,main,13.089958000000001,1.807755470275879,0.8329143524169922,6,False
viberwhisper-history.json,95,976e1f16c761d5975abd1faf95d5a03996794768,6,65603,auto25,44.488459,0.0704498291015625,3.865056037902832,7,False
viberwhisper-history.json,95,976e1f16c761d5975abd1faf95d5a03996794768,6,65603,main,11.844209,1.807755470275879,0.9809865951538086,7,False
viberwhisper-history.json,95,976e1f16c761d5975abd1faf95d5a03996794768,6,65603,auto50,43.509708,0.0704498291015625,3.865056037902832,7,False
viberwhisper-history.json,96,2c9f50091b26d41f9abf827ac9fe76a4aaaefc4d,23,381898,main,14.296625,1.807755470275879,1.5558862686157227,8,False
viberwhisper-history.json,96,2c9f50091b26d41f9abf827ac9fe76a4aaaefc4d,23,381898,auto50,31.105166999999998,0.0704498291015625,4.469507217407227,8,False
viberwhisper-history.json,96,2c9f50091b26d41f9abf827ac9fe76a4aaaefc4d,23,381898,auto25,30.359042,0.0704498291015625,4.469507217407227,8,False
viberwhisper-history.json,97,720255e31d06533caf1c279a9b1d1109f80b18ab,6,69706,auto50,26.755458,0.0704498291015625,4.6089372634887695,9,False
viberwhisper-history.json,97,720255e31d06533caf1c279a9b1d1109f80b18ab,6,69706,auto25,27.617167000000002,0.0704498291015625,4.6089372634887695,9,False
viberwhisper-history.json,97,720255e31d06533caf1c279a9b1d1109f80b18ab,6,69706,main,29.652375000000003,1.9874486923217773,0.0,1,False
viberwhisper-history.json,98,c267b88deeedebd52ba9e543a83918305011263f,23,351422,auto25,43.867749999999994,0.0704498291015625,5.011152267456055,9,False
viberwhisper-history.json,98,c267b88deeedebd52ba9e543a83918305011263f,23,351422,main,14.367792000000001,1.9874486923217773,0.4975852966308594,2,False
viberwhisper-history.json,98,c267b88deeedebd52ba9e543a83918305011263f,23,351422,auto50,43.736167,0.0704498291015625,5.011152267456055,9,False
viberwhisper-history.json,99,65186fe565fcc21af180634a6b0684e2e18ed192,51,248595,main,12.775416,1.9874486923217773,0.9644327163696289,3,False
viberwhisper-history.json,99,65186fe565fcc21af180634a6b0684e2e18ed192,51,248595,auto50,55.358125,0.0704498291015625,4.47519588470459,7,False
viberwhisper-history.json,99,65186fe565fcc21af180634a6b0684e2e18ed192,51,248595,auto25,54.801875,0.0704498291015625,4.47519588470459,7,False
viberwhisper-history.json,100,ab1f117d922fe06da6fc2f1f72605ba227ba4233,1,9725,auto50,27.110916999999997,0.0704498291015625,4.511846542358398,8,False
viberwhisper-history.json,100,ab1f117d922fe06da6fc2f1f72605ba227ba4233,1,9725,auto25,30.615416,0.0704498291015625,4.511846542358398,8,False
viberwhisper-history.json,100,ab1f117d922fe06da6fc2f1f72605ba227ba4233,1,9725,main,11.16875,1.9874486923217773,0.9939022064208984,4,False
agentflow-history.json,1,9cca7f6765530826d562da26ff4674b1d6f7baf6,22,158490,auto50,25.308708,0.8180513381958008,0.33382701873779297,2,False
agentflow-history.json,1,9cca7f6765530826d562da26ff4674b1d6f7baf6,22,158490,auto25,25.949291,0.8180513381958008,0.33382701873779297,2,False
agentflow-history.json,1,9cca7f6765530826d562da26ff4674b1d6f7baf6,22,158490,main,9.979667,0.8180513381958008,0.33382701873779297,2,False
agentflow-history.json,2,5b5b0b114b801c0088ee68f2abe2e69847f6ba1e,36,189447,auto25,28.986667,0.8180513381958008,0.7490072250366211,3,False
agentflow-history.json,2,5b5b0b114b801c0088ee68f2abe2e69847f6ba1e,36,189447,main,10.477,0.8180513381958008,0.7490072250366211,3,False
agentflow-history.json,2,5b5b0b114b801c0088ee68f2abe2e69847f6ba1e,36,189447,auto50,25.343,0.8180513381958008,0.7490072250366211,3,False
agentflow-history.json,3,3d849065c2f15ad341b10d3635adecda572a389d,2,7089,main,7.272708,0.8180513381958008,0.7805585861206055,4,False
agentflow-history.json,3,3d849065c2f15ad341b10d3635adecda572a389d,2,7089,auto50,25.368666,0.8180513381958008,0.7805585861206055,4,False
agentflow-history.json,3,3d849065c2f15ad341b10d3635adecda572a389d,2,7089,auto25,23.92675,0.8180513381958008,0.7805585861206055,4,False
agentflow-history.json,4,96ee4e9aaf03f10f5c50e2b8842484f56c1ccd8b,4,12712,auto50,26.870792,0.8180513381958008,0.8335647583007812,5,False
agentflow-history.json,4,96ee4e9aaf03f10f5c50e2b8842484f56c1ccd8b,4,12712,auto25,23.781917,0.8180513381958008,0.8335647583007812,5,False
agentflow-history.json,4,96ee4e9aaf03f10f5c50e2b8842484f56c1ccd8b,4,12712,main,8.442084000000001,0.8180513381958008,0.8335647583007812,5,False
agentflow-history.json,5,7b91e44f4b9ae3f5878ead729dc7cf303f46b764,27,581539,auto25,36.650875,0.8180513381958008,1.5973739624023438,5,False
agentflow-history.json,5,7b91e44f4b9ae3f5878ead729dc7cf303f46b764,27,581539,main,18.731583999999998,0.8180513381958008,1.6503801345825195,6,False
agentflow-history.json,5,7b91e44f4b9ae3f5878ead729dc7cf303f46b764,27,581539,auto50,35.77525,0.8180513381958008,1.5973739624023438,5,False
agentflow-history.json,6,8e11dc763cf915bc01901a3d1ce301180dc91737,56,697151,main,20.257375,0.8180513381958008,2.5895328521728516,7,False
agentflow-history.json,6,8e11dc763cf915bc01901a3d1ce301180dc91737,56,697151,auto50,37.989959,0.8180513381958008,2.202699661254883,5,False
agentflow-history.json,6,8e11dc763cf915bc01901a3d1ce301180dc91737,56,697151,auto25,39.201917,0.8180513381958008,2.202699661254883,5,False
agentflow-history.json,7,77eb240564d52e3845fdc221642f4ff6621eae1e,29,181612,auto50,28.765916999999998,0.8180513381958008,2.531355857849121,6,False
agentflow-history.json,7,77eb240564d52e3845fdc221642f4ff6621eae1e,29,181612,auto25,28.995542,0.8180513381958008,2.531355857849121,6,False
agentflow-history.json,7,77eb240564d52e3845fdc221642f4ff6621eae1e,29,181612,main,11.3915,0.8180513381958008,2.91818904876709,8,False
agentflow-history.json,8,5ec17f27e93d7a63506dfe00a2f57dee2923fb6a,32,261518,auto25,26.313708000000002,0.8180513381958008,2.944559097290039,7,False
agentflow-history.json,8,5ec17f27e93d7a63506dfe00a2f57dee2923fb6a,32,261518,main,25.226125,1.324324607849121,0.0,1,False
agentflow-history.json,8,5ec17f27e93d7a63506dfe00a2f57dee2923fb6a,32,261518,auto50,29.389125,0.8180513381958008,2.944559097290039,7,False
agentflow-history.json,9,bf0821e6a40ab47986432a69bfa8ee5e72bb8dd7,4,38515,main,8.348708,1.324324607849121,0.11885547637939453,2,False
agentflow-history.json,9,bf0821e6a40ab47986432a69bfa8ee5e72bb8dd7,4,38515,auto50,26.743125,0.8180513381958008,3.0820484161376953,8,False
agentflow-history.json,9,bf0821e6a40ab47986432a69bfa8ee5e72bb8dd7,4,38515,auto25,28.112291000000003,0.8180513381958008,3.0820484161376953,8,False
agentflow-history.json,10,b5ba13dc3366a4942555ddafd6fb52ad61243e4f,32,224006,auto50,30.683291,0.8180513381958008,3.499688148498535,9,False
agentflow-history.json,10,b5ba13dc3366a4942555ddafd6fb52ad61243e4f,32,224006,auto25,29.60775,0.8180513381958008,3.499688148498535,9,False
agentflow-history.json,10,b5ba13dc3366a4942555ddafd6fb52ad61243e4f,32,224006,main,11.796667000000001,1.324324607849121,0.5309381484985352,3,False
agentflow-history.json,11,e7b93ba2184c382b934ab05f98bc0c8a637dcefc,19,561848,auto25,45.769833000000006,0.8180513381958008,3.362316131591797,7,False
agentflow-history.json,11,e7b93ba2184c382b934ab05f98bc0c8a637dcefc,19,561848,main,19.165584,1.324324607849121,1.4472761154174805,4,False
agentflow-history.json,11,e7b93ba2184c382b934ab05f98bc0c8a637dcefc,19,561848,auto50,51.616375,0.8180513381958008,3.362316131591797,7,False
agentflow-history.json,12,8125a4b669a2026a51d95e6cb86af7019083a17a,44,434695,main,12.601541000000001,1.324324607849121,2.0683116912841797,5,False
agentflow-history.json,12,8125a4b669a2026a51d95e6cb86af7019083a17a,44,434695,auto50,30.315917000000002,0.8180513381958008,3.9875049591064453,8,False
agentflow-history.json,12,8125a4b669a2026a51d95e6cb86af7019083a17a,44,434695,auto25,30.070542,0.8180513381958008,3.9875049591064453,8,False
agentflow-history.json,13,bbf99f98124011bd4f0cda40c7df0b551191ab4b,8,138514,auto50,29.140292000000002,0.8180513381958008,4.1549882888793945,9,False
agentflow-history.json,13,bbf99f98124011bd4f0cda40c7df0b551191ab4b,8,138514,auto25,27.02825,0.8180513381958008,4.1549882888793945,9,False
agentflow-history.json,13,bbf99f98124011bd4f0cda40c7df0b551191ab4b,8,138514,main,11.042,1.324324607849121,2.2368221282958984,6,False
agentflow-history.json,14,135d2eddcadcb2365b7c3107b0d7e167a039d174,33,360278,auto25,51.03075,0.8180513381958008,3.9336280822753906,7,False
agentflow-history.json,14,135d2eddcadcb2365b7c3107b0d7e167a039d174,33,360278,main,13.114459,1.324324607849121,2.716785430908203,7,False
agentflow-history.json,14,135d2eddcadcb2365b7c3107b0d7e167a039d174,33,360278,auto50,49.327042,0.8180513381958008,3.9336280822753906,7,False
agentflow-history.json,15,9fd98266044601c28975de64070f6f8a48dfc258,1,9804,main,8.974167,1.324324607849121,2.7574844360351562,8,False
agentflow-history.json,15,9fd98266044601c28975de64070f6f8a48dfc258,1,9804,auto50,28.173875000000002,0.8180513381958008,3.9743270874023438,8,False
agentflow-history.json,15,9fd98266044601c28975de64070f6f8a48dfc258,1,9804,auto25,26.154166,0.8180513381958008,3.9743270874023438,8,False
agentflow-history.json,16,78b8bc384df3f5dad06a3df622d870ee5a89853a,32,330342,auto50,29.888125000000002,0.8180513381958008,4.441938400268555,8,False
agentflow-history.json,16,78b8bc384df3f5dad06a3df622d870ee5a89853a,32,330342,auto25,28.855792,0.8180513381958008,4.441938400268555,8,False
agentflow-history.json,16,78b8bc384df3f5dad06a3df622d870ee5a89853a,32,330342,main,28.429458,1.7794771194458008,0.0,1,False
agentflow-history.json,17,878588e006d46f2c3c94937d54615b328e237f9f,43,919999,auto25,40.290834,0.8180513381958008,5.561031341552734,9,False
agentflow-history.json,17,878588e006d46f2c3c94937d54615b328e237f9f,43,919999,main,22.773125,1.7794771194458008,1.2547540664672852,2,False
agentflow-history.json,17,878588e006d46f2c3c94937d54615b328e237f9f,43,919999,auto50,41.544667,0.8180513381958008,5.561031341552734,9,False
agentflow-history.json,18,e6ec8c6222a334628285f2d93fb5278991a5e36c,2,14463,main,9.129292000000001,1.7794771194458008,1.3212699890136719,3,False
agentflow-history.json,18,e6ec8c6222a334628285f2d93fb5278991a5e36c,2,14463,auto50,38.028082999999995,0.8180513381958008,5.616218566894531,9,False
agentflow-history.json,18,e6ec8c6222a334628285f2d93fb5278991a5e36c,2,14463,auto25,35.809625,0.8180513381958008,5.616218566894531,9,False
agentflow-history.json,19,40efd5bcc760bc1aa05029515d2eb46d3dff3c30,35,423727,auto50,58.133583,0.8180513381958008,4.852265357971191,7,False
agentflow-history.json,19,40efd5bcc760bc1aa05029515d2eb46d3dff3c30,35,423727,auto25,58.871874999999996,0.8180513381958008,4.852265357971191,7,False
agentflow-history.json,19,40efd5bcc760bc1aa05029515d2eb46d3dff3c30,35,423727,main,13.810459,1.7794771194458008,1.891331672668457,4,False
