dataset,query,category,rg_compatible,matching_lines,baseline_ms,optimized_ms,baseline_no_refresh_ms,optimized_no_refresh_ms,rg_ms,baseline_p95_ms,optimized_p95_ms,change_pct,change_bootstrap_95,baseline_rss_mib,optimized_rss_mib,baseline_no_refresh_rss_mib,optimized_no_refresh_rss_mib,rg_rss_mib
viberwhisper,word_return,common word,True,268,5.332541,5.40775,4.151,3.982833,6.158458,7.164916,7.400417,1.4103782793231323,"[-5.589572193446967, 5.458104485134574]",9.984375,9.8125,8.6875,8.765625,6.03125
viberwhisper,errors,alternation,True,420,5.492708,5.581375,4.290875,4.17225,6.536875,7.067667,8.062625,1.6142674979263472,"[-7.236965608575085, 4.090277509745643]",10.328125,10.171875,9.125,9.171875,6.21875
viberwhisper,todo,ignore case,True,1,4.863166,4.8085,3.4975,3.434416,6.710666,5.943792,6.221291,-1.1240825421134915,"[-4.259134723156244, 2.41925769042024]",9.796875,9.71875,8.46875,8.5,6.03125
viberwhisper,short,scan fallback,True,97,5.690083,5.735834,4.113625,4.23975,6.499917,6.696459,7.13825,0.8040480253100002,"[-4.074736325552997, 5.521147085843059]",9.640625,9.5625,8.15625,8.171875,5.96875
viberwhisper,digits,scan fallback,True,88,5.800083,5.943667,4.472792,4.492792,6.6205,7.200042,9.175834,2.47555078091124,"[-2.4581567267842663, 5.553416987940318]",10.203125,9.90625,9.03125,8.921875,6.5
viberwhisper,absent,no matches,True,0,4.619292,4.682875,3.232333,3.276625,6.454208,5.525083,5.802416,1.376466350254546,"[-4.133558606519038, 3.3404362369723106]",9.046875,9.03125,7.40625,7.4375,5.734375
viberwhisper,literal,fixed string,True,66,5.123667,5.007792,3.665958,3.595084,6.412375,6.423042,6.628708,-2.261563836994085,"[-5.1561646433990855, 4.175655195534622]",9.71875,9.640625,8.171875,8.265625,5.84375
viberwhisper,icase_literal,ignore case,True,318,5.859833,5.916083,4.451917,4.47025,6.377167,7.238959,7.938458,0.959924967144965,"[-4.229496664441812, 5.114904733644043]",11.5625,11.453125,10.46875,10.546875,6.15625
viberwhisper,function,function definitions,True,813,5.67975,5.640834,4.29075,4.144041,6.394292,6.846792,7.289625,-0.6851710022448221,"[-3.4037539705457753, 7.354868279592441]",10.109375,10.0,8.734375,8.796875,6.140625
viberwhisper,public,optional group,True,357,5.668208,5.582167,4.174042,4.081708,6.727584,6.705875,7.838875,-1.5179577037398695,"[-5.044559771306556, 4.3977468767876005]",10.59375,10.59375,9.328125,9.5,6.125
viberwhisper,impl,anchor,True,152,5.334333,5.329541,3.872375,3.827125,6.52775,7.503167,6.829375,-0.08983316189672408,"[-5.232406148926383, 4.23719869886654]",10.21875,10.109375,8.921875,9.015625,6.0
viberwhisper,use,imports,True,184,5.371625,5.325542,3.920875,3.923542,6.479459,7.450333,7.380083,-0.8578968189328129,"[-5.523899660020204, 6.021429595802874]",10.125,10.109375,8.859375,9.0,5.890625
viberwhisper,derive,escaped punctuation,True,125,5.071208,4.907,3.563292,3.623833,6.156125,6.44925,6.232958,-3.238045057508987,"[-6.158704290821671, 0.807731184976479]",9.65625,9.609375,8.125,8.21875,5.859375
viberwhisper,unwrap,method call,True,413,5.263,5.218875,3.721542,3.688917,6.0845,6.395125,6.736958,-0.8384001520045592,"[-5.3744518003296164, 5.008512522797259]",9.796875,9.65625,8.328125,8.390625,5.875
viberwhisper,async,whitespace,True,0,5.230709,4.998208,3.617959,3.616708,7.053583,6.078333,6.11275,-4.444923240807319,"[-7.480445221806309, 1.872673411935577]",10.078125,10.0,8.75,8.78125,6.484375
viberwhisper,common_files,common / files,True,54,5.169333,5.189917,3.774625,3.802084,6.351542,6.914625,7.285084,0.39819450594498207,"[-3.0258632495353766, 4.205630117738268]",9.6875,9.546875,8.09375,8.1875,5.890625
agentflow,word_return,common word,True,689,5.245375,5.250625,4.046292,4.051166,6.3165,5.6585,5.631917,0.10008817291424776,"[-2.7722755505364183, 2.676167099587734]",10.0,9.8125,8.625,8.734375,6.0
agentflow,errors,alternation,True,110,5.136834,5.123875,3.950792,3.915625,6.197667,5.555125,5.574666,-0.25227601281256895,"[-4.463782165514296, 2.5293585202676105]",10.203125,10.109375,9.0625,9.078125,6.25
agentflow,todo,ignore case,True,12,4.697833,4.654125,3.523041,3.612416,6.6445,5.100708,5.033708,-0.9303864143318963,"[-3.293491309567309, 0.89332816144847]",9.734375,9.640625,8.625,8.640625,6.0625
agentflow,short,scan fallback,True,85,5.341209,5.376708,4.082084,4.075542,5.923167,5.703834,5.793166,0.6646248068555183,"[-0.9402481527951978, 3.065954694039963]",9.984375,9.875,8.484375,8.4375,6.015625
agentflow,digits,scan fallback,True,81,6.15375,6.107083,4.823625,4.849208,6.377917,6.645458,6.394041,-0.758350599228097,"[-2.517798725836151, 1.5936283089425407]",10.46875,10.328125,9.1875,9.28125,6.359375
agentflow,absent,no matches,True,0,4.409208,4.406584,3.161542,3.142041,6.389958,4.79575,4.687083,-0.05951182162420299,"[-2.306773019093411, 2.6531812274368294]",9.140625,9.0,7.421875,7.4375,5.78125
agentflow,literal,fixed string,True,25,4.483959,4.509042,3.252792,3.163792,6.455459,4.910125,5.020625,0.5593940533354713,"[-2.4560770427840106, 3.985473551386187]",9.265625,9.078125,7.5625,7.609375,5.90625
agentflow,icase_literal,ignore case,True,25,5.049583,5.041375,3.862709,3.915125,6.085375,5.653917,5.661416,-0.16254807575198926,"[-2.106722983380249, 2.4478143715184197]",10.640625,10.5,9.484375,9.453125,6.0
agentflow,function,function definitions,True,1046,5.492875,5.541958,4.373167,4.323,6.028166,5.915792,5.899791,0.8935757686093337,"[-0.9466809275652466, 1.8043769715876623]",9.984375,9.921875,8.765625,8.796875,6.21875
agentflow,class,class definitions,True,198,5.272125,5.181042,4.039375,4.038791,8.198917,5.707541,5.679291,-1.7276335443488167,"[-4.070937687769394, 0.2577303300859368]",10.75,10.5,9.5,9.453125,6.375
agentflow,import,imports,True,499,5.701,5.614792,4.399792,4.444417,6.649791,5.980916,5.98025,-1.5121557621469939,"[-2.861530475407714, 0.7862723783653713]",11.671875,11.515625,10.453125,10.390625,7.03125
agentflow,decorator,escaped punctuation,True,199,5.636542,5.6575,4.394292,4.379792,22.53375,6.1615,6.272041,0.37182371744943765,"[-2.733253103550426, 2.600100562734098]",11.078125,10.609375,9.859375,9.78125,6.71875
agentflow,async,whitespace,True,454,5.370583,5.438334,4.155125,4.211833,6.908708,5.93575,5.825708,1.2615203973199929,"[-2.328608625455053, 2.9427345224903867]",11.515625,11.4375,10.34375,10.25,6.90625
agentflow,db,alternation,True,525,5.82075,5.809417,4.615708,4.689125,6.7995,6.403959,6.278166,-0.19469999570502772,"[-1.148185371300947, 1.4911503468545417]",11.375,11.125,10.28125,10.296875,6.46875
agentflow,test,test definitions,True,224,5.106875,5.084291,3.907792,3.88225,6.478083,5.594167,5.517625,-0.4422273895483886,"[-1.8820309341591623, 1.6473883535027545]",10.703125,10.5,9.453125,9.4375,6.671875
agentflow,common_files,common / files,True,58,4.993291,4.906083,3.722458,3.637791,6.389166,5.787458,5.133208,-1.7465034583404093,"[-3.3208747916561365, 0.832390267195704]",9.65625,9.546875,8.125,8.171875,5.90625
