scenario,step,version,refresh_ms,segments,rss_bytes,active_bytes,retained_bytes
repeated,1,before,75.474791,2,28590080,66011541,68475611
repeated,1,after,54.132833,2,25788416,66011541,66011541
repeated,2,before,70.056209,3,28508160,66443367,70139631
repeated,2,after,62.510833000000005,2,26116096,66011726,66443261
repeated,3,before,80.713,4,28524544,66875297,71803861
repeated,3,after,52.897125,2,26558464,66011830,66875085
repeated,4,before,68.72875,5,27803648,67307539,73468509
repeated,4,after,57.898125,2,25706496,66012142,67307221
repeated,5,before,74.52041700000001,6,28327936,67739906,75133388
repeated,5,after,51.315375,2,27066368,66012267,67739482
repeated,6,before,70.184209,7,27951104,68172399,76798499
repeated,6,after,64.514958,2,27607040,66012393,68171869
repeated,7,before,76.414708,8,27967488,68605001,78463825
repeated,7,after,55.134292,2,27033600,66012502,68604365
repeated,8,before,841.122792,1,227737600,65599014,144062097
repeated,8,after,60.786375,2,26509312,66012629,69036988
repeated,9,before,75.716709,2,29523968,66031870,145727041
repeated,9,after,50.435584,2,27426816,66012756,69469738
repeated,10,before,70.965417,3,28033024,66464853,147392218
repeated,10,after,61.017375,2,27000832,66012883,69902615
repeated,11,before,76.057708,4,28950528,66897949,149057614
repeated,11,after,55.418333,2,26361856,66012996,70335605
repeated,12,before,72.411375,5,29769728,67331377,150723448
repeated,12,after,64.386125,2,27574272,66013328,70768927
repeated,13,before,75.505333,6,28229632,67764896,152389479
repeated,13,after,57.566708,2,27033600,66013419,71202340
repeated,14,before,70.720417,7,30703616,68198523,154055724
repeated,14,after,64.514083,2,27426816,66013527,71635861
repeated,15,before,80.95525,8,30834688,68632255,155722180
repeated,15,after,55.975167,2,28344320,66013632,72069487
repeated,16,before,850.316292,1,229294080,65599952,221321390
repeated,16,after,63.015125000000005,2,27574272,66013713,72503194
repeated,17,before,79.86479100000001,2,28803072,66033875,222987401
repeated,17,after,50.340084,2,25903104,66013823,72937011
repeated,18,before,71.882917,3,30097408,66467904,224653624
repeated,18,after,59.825375,2,26951680,66013929,73370934
repeated,19,before,76.794791,4,30081024,66902033,226320053
repeated,19,after,54.269,2,28311552,66014029,73804957
repeated,20,before,71.902125,5,30605312,67336288,227986714
repeated,20,after,64.48816599999999,2,27607040,66014155,74239106
repeated,21,before,76.653333,6,29196288,67770635,229653573
repeated,21,after,54.083667000000005,2,28721152,66014247,74673347
repeated,22,before,71.53708400000001,7,29097984,68205069,231320625
repeated,22,after,62.462334,2,26509312,66014334,75107675
repeated,23,before,77.032666,8,29556736,68639586,232987866
repeated,23,after,55.047417,2,26198016,66014417,75542086
repeated,24,before,852.5374999999999,1,227344384,65600681,298587805
repeated,24,after,62.697709,2,26411008,66014485,75976565
repeated,25,before,76.858125,2,28934144,66035353,300254565
repeated,25,after,54.824875,2,26968064,66014572,76411131
repeated,26,before,72.339792,3,28917760,66470139,301921545
repeated,26,after,65.81975,2,27197440,66014686,76845811
repeated,27,before,78.452375,4,30932992,66904999,303588705
repeated,27,after,56.597209,2,27328512,66014760,77280565
repeated,28,before,73.34224999999999,5,28508160,67339926,305256038
repeated,28,after,62.551916999999996,2,27459584,66014827,77715386
repeated,29,before,77.942625,6,29032448,67774957,306923581
repeated,29,after,53.788083,2,27361280,66014931,78150311
repeated,30,before,72.127542,7,29540352,68210096,308591338
repeated,30,after,64.455959,2,27131904,66015039,78585344
repeated,31,before,88.588167,8,29392896,68645338,310259304
repeated,31,after,54.205416,2,27131904,66015142,79020480
repeated,32,before,859.290708,1,227704832,65601376,375859938
repeated,32,after,65.099875,2,26869760,66015238,79455712
repeated,33,before,78.4505,2,29343744,66037049,377527699
repeated,33,after,57.573,2,27770880,66015573,79891279
repeated,34,before,72.818542,3,29065216,66472858,379195702
repeated,34,after,66.950041,2,27787264,66015709,80326982
repeated,35,before,80.792625,4,30162944,66908740,380863884
repeated,35,after,55.353291999999996,2,27115520,66015782,80762758
repeated,36,before,71.374542,5,28606464,67344718,382532268
repeated,36,after,66.552417,2,26525696,66015878,81198630
repeated,37,before,82.36625000000001,6,30261248,67780819,384200881
repeated,37,after,57.198792,2,27394048,66016001,81634625
repeated,38,before,72.84599999999999,7,30523392,68217024,385869704
repeated,38,after,65.402958,2,27885568,66016105,82070724
repeated,39,before,76.97779200000001,8,29556736,68653338,387538742
repeated,39,after,55.657417,2,28770304,66016214,82506932
repeated,40,before,845.9565,1,227311616,65602232,453140232
repeated,40,after,67.32220799999999,2,26492928,66016511,82943437
repeated,41,before,77.837375,2,29540352,66039130,454809218
repeated,41,after,58.574417,2,27525120,66016798,83380229
repeated,42,before,71.708417,3,28426240,66476275,456478557
repeated,42,after,63.614667,2,27197440,66017045,83817268
repeated,43,before,78.794292,4,29851648,66913723,458148305
repeated,43,after,57.220875,2,27410432,66017348,84254610
repeated,44,before,72.818375,5,30490624,67351400,459818388
repeated,44,after,65.55087499999999,2,27934720,66017577,84692181
repeated,45,before,79.70824999999999,6,28901376,67789365,461488865
repeated,45,after,58.442125,2,27049984,66017865,85130040
repeated,46,before,74.036459,7,29376512,68227581,463159699
repeated,46,after,65.61270800000001,2,28377088,66018116,85568150
repeated,47,before,79.632417,8,29392896,68666073,464830915
repeated,47,after,57.947832999999996,2,27508736,66018392,86006536
repeated,48,before,853.6458329999999,1,227770368,65604260,530434433
repeated,48,after,68.00925,2,28524544,66018630,86445160
repeated,49,before,77.15770900000001,2,29835264,66043280,532105541
repeated,49,after,56.704583,2,27443200,66018920,86884074
repeated,50,before,74.37316700000001,3,29458432,66482427,533776882
repeated,50,after,66.63108399999999,2,27607040,66019047,87323115
repeated,51,before,79.268167,4,29966336,66921671,535448426
repeated,51,after,65.054666,2,28721152,66019144,87762253
repeated,52,before,73.48837499999999,5,29474816,67361008,537120169
repeated,52,after,68.600958,2,26689536,66019237,88201484
repeated,53,before,78.915542,6,30834688,67800446,538792119
repeated,53,after,57.438083,2,27688960,66019338,88640816
repeated,54,before,74.183583,7,30015488,68240007,540464298
repeated,54,after,67.279791,2,27557888,66019461,89080271
repeated,55,before,80.36270900000001,8,30539776,68679658,542136673
repeated,55,after,59.368167,2,28721152,66019551,89519816
repeated,56,before,855.364708,1,226951168,65604900,607740831
repeated,56,after,68.38633399999999,2,29114368,66019648,89959458
repeated,57,before,80.042625,2,29048832,66044773,609412792
repeated,57,after,58.173375,2,27721728,66019773,90399225
repeated,58,before,75.770416,3,29376512,66484728,611084941
repeated,58,after,65.300833,2,26836992,66019855,90839074
repeated,59,before,79.270708,4,29212672,66924809,612757322
repeated,59,after,59.042083000000005,2,27934720,66019981,91279049
repeated,60,before,77.109208,5,30474240,67364978,614429897
repeated,60,after,67.454541,2,27410432,66020069,91719112
repeated,61,before,79.146208,6,30146560,67805284,616102715
repeated,61,after,59.417125,2,28786688,66020206,92159312
repeated,62,before,75.0165,7,30310400,68245694,617775743
repeated,62,after,68.262958,2,27672576,66020310,92599616
repeated,63,before,80.708833,8,29786112,68686236,619449009
repeated,63,after,64.434458,2,28246016,66020442,93040052
repeated,64,before,864.737542,1,226869248,65605732,685053999
repeated,64,after,70.90854200000001,2,28033024,66020530,93480576
repeated,65,before,80.295166,2,29081600,66046475,686726830
repeated,65,after,59.295583,2,28786688,66020643,93921213
repeated,66,before,74.084958,3,29147136,66487336,688399885
repeated,66,after,67.495666,2,27574272,66020761,94361968
repeated,67,before,81.186875,4,29573120,66928318,690073167
repeated,67,after,61.046541000000005,2,28196864,66020882,94802844
repeated,68,before,78.096958,5,29802496,67369420,691746675
repeated,68,after,66.504667,2,26869760,66021002,95243840
repeated,69,before,82.934333,6,30474240,67810650,693420417
repeated,69,after,58.913208000000004,2,27557888,66021130,95684964
repeated,70,before,75.487583,7,31031296,68251986,695094371
repeated,70,after,68.404458,2,27508736,66021236,96126194
repeated,71,before,82.549333,8,31113216,68693636,696768745
repeated,71,after,56.195167,2,27639808,66021550,96567738
repeated,72,before,889.4778749999999,1,229015552,65606766,762374769
repeated,72,after,70.153875,2,27049984,66021662,97009394
repeated,73,before,80.85225,2,29720576,66048606,764048697
repeated,73,after,59.000583,2,27885568,66021740,97451128
repeated,74,before,75.329,3,29900800,66490558,765722843
repeated,74,after,69.237041,2,27574272,66021852,97892974
repeated,75,before,81.996917,4,30638080,66932632,767397217
repeated,75,after,61.670583,2,28868608,66021974,98334942
repeated,76,before,76.058625,5,29671424,67374807,769071798
repeated,76,after,64.27149999999999,2,28229632,66022075,98777011
repeated,77,before,82.478625,6,30359552,67817084,770746587
repeated,77,after,59.967167,2,28655616,66022177,99219182
repeated,78,before,75.480292,7,29327360,68259476,772421597
repeated,78,after,67.170792,2,28213248,66022292,99661468
repeated,79,before,83.423417,8,31703040,68701974,774096819
repeated,79,after,62.0005,2,27852800,66022398,100103860
repeated,80,before,877.29125,1,227328000,65607438,839703515
repeated,80,after,75.424375,2,29310976,66022516,100546370
repeated,81,before,82.16291700000001,2,28868608,66050124,841378289
repeated,81,after,62.290625000000006,2,27344896,66022586,100988950
repeated,82,before,76.031834,3,29540352,66492870,843053229
repeated,82,after,67.350166,2,28278784,66022646,101431590
repeated,83,before,81.853167,4,31211520,66935679,844728338
repeated,83,after,60.794667,2,27967488,66022709,101874293
repeated,84,before,77.24729099999999,5,29802496,67378570,846403635
repeated,84,after,66.283625,2,27607040,66022791,102317078
repeated,85,before,81.33624999999999,6,29229056,67821529,848079106
repeated,85,after,61.023624999999996,2,27295744,66022859,102759931
repeated,86,before,77.25750000000001,7,29982720,68264575,849754770
repeated,86,after,70.51566600000001,2,28016640,66022946,103202871
repeated,87,before,83.890958,8,31653888,68707691,851430610
repeated,87,after,62.343959,2,28442624,66023016,103645881
repeated,88,before,868.606583,1,227622912,65608044,917037912
repeated,88,after,70.13324999999999,2,27836416,66023069,104088944
repeated,89,before,83.167417,2,31277056,66051300,918713256
repeated,89,after,64.001084,2,26902528,66023156,104532094
repeated,90,before,75.671084,3,29327360,66494638,920388788
repeated,90,after,68.531333,2,28147712,66023238,104975326
repeated,91,before,80.395583,4,29278208,66938088,922064538
repeated,91,after,59.377582999999994,2,29310976,66023350,105418670
repeated,92,before,77.939375,5,30490624,67381650,923740506
repeated,92,after,72.125917,2,29196288,66023462,105862126
repeated,93,before,81.159875,6,30113792,67825322,925416690
repeated,93,after,58.469291,2,28098560,66023572,106305692
repeated,94,before,76.465958,7,30228480,68269061,927093047
repeated,94,after,69.331875,2,27262976,66023639,106749325
repeated,95,before,83.323,8,30605312,68712934,928769644
repeated,95,after,61.573707999999996,2,29147136,66023773,107193092
repeated,96,before,885.42725,1,227246080,65608608,994377510
repeated,96,after,72.730709,2,27820032,66023862,107636948
repeated,97,before,82.063916,2,30507008,66052724,996053714
repeated,97,after,60.381292,2,28508160,66024016,108080958
repeated,98,before,76.273667,3,29884416,66496956,997730140
repeated,98,after,68.43920800000001,2,28098560,66024132,108525084
repeated,99,before,82.833,4,29409280,66941293,999406777
repeated,99,after,63.052042,2,27852800,66024237,108969315
repeated,100,before,78.396417,5,30621696,67385797,1001083687
repeated,100,after,71.22375,2,27230208,66024404,109413713
rotating,1,before,75.87837499999999,2,27901952,66011541,68475611
rotating,1,after,57.415084,2,26296320,66011541,66011541
rotating,2,before,69.47958299999999,3,27525120,66546079,70242343
rotating,2,after,65.027084,3,25755648,66546079,66546079
rotating,3,before,75.4885,4,26361856,66963295,71891859
rotating,3,after,50.625375,4,24952832,66963295,66963295
rotating,4,before,71.32325,5,27066368,67325949,73486919
rotating,4,after,61.851583000000005,5,25542656,67325949,67325949
rotating,5,before,77.010625,6,26836992,67739878,75133360
rotating,5,after,53.986041,6,26214400,67739878,67739878
rotating,6,before,72.55916599999999,7,27836416,68181860,76807960
rotating,6,after,65.127875,7,25919488,68181860,68181860
rotating,7,before,79.187708,8,27672576,68663176,78522000
rotating,7,after,56.994875,8,26607616,68663176,68663176
rotating,8,before,874.6130840000001,1,228098048,65675546,144196804
rotating,8,after,65.473,9,26984448,69153770,69153770
rotating,9,before,77.50224999999999,2,26017792,66035766,145789112
rotating,9,after,72.022,7,25886720,69167028,70720623
rotating,10,before,74.5535,3,26935296,66477290,147462830
rotating,10,after,65.25129100000001,8,24788992,69608552,71162147
rotating,11,before,79.508625,4,28016640,66948880,149166720
rotating,11,after,56.339458,9,26329088,70080142,71633737
rotating,12,before,72.713292,5,27066368,67345249,150795495
rotating,12,after,84.138167,7,26411008,70082785,73347472
rotating,13,before,80.549625,6,26902528,67750483,152433241
rotating,13,after,56.647999999999996,8,25526272,70488019,73752706
rotating,14,before,76.23525000000001,7,28000256,68274911,154190287
rotating,14,after,64.56675000000001,9,27017216,71012447,74277134
rotating,15,before,81.97045899999999,8,28590080,68690509,155838609
rotating,15,after,74.23675,7,26525696,70997841,76035842
rotating,16,before,903.144166,1,228343808,65751807,221589674
rotating,16,after,66.312916,8,25919488,71360662,76398663
rotating,17,before,81.794125,2,28327936,66224150,223294105
rotating,17,after,56.9155,9,27803648,71833005,76871006
rotating,18,before,77.284333,3,27754496,66596254,224898403
rotating,18,after,88.33191599999999,7,26722304,71801245,78536684
rotating,19,before,81.98516599999999,4,27148288,66953244,226487693
rotating,19,after,61.117458,8,25427968,72158235,78893674
rotating,20,before,77.85520799999999,5,27459584,67308141,228074996
rotating,20,after,67.317417,9,24526848,72513132,79248571
rotating,21,before,84.102709,6,28393472,67744106,229743473
rotating,21,after,76.469625,7,25853952,72570762,80978057
rotating,22,before,77.178166,7,28082176,68162897,231394882
rotating,22,after,68.437,8,25395200,72989553,81396848
rotating,23,before,82.043459,8,28164096,68504180,232968889
rotating,23,after,57.583375,9,26361856,73330836,81738131
rotating,24,before,905.755875,1,226983936,65826076,298794223
rotating,24,after,94.561875,7,26624000,73479985,83747725
rotating,25,before,86.20708400000001,2,28573696,66310029,300510264
rotating,25,after,62.70075,8,27279360,73963938,84231678
rotating,26,before,79.241375,3,27000832,66744104,302176533
rotating,26,after,71.74641700000001,9,25821184,74398013,84665753
rotating,27,before,86.797083,4,26411008,67096991,303761720
rotating,27,after,85.0895,7,25952256,74224468,86969756
rotating,28,before,80.966125,5,27951104,67496213,305393348
rotating,28,after,68.635458,8,26116096,74623690,87368978
rotating,29,before,84.84866600000001,6,27934720,67760205,306889852
rotating,29,after,60.026666,9,25542656,74887682,87632970
rotating,30,before,80.987292,7,27820032,68204569,308566834
rotating,30,after,84.10195900000001,8,26984448,75132978,88985526
rotating,31,before,84.711292,8,28459008,68616118,310211107
rotating,31,after,58.661666000000004,9,25247744,75544527,89397075
rotating,32,before,914.997042,1,228835328,65897287,376107652
rotating,32,after,105.984667,7,26574848,75278173,92136545
rotating,33,before,86.91508400000001,2,27394048,66296288,377738741
rotating,33,after,58.972333,8,26558464,75677174,92535546
rotating,34,before,80.488125,3,27852800,66703733,379378380
rotating,34,after,68.842625,9,26312704,76084619,92942991
rotating,35,before,87.63908400000001,4,27328512,67115790,381022737
rotating,35,after,88.8115,7,26296320,75976176,95346625
rotating,36,before,88.186792,5,26116096,67450616,382589969
rotating,36,after,67.899916,8,24772608,76311002,95681451
rotating,37,before,92.281583,6,27426816,67830897,384202762
rotating,37,after,62.741291000000004,9,26148864,76691283,96061732
rotating,38,before,83.817291,7,28852224,68259448,385863931
rotating,38,after,96.13475000000001,7,26591232,76613461,98444934
rotating,39,before,102.104042,8,29753344,68581318,387418525
rotating,39,after,59.504875,8,26574848,76935331,98766804
rotating,40,before,919.808083,1,228507648,65968799,453386582
rotating,40,after,74.45725,9,25821184,77398881,99230354
rotating,41,before,87.570583,2,26509312,66330185,454980056
rotating,41,after,78.45845899999999,8,25722880,77556344,100534305
rotating,42,before,82.80108299999999,3,26771456,66756874,456638939
rotating,42,after,70.484042,9,25706496,77983033,100960994
rotating,43,before,91.523708,4,26460160,67267763,458382128
rotating,43,after,99.30975000000001,7,28000256,77802938,104004470
rotating,44,before,85.415334,5,28655616,67794422,460141193
rotating,44,after,71.9015,8,26935296,78329597,104531129
rotating,45,before,88.499625,6,26935296,68183441,461762724
rotating,45,after,63.018459,9,25493504,78718616,104920148
rotating,46,before,87.448875,7,27377664,68710425,463522326
rotating,46,after,104.65425,7,27246592,78620848,107708379
rotating,47,before,91.231208,8,28966912,69098879,465143504
rotating,47,after,66.843208,8,27197440,79009302,108096833
rotating,48,before,922.523792,1,228278272,66040165,531182927
rotating,48,after,78.671875,9,26214400,79400843,108488374
rotating,49,before,89.86166700000001,2,28409856,66494903,532869753
rotating,49,after,84.538834,8,27951104,79630022,109951968
rotating,50,before,86.474458,3,27820032,66960293,534567337
rotating,50,after,73.377042,9,26738688,80095412,110417358
rotating,51,before,90.72354200000001,4,26689536,67330633,536169977
rotating,51,after,88.965459,8,25886720,80157622,112324154
rotating,52,before,86.71912499999999,5,26591232,67656487,537728237
rotating,52,after,74.876083,9,25477120,80483476,112650008
rotating,53,before,92.754417,6,28377088,68126335,539430597
rotating,53,after,77.40925,9,25886720,80865925,113827947
rotating,54,before,86.35404100000001,7,28311552,68579238,541116118
rotating,54,after,103.1535,8,27295744,80857418,116517102
rotating,55,before,93.585875,8,28622848,69097620,542867224
rotating,55,after,65.509334,9,26214400,81375800,117035484
rotating,56,before,928.312458,1,229179392,66110838,608977320
rotating,56,after,91.758375,9,25739264,81622920,118153093
rotating,57,before,91.440166,2,28491776,66510727,610609297
rotating,57,after,81.67795799999999,9,26918912,81882114,119577466
rotating,58,before,88.78337499999999,3,28295168,66969922,612300686
rotating,58,after,92.371542,9,27803648,82173591,121352622
rotating,59,before,92.399125,4,27426816,67311649,613874713
rotating,59,after,88.136791,9,25362432,82363269,123199988
rotating,60,before,87.694125,5,27656192,67778241,615573711
rotating,60,after,100.509792,9,26165248,82646429,125455379
rotating,61,before,95.940416,6,26820608,68142211,617170193
rotating,61,after,143.0515,7,31391744,81311866,131808019
rotating,62,before,89.743875,7,29327360,68534099,618794699
rotating,62,after,75.56475,8,26673152,81703754,132199907
rotating,63,before,95.663,8,28704768,68906128,620399452
rotating,63,after,65.162375,9,26509312,82075783,132571936
rotating,64,before,927.642417,1,228229120,66183875,686582585
rotating,64,after,106.799083,7,26132480,82144138,134186181
rotating,65,before,99.045375,2,26460160,66486648,688117446
rotating,65,after,67.88025,8,25673728,82446911,134488954
rotating,66,before,93.761917,3,27099136,66862063,689725055
rotating,66,after,74.84787499999999,9,26542080,82822326,134864369
rotating,67,before,95.47770899999999,4,29310976,67341690,691436982
rotating,67,after,94.884708,7,27541504,82814773,137210449
rotating,68,before,91.104041,5,28065792,67703863,693031561
rotating,68,after,75.71808300000001,8,25804800,83176946,137572622
rotating,69,before,96.343,6,26492928,68075310,694635520
rotating,69,after,70.872125,9,26427392,83548393,137944069
rotating,70,before,92.146541,7,27361280,68482624,696275452
rotating,70,after,92.39729200000001,8,26656768,83739738,139276030
rotating,71,before,98.79845800000001,8,26558464,68810537,697836089
rotating,71,after,67.48470900000001,9,26263552,84067651,139603943
rotating,72,before,963.266291,1,228098048,66256850,764092197
rotating,72,after,104.829583,8,27410432,84220135,141455847
rotating,73,before,96.936875,2,27459584,66732630,765800065
rotating,73,after,76.640625,9,27459584,84695915,141931627
rotating,74,before,98.16291700000001,3,26427392,67126726,767426355
rotating,74,after,106.964792,8,26869760,84730043,144240675
rotating,75,before,99.927167,4,27246592,67525343,769057272
rotating,75,after,73.84400000000001,9,26476544,85128660,144639292
rotating,76,before,93.722334,5,27213824,67917341,770681676
rotating,76,after,89.4065,9,27115520,85426313,145727348
rotating,77,before,99.24158399999999,6,29212672,68481103,772477950
rotating,77,after,121.770833,7,30179328,84934861,150277651
rotating,78,before,95.368,7,29097984,69124999,774354464
rotating,78,after,83.415083,8,28606464,85578757,150921547
rotating,79,before,101.294209,8,27590656,69534268,775996457
rotating,79,after,75.533083,9,25493504,85988026,151330816
rotating,80,before,1013.4125410000001,1,228114432,66328602,842324317
rotating,80,after,111.39575,8,25296896,86102432,152849795
rotating,81,before,105.627583,2,30113792,66843879,844071682
rotating,81,after,79.619542,9,27410432,86617709,153365072
rotating,82,before,99.168416,3,27541504,67193624,845653621
rotating,82,after,102.540875,8,25493504,86627854,155407492
rotating,83,before,103.63441700000001,4,28917760,67677985,847370282
rotating,83,after,75.59100000000001,9,27000832,87112215,155891853
rotating,84,before,104.108958,5,29900800,68122403,849047106
rotating,84,after,114.64366600000001,8,27918336,87158173,158559265
rotating,85,before,110.962125,6,27525120,68626949,850784164
rotating,85,after,77.509042,9,25444352,87662719,159063811
rotating,86,before,109.230458,7,28311552,68983594,852373427
rotating,86,after,101.92925,9,26804224,87925772,160187843
rotating,87,before,104.247833,8,28540928,69388251,854010808
rotating,87,after,92.336458,9,25853952,88185987,161620102
rotating,88,before,962.359417,1,228868096,66400409,920410475
rotating,88,after,106.470709,9,27017216,88403463,163232537
rotating,89,before,105.673083,2,28622848,66975191,922217345
rotating,89,after,139.445583,7,31162368,87687681,168796285
rotating,90,before,103.86287499999999,3,27443200,67316101,923790449
rotating,90,after,88.277333,8,26198016,88028591,169137195
rotating,91,before,102.406417,4,28409856,67760341,925466989
rotating,91,after,76.95545800000001,9,27459584,88472831,169581435
rotating,92,before,108.54875,5,29130752,68281211,927220265
rotating,92,after,104.22379099999999,8,27541504,88777138,171191444
rotating,93,before,107.6375,6,27492352,68674850,928846416
rotating,93,after,82.293917,9,25722880,89170777,171585083
rotating,94,before,106.840334,7,26247168,68986015,930390199
rotating,94,after,114.35695899999999,8,26886144,89190277,173398526
rotating,95,before,106.715417,8,28753920,69486131,932123039
rotating,95,after,80.64741599999999,9,27148288,89690393,173898642
rotating,96,before,965.7395,1,227393536,66472429,998594726
rotating,96,after,122.10837500000001,8,26804224,89740667,176396307
rotating,97,before,109.088084,2,25919488,66837804,1000192189
rotating,97,after,77.428625,9,25722880,90106042,176761682
rotating,98,before,102.417042,3,30015488,67431583,1002018162
rotating,98,after,107.11850000000001,9,28295168,90591067,178205649
rotating,99,before,107.753458,4,28442624,67913716,1003732595
rotating,99,after,96.954083,9,27836416,90922705,179869608
rotating,100,before,100.57904199999999,5,27312128,68294498,1005345783
rotating,100,after,107.983833,9,26902528,91147818,181657329
