dataset,query,rg_compatible,baseline_ms,optimized_ms,baseline_no_refresh_ms,optimized_no_refresh_ms,rg_ms,change_pct,baseline_p95_ms,optimized_p95_ms
vllm,literal_parallel,True,26.266792,26.696042,11.2855,11.176083,67.8015,1.634192709943405,27.783417,27.781042
vllm,word_sampling,True,27.599292,28.249334,12.788708,12.861,67.847375,2.3552850558630434,28.858833,29.252791
vllm,word_asyncmock,True,24.47425,24.430958,9.590084,9.552166,65.986125,-0.1768879536655943,25.800875,26.107625
vllm,def_forward,True,33.875416,33.891292,18.683833,18.764833,68.537083,0.04686584513087233,34.873541,35.288125
vllm,async_def,False,31.52925,31.125542,16.629666,16.593125,68.5535,-1.2804237335172997,34.691916,32.355375
vllm,class_attention,True,32.203791,32.539375,17.3865,17.163542,67.020583,1.042063650208136,33.317125,33.259792
vllm,python_import,True,61.402125,61.262458,46.667458,46.484417,89.304625,-0.2274628117512112,64.464834,63.791417
vllm,decorator,True,39.025916,38.979334,23.723333,23.691208,74.079791,-0.11936170825561643,40.295083,40.472834
vllm,logger,True,28.457,28.312667,13.235042,13.224458,67.46175,-0.5071968232772228,29.381834,30.076208
vllm,exceptions,True,39.281083,39.51775,23.924875,24.082708,75.978875,0.6024961175332022,40.035375,40.473792
vllm,cache,True,41.308416,41.423667,26.2445,25.953416,69.82275,0.27900125727406966,42.008167,42.2125
vllm,tensor_creation,True,38.959334,38.896375,23.597417,23.763917,73.15825,-0.1616018384708484,40.233917,40.232291
vllm,env_vars,True,36.68675,36.355334,21.217959,21.462084,72.854708,-0.903367019428003,38.380917,38.58725
vllm,cuda_call,True,26.611667,26.759167,11.592708,11.720334,67.529166,0.5542681711746988,28.609625,28.208375
vllm,config_assignment,True,30.694542,30.395792,14.978167,15.010291,68.74075,-0.9733000740001163,31.704417,31.070334
vllm,raise_error,True,37.830084,38.035583,22.447792,22.394083,75.301834,0.5432158173373391,39.573667,39.406375
vllm,todo_comment,True,101.353542,104.424333,88.866958,88.813042,68.096125,3.029781633087869,105.789083,107.932417
vllm,return_none,True,52.279375,51.872041,36.7775,36.969542,69.893041,-0.7791485648020791,53.342083,54.096041
vllm,quoted_device,True,30.76725,31.665625,16.155291,16.118167,69.540459,2.9199067189950245,32.408583,32.602125
vllm,icase_sampling,True,30.618583,30.55325,15.854667,15.652458,67.947084,-0.21337695477287033,32.175875,31.379125
vllm,icase_platform,True,43.013917,43.583417,28.103667,27.884375,75.062708,1.3239900937177973,44.213708,44.343166
vllm,icase_todo,True,30.754042,30.560416,16.516375,16.64525,69.103,-0.6295952902711122,32.190916,32.262708
vllm,icase_env,True,53.956375,54.539,38.717958,38.544709,80.719583,1.0798075296941212,55.255,56.0165
vllm,icase_logger,True,32.889084,32.497083,17.43725,17.455792,67.46775,-1.1918878616382078,33.743791,34.510209
vllm,icase_literal,True,32.094958,31.793,16.690458,16.917375,67.580833,-0.9408269049612117,33.511333,33.069042
vllm,digits,True,168.087417,168.499209,145.79275,143.970791,96.581833,0.24498680945286289,172.502458,176.093458
vllm,hex_number,True,29.824125,29.835583,14.617292,14.638209,67.546958,0.03841856215396344,30.53,31.083
vllm,short_word,True,100.722916,102.683041,86.790125,87.439625,93.0895,1.9460566451432015,105.413709,104.413958
vllm,blank_lines,False,185.64,186.472083,169.637583,168.376959,101.693459,0.448223981900453,194.005,195.814875
vllm,absent_regex,True,24.109875,24.516083,9.15025,9.094625,65.698458,1.6848200166944105,25.669417,26.090167
vllm,wide_icase_asyncmock,True,25.418292,25.058166,10.075041,10.067416,65.547042,-1.416798579542644,26.56175,26.385333
vllm,wide_icase_cache,True,55.596292,55.595708,40.619417,40.60125,69.9515,-0.001050429766069616,57.760541,56.775667
vllm,wide_icase_class_attention,True,34.357708,34.134708,18.947417,18.882875,66.880084,-0.6490537727371071,35.276416,35.0325
vllm,wide_icase_def_forward,True,35.494583,35.347875,20.521292,20.389708,68.544334,-0.41332504173945406,37.145917,37.3905
vllm,wide_icase_config,True,41.036083,41.078792,26.441958,26.5045,69.891375,0.1040766975737073,43.127,42.407625
vllm,wide_icase_exceptions,True,56.148041,56.154417,42.242834,41.463417,75.596208,0.01135569449342011,57.810792,58.78375
vllm,wide_icase_tensor_creation,True,44.303667,43.611208,29.032792,29.387875,72.509,-1.5629834884773763,45.215625,44.820792
vllm,wide_icase_async_def,True,31.534042,31.544291,16.926125,16.839125,68.241458,0.03250138374268907,33.121542,33.704791
viberwhisper,word_return,True,8.386167,6.284583,4.790416,4.8045,7.80875,-25.06012580002284,9.625625,6.774
viberwhisper,errors,True,8.513084,6.814916,5.242,5.20075,7.322417,-19.947741617491378,9.844375,7.592958
viberwhisper,todo,True,7.88825,6.002875,4.400292,4.647833,7.722,-23.90105536716002,8.21375,6.573167
viberwhisper,short,True,8.622916,6.704708,5.199875,5.120792,7.329958,-22.245467774474438,9.004792,6.998
viberwhisper,digits,True,8.920583,6.910375,5.495792,5.469333,7.51475,-22.534491299503635,10.540042,7.564625
viberwhisper,absent,True,7.75525,5.794958,4.28125,4.268875,7.649917,-25.27696721575706,8.262084,6.422292
viberwhisper,literal,True,8.118917,6.156875,4.803917,4.696792,7.425042,-24.16630198338029,8.953125,6.647625
viberwhisper,icase_literal,True,8.467792,6.698583,5.36925,5.261875,8.031666,-20.89339227982926,9.671875,7.306333
viberwhisper,function,True,8.621584,6.687,5.077916,5.329708,7.985,-22.438846504308252,9.760666,7.003125
viberwhisper,public,True,8.477,6.665583,5.132833,5.083,7.828667,-21.368609177775166,9.605875,7.389292
viberwhisper,impl,True,8.42275,6.463292,4.959,5.016833,7.270416,-23.26387462527085,8.876209,6.829584
viberwhisper,use,True,8.17775,6.313083,4.811125,4.844958,7.824917,-22.801711962336825,9.170709,6.751542
viberwhisper,derive,True,7.892834,6.17325,4.44425,4.752291,6.932041,-21.786648496598303,8.651708,6.668416
viberwhisper,unwrap,True,8.223125,6.197791,4.95175,4.9195,7.035167,-24.629736262065826,8.537625,6.751
viberwhisper,async,True,8.156334,6.240333,4.67725,4.888208,8.056792,-23.490958070132972,8.971375,6.468292
viberwhisper,common_files,True,8.105875,6.335667,4.647375,4.657,7.147666,-21.838580042253298,8.604667,6.828459
agentflow,word_return,True,8.407791,6.225291,5.098042,4.961084,7.199917,-25.95806675023201,8.75675,6.641
agentflow,errors,True,8.296125,6.226583,4.928959,4.887375,6.928125,-24.945887387183774,8.857583,6.641375
agentflow,todo,True,7.964166,5.737833,4.547542,4.597709,7.739041,-27.954377143821453,8.93,6.166292
agentflow,short,True,8.817583,6.568083,5.259959,5.209208,7.251291,-25.511526231167892,9.173667,6.956667
agentflow,digits,True,11.08125,8.979708,7.750875,7.850834,7.634042,-18.964846023688665,11.694125,9.652292
agentflow,absent,True,7.422916,5.460959,4.479958,4.059042,7.482709,-26.431081801275937,8.593667,5.80575
agentflow,literal,True,7.637042,5.587458,4.24925,4.361834,7.4095,-26.837406419920175,8.338125,6.733416
agentflow,icase_literal,True,8.228375,6.161042,4.883375,4.960125,7.487916,-25.124438300393447,9.138459,6.908208
agentflow,function,True,8.781084,6.678041,5.265292,5.269834,7.242834,-23.949696871138006,9.434125,7.025833
agentflow,class,True,8.399167,6.26375,5.054958,5.17175,9.081042,-25.42415218080555,9.785917,6.832375
agentflow,import,True,8.634334,6.605541,5.47875,5.432417,7.554292,-23.496809365956896,9.310459,7.261167
agentflow,decorator,True,8.995875,6.860209,5.540709,5.575875,23.399125,-23.74050328622841,9.835917,7.116084
agentflow,async,True,8.708708,6.38025,5.197334,5.24025,7.502833,-26.737123348262447,9.654833,6.924167
agentflow,db,True,9.069,6.713958,5.666375,5.678833,7.346625,-25.9680449884221,10.207958,7.338292
agentflow,test,True,8.501375,6.371333,5.234667,5.041166,7.230709,-25.055264589551683,10.685917,6.530125
agentflow,common_files,True,8.009708,5.912083,4.775083,4.731875,7.431667,-26.188532715549684,9.006167,6.53475
small_256,rare_files,True,7.876917,5.66375,4.268209,4.42625,7.461583,-28.09686835598242,8.399958,6.313667
small_256,rare_lines,True,7.737958,5.585834,4.565417,4.345042,7.57725,-27.81255726640025,8.210916,6.202709
small_256,common_files,True,9.765375,7.684875,6.484208,6.469375,8.958583,-21.304865404554363,10.108083,8.242833
small_256,common_count,True,9.939125,7.77825,6.375333,6.556625,9.439834,-21.74109893979601,11.122542,8.34575
small_256,alternation,True,9.715,7.714959,6.1565,6.196875,8.720833,-20.587143592382905,10.05675,8.071291
small_256,ignore_case,True,7.956125,6.022625,4.789083,4.70175,7.854292,-24.302031453754193,8.384959,6.382042
small_256,short_files,True,9.9505,7.7605,6.4025,6.449917,9.009333,-22.008944274157074,10.604917,8.2635
small_256,absent,True,7.565042,5.914333,4.187958,4.244541,7.418,-21.820222544699686,8.191917,6.363875
regular_4096,rare_files,True,15.376708,15.847666,7.60225,7.506875,36.572,3.0628012185703213,16.066083,16.321833
regular_4096,rare_lines,True,15.613959,15.44275,7.533834,7.463792,36.265666,-1.0965124219936784,16.267541,16.77775
regular_4096,common_files,True,45.882709,46.145084,37.943042,37.691459,63.581458,0.5718385111044721,46.500375,47.022958
regular_4096,common_count,True,45.775458,46.529167,37.919084,38.099792,64.3825,1.6465351367975334,46.690959,47.478041
regular_4096,alternation,True,43.919667,44.141875,35.757959,36.226333,37.929084,0.5059419052517056,45.14725,45.096125
regular_4096,ignore_case,True,16.230125,16.172917,7.799458,7.829208,36.531917,-0.3524803413405553,17.293875,16.81025
regular_4096,short_files,True,45.5685,45.870334,37.732167,37.669834,63.602417,0.6623742278108802,46.651625,47.502417
regular_4096,absent,True,14.98125,15.383792,7.074666,7.10025,35.741375,2.686972048393832,16.775625,16.304333
many_small_16384,rare_files,True,33.249375,33.415208,14.351625,14.125292,148.76475,0.49875523976015135,35.107083,35.452625
many_small_16384,rare_lines,True,33.838959,33.117416,14.264166,14.374375,152.8145,-2.1322848613635093,35.747708,35.441083
many_small_16384,common_files,True,180.677334,179.533834,160.0475,159.898292,239.156,-0.6328962104344527,188.167833,185.734708
many_small_16384,common_count,True,187.218459,181.176917,162.364625,160.300125,240.066458,-3.2270012435045126,198.664917,188.709417
many_small_16384,alternation,True,176.257292,173.9575,151.66675,153.435875,152.629125,-1.3047925415760941,182.115458,179.630166
many_small_16384,ignore_case,True,33.140125,34.141959,15.002584,15.005875,150.389125,3.023024204042679,34.595625,36.242833
many_small_16384,short_files,True,183.032792,180.979833,158.662209,158.800292,238.98475,-1.1216345320241738,192.115917,191.14575
many_small_16384,absent,True,31.628917,31.795709,12.988916,13.14275,150.858958,0.5273402184462928,33.882125,33.807166
few_large_64,rare_files,True,8.034583,6.564292,4.987,5.624,8.481083,-18.299530915294536,9.253041,7.001125
few_large_64,rare_lines,True,8.508625,6.12,5.248542,5.615125,8.573958,-28.072984765458575,9.371833,7.000167
few_large_64,common_files,True,18.31475,15.3775,14.181,14.540084,7.780333,-16.037619951132285,20.095709,16.520166
few_large_64,common_count,True,17.69075,15.372959,14.62575,14.291583,9.865583,-13.101711346325063,18.704833,16.468792
few_large_64,alternation,True,14.039333,11.800166,10.744667,10.61675,10.651916,-15.949240608510385,16.090625,12.577625
few_large_64,ignore_case,True,8.227416,6.897708,5.992333,5.930666,9.059375,-16.161915235597668,9.611541,7.816417
few_large_64,short_files,True,17.767875,14.966333,14.506792,14.543333,7.775041,-15.767456716123895,19.482667,16.221
few_large_64,absent,True,7.593917,5.6525,5.120042,5.173833,8.6415,-25.56542295629516,9.031125,6.440417
