project,id,family,category,pattern,flags,baseline,old_ms,new_ms,change_pct,saved_ms,ci_low_pct,ci_high_pct,median_faster,at_least_5pct_faster,interval_supports_gain,clear_gain,clear_regression,interval_inconclusive
chromium,max_file_size,fixed_string,fixed string,MAX_FILE_SIZE,-F,hash,61.252875,60.955167,-0.48603106384802475,0.2977080000000001,-2.206976682387385,0.8082431488637853,True,False,False,False,False,True
chromium,max_file_size,fixed_string,fixed string,MAX_FILE_SIZE,-F,english,61.755208,60.955167,-1.2955036925792585,0.8000410000000002,-2.185920528921359,-0.27195072641081897,True,False,True,False,False,False
chromium,max_file_size,fixed_string,fixed string,MAX_FILE_SIZE,-F,chromium_all,61.625458,60.955167,-1.0876852225585099,0.6702909999999989,-2.103011342986716,0.2455094637172417,True,False,False,False,False,True
chromium,weak_ptr_factory,fixed_string,fixed string,WeakPtrFactory,-F,hash,131.571334,132.637208,0.8101111143252293,-1.0658739999999796,-13.90386918671802,17.113384913557518,False,False,False,False,False,True
chromium,weak_ptr_factory,fixed_string,fixed string,WeakPtrFactory,-F,english,129.219542,132.637208,2.644852277838905,-3.417665999999997,-1.235912400921857,18.793416463150713,False,False,False,False,False,True
chromium,weak_ptr_factory,fixed_string,fixed string,WeakPtrFactory,-F,chromium_all,128.762333,132.637208,3.0093233865217117,-3.8748749999999745,-2.8980074794809796,18.718782294178425,False,False,False,False,False,True
chromium,icase_weak_ptr_factory,ignore_case,ignore case,WeakPtrFactory,-i -F,hash,183.839792,149.027708,-18.93609844815316,34.812084,-19.84024402962865,-8.337163436111371,True,True,True,True,False,False
chromium,icase_weak_ptr_factory,ignore_case,ignore case,WeakPtrFactory,-i -F,english,148.095166,149.027708,0.6296910460939609,-0.9325419999999838,-0.2592208629454529,3.305700779080878,False,False,False,False,False,True
chromium,icase_weak_ptr_factory,ignore_case,ignore case,WeakPtrFactory,-i -F,chromium_all,148.4485,149.027708,0.39017437023614043,-0.5792079999999942,-0.46413800812574735,2.9921634261900643,False,False,False,False,False,True
chromium,bind_once,fixed_string,fixed string,base::BindOnce,-F,hash,225.077458,205.687792,-8.614663668362565,19.389666000000005,-10.755580620021954,11.385370546064898,True,True,False,False,False,True
chromium,bind_once,fixed_string,fixed string,base::BindOnce,-F,english,227.002833,205.687792,-9.389768717115532,21.315041000000008,-11.806454131293664,1.5415664776233573,True,True,False,False,False,True
chromium,bind_once,fixed_string,fixed string,base::BindOnce,-F,chromium_all,226.331959,205.687792,-9.121189553261456,20.64416700000001,-11.27617333087283,2.030516158789575,True,True,False,False,False,True
chromium,histogram,alternation,alternation,\bUmaHistogram(Boolean|Enumeration)\b,,hash,100.374125,115.411083,14.980910667963476,-15.036957999999998,12.442187589435449,17.480133793305086,False,False,False,False,True,False
chromium,histogram,alternation,alternation,\bUmaHistogram(Boolean|Enumeration)\b,,english,94.181333,115.411083,22.5413564702891,-21.22975000000001,18.549491355400207,25.295857226457308,False,False,False,False,True,False
chromium,histogram,alternation,alternation,\bUmaHistogram(Boolean|Enumeration)\b,,chromium_all,92.043042,115.411083,25.388166766587304,-23.368041000000005,21.736963322883398,29.82795227541155,False,False,False,False,True,False
chromium,absent,no_matches,no matches,CODERG_DISTRIBUTION_ABSENT_92be7,-F,hash,55.047666,55.303334,0.46444839278017014,-0.255668,-1.830678341881431,3.9161276089576313,False,False,False,False,False,True
chromium,absent,no_matches,no matches,CODERG_DISTRIBUTION_ABSENT_92be7,-F,english,55.294875,55.303334,0.015297981955830764,-0.008459000000001993,-1.096688813144997,4.136769171451959,False,False,False,False,False,True
chromium,absent,no_matches,no matches,CODERG_DISTRIBUTION_ABSENT_92be7,-F,chromium_all,55.048334,55.303334,0.46322927774709033,-0.25500000000000256,-0.9789305980341556,4.703617017924144,False,False,False,False,False,True
vllm,literal_parallel,fixed_string,fixed string,get_tensor_model_parallel_world_size,-F,hash,8.164083,7.773416,-4.785191429337498,0.39066699999999965,-8.031846040322089,-2.520528095115826,True,False,True,False,False,False
vllm,literal_parallel,fixed_string,fixed string,get_tensor_model_parallel_world_size,-F,english,7.859209,7.773416,-1.0916238517133192,0.08579299999999979,-4.795162273788989,2.0158827122785494,True,False,False,False,False,True
vllm,literal_parallel,fixed_string,fixed string,get_tensor_model_parallel_world_size,-F,chromium_all,7.939209,7.773416,-2.0882810869445545,0.16579299999999986,-4.255785072840979,0.5111972661405728,True,False,False,False,False,True
vllm,word_sampling,word_boundary,word boundary,\bSamplingParams\b,,hash,9.43725,9.306167,-1.3889957349863646,0.13108300000000028,-6.744697315230375,0.8185622057633957,True,False,False,False,False,True
vllm,word_sampling,word_boundary,word boundary,\bSamplingParams\b,,english,9.334458,9.306167,-0.30308133584188157,0.0282909999999994,-4.996414614360689,2.988330967890196,True,False,False,False,False,True
vllm,word_sampling,word_boundary,word boundary,\bSamplingParams\b,,chromium_all,9.258167,9.306167,0.5184611597522482,-0.04800000000000004,-3.7505273328524935,2.4391264306846905,False,False,False,False,False,True
vllm,word_asyncmock,word_boundary,word boundary,\bAsyncMock\b,,hash,6.135542,6.2645,2.1018192035846317,-0.1289579999999999,-2.7962978600637456,5.397230367104289,False,False,False,False,False,True
vllm,word_asyncmock,word_boundary,word boundary,\bAsyncMock\b,,english,5.97725,6.2645,4.805721694759302,-0.2872500000000002,-1.5977362919832316,8.31037334940168,False,False,False,False,False,True
vllm,word_asyncmock,word_boundary,word boundary,\bAsyncMock\b,,chromium_all,5.963958,6.2645,5.039304435074832,-0.3005420000000001,1.0929655941489758,10.340357634112785,False,False,False,False,True,False
vllm,def_forward,structural_regex,whitespace,def\s+forward\b,,hash,16.006625,16.09275,0.5380584601688332,-0.08612499999999912,-2.525440320536654,3.2762445972951193,False,False,False,False,False,True
vllm,def_forward,structural_regex,whitespace,def\s+forward\b,,english,16.30125,16.09275,-1.2790430181734536,0.2085000000000008,-4.173700090739219,1.7767380790823628,True,False,False,False,False,True
vllm,def_forward,structural_regex,whitespace,def\s+forward\b,,chromium_all,16.074625,16.09275,0.11275535199108955,-0.018124999999997726,-3.4652752858405633,3.506842358533757,False,False,False,False,False,True
vllm,async_def,structural_regex,whitespace,async\s+def\s+\w+,,hash,13.230792,13.281541,0.383567363163162,-0.05074900000000149,-2.386173095240296,3.40391453643647,False,False,False,False,False,True
vllm,async_def,structural_regex,whitespace,async\s+def\s+\w+,,english,13.375,13.281541,-0.6987588785046683,0.09345899999999929,-2.7021478704090107,1.8342016405862749,True,False,False,False,False,True
vllm,async_def,structural_regex,whitespace,async\s+def\s+\w+,,chromium_all,13.042916,13.281541,1.8295371985835196,-0.23862500000000075,-1.5471099497785357,4.101183404178932,False,False,False,False,False,True
vllm,class_attention,structural_regex,anchor / repetition,^class[ \t]+\w*Attention\b,,hash,12.313209,11.918958,-3.2018542038878772,0.3942510000000006,-6.105266773373607,1.5069505531559502,True,False,False,False,False,True
vllm,class_attention,structural_regex,anchor / repetition,^class[ \t]+\w*Attention\b,,english,11.698291,11.918958,1.8863182664886846,-0.2206670000000006,-0.21132368245828648,4.699053904540418,False,False,False,False,False,True
vllm,class_attention,structural_regex,anchor / repetition,^class[ \t]+\w*Attention\b,,chromium_all,11.869333,11.918958,0.418094260225077,-0.049625000000000696,-2.8601696130516885,3.1902972138367014,False,False,False,False,False,True
vllm,python_import,structural_regex,anchor / optional group,^from[ \t]+vllm(?:\.[\w.]+)?[ \t]+import\b,,hash,44.589542,45.037459,1.0045337536770393,-0.4479169999999968,-1.700583858151128,6.634581875993639,False,False,False,False,False,True
vllm,python_import,structural_regex,anchor / optional group,^from[ \t]+vllm(?:\.[\w.]+)?[ \t]+import\b,,english,45.661917,45.037459,-1.3675685144800331,0.6244580000000042,-3.1215185718220795,4.507467373686214,True,False,False,False,False,True
vllm,python_import,structural_regex,anchor / optional group,^from[ \t]+vllm(?:\.[\w.]+)?[ \t]+import\b,,chromium_all,46.153708,45.037459,-2.4185467395165805,1.1162490000000034,-4.0817816977013806,3.017111817244933,True,False,False,False,False,True
vllm,decorator,alternation,anchor / character class,^[ \t]*@(?:torch|pytest)\.[A-Za-z_]+,,hash,19.467417,19.675083,1.0667362804217984,-0.20766599999999968,-1.6520388333596703,5.000919180890651,False,False,False,False,False,True
vllm,decorator,alternation,anchor / character class,^[ \t]*@(?:torch|pytest)\.[A-Za-z_]+,,english,20.773625,19.675083,-5.2881574592782865,1.0985419999999984,-8.216015157845401,0.7741048267636774,True,True,False,False,False,True
vllm,decorator,alternation,anchor / character class,^[ \t]*@(?:torch|pytest)\.[A-Za-z_]+,,chromium_all,20.648042,19.675083,-4.712112654555812,0.9729589999999995,-7.192168435524094,-1.056850705202672,True,False,True,False,False,False
vllm,logger,alternation,group / alternation,logger\.(warning|error)\(,,hash,9.524166,9.117041,-4.274652499756925,0.40712499999999885,-7.646261068076043,-0.37607569694454446,True,False,True,False,False,False
vllm,logger,alternation,group / alternation,logger\.(warning|error)\(,,english,9.610708,9.117041,-5.1366350949378585,0.4936670000000003,-7.45964742075903,-0.675170794193003,True,True,True,True,False,False
vllm,logger,alternation,group / alternation,logger\.(warning|error)\(,,chromium_all,9.548084,9.117041,-4.514444992314681,0.43104299999999895,-6.299681397738954,-1.7894848279412012,True,False,True,False,False,False
vllm,exceptions,alternation,group / alternation,\b(ValueError|RuntimeError|NotImplementedError)\b,,hash,22.07075,21.903833,-0.7562815038002824,0.16691700000000154,-2.725389925266697,1.3054526784186171,True,False,False,False,False,True
vllm,exceptions,alternation,group / alternation,\b(ValueError|RuntimeError|NotImplementedError)\b,,english,21.788417,21.903833,0.5297126450260148,-0.11541599999999974,-3.171700843187153,2.0741093291946955,False,False,False,False,False,True
vllm,exceptions,alternation,group / alternation,\b(ValueError|RuntimeError|NotImplementedError)\b,,chromium_all,22.271084,21.903833,-1.6490037036365202,0.36725099999999955,-3.6414083959934618,2.5196010291753,True,False,False,False,False,True
vllm,cache,alternation,group / alternation,\b(kv_cache|block_size)\b,,hash,18.936208,18.274416,-3.494849655221377,0.6617920000000019,-6.486682036785041,-1.7798700428663716,True,False,True,False,False,False
vllm,cache,alternation,group / alternation,\b(kv_cache|block_size)\b,,english,18.037416,18.274416,1.3139354328801867,-0.23699999999999832,-2.100253722465528,4.291142280040106,False,False,False,False,False,True
vllm,cache,alternation,group / alternation,\b(kv_cache|block_size)\b,,chromium_all,17.772125,18.274416,2.8262855454820324,-0.5022909999999996,0.5279841324546286,4.659804244979182,False,False,False,False,False,False
vllm,tensor_creation,alternation,two alternative groups,\b(torch|numpy)\.(empty|zeros|ones)\b,,hash,18.300458,18.641709,1.8647128940707303,-0.34125099999999975,-1.632988586105144,3.9568394830647335,False,False,False,False,False,True
vllm,tensor_creation,alternation,two alternative groups,\b(torch|numpy)\.(empty|zeros|ones)\b,,english,18.470875,18.641709,0.9248830929774465,-0.17083399999999926,-2.260552926320336,4.401308379189817,False,False,False,False,False,True
vllm,tensor_creation,alternation,two alternative groups,\b(torch|numpy)\.(empty|zeros|ones)\b,,chromium_all,18.365583,18.641709,1.503497057512404,-0.2761259999999979,-3.069735087977732,4.478329550661009,False,False,False,False,False,True
vllm,env_vars,alternation,character class / repetition,\b(VLLM|CUDA)_[A-Z0-9_]+\b,,hash,18.045625,17.909584,-0.7538724760156712,0.1360410000000023,-3.7299336935332605,2.9653715746762233,True,False,False,False,False,True
vllm,env_vars,alternation,character class / repetition,\b(VLLM|CUDA)_[A-Z0-9_]+\b,,english,17.486333,17.909584,2.420467458786235,-0.4232510000000005,-2.038139059996469,7.480826846644417,False,False,False,False,False,True
vllm,env_vars,alternation,character class / repetition,\b(VLLM|CUDA)_[A-Z0-9_]+\b,,chromium_all,17.724917,17.909584,1.0418497305234142,-0.18466699999999747,-2.7914377404319124,5.306317320044607,False,False,False,False,False,True
vllm,cuda_call,structural_regex,escaped punctuation,\btorch\.cuda\.[a-z_]+\(,,hash,9.147917,8.82525,-3.5272182727499546,0.32266699999999915,-6.318631971796373,0.4406107317332708,True,False,False,False,False,True
vllm,cuda_call,structural_regex,escaped punctuation,\btorch\.cuda\.[a-z_]+\(,,english,8.987125,8.82525,-1.8011878103397994,0.1618750000000002,-6.007420118765506,2.6334579258789237,True,False,False,False,False,True
vllm,cuda_call,structural_regex,escaped punctuation,\btorch\.cuda\.[a-z_]+\(,,chromium_all,8.978708,8.82525,-1.7091323161416816,0.15345799999999876,-4.090318650146507,2.358161159866845,True,False,False,False,False,True
vllm,config_assignment,alternation,optional whitespace,\bmax_(model_len|num_seqs)[ \t]*=,,hash,11.726209,11.64525,-0.6904106860111447,0.080959,-5.898914064631489,4.681324030965328,True,False,False,False,False,True
vllm,config_assignment,alternation,optional whitespace,\bmax_(model_len|num_seqs)[ \t]*=,,english,12.527208,11.64525,-7.040339714962817,0.8819579999999991,-9.885959628538465,-2.1674259382527095,True,True,True,True,False,False
vllm,config_assignment,alternation,optional whitespace,\bmax_(model_len|num_seqs)[ \t]*=,,chromium_all,12.98325,11.64525,-10.305586043556115,1.3379999999999992,-12.75213900471569,-5.246435178164333,True,True,True,True,False,False
vllm,raise_error,structural_regex,wildcard,raise[ \t]+\w*Error\(,,hash,19.244416,20.530125,6.680945787079229,-1.2857090000000007,1.7134899318903107,8.817878249807887,False,False,False,False,True,False
vllm,raise_error,structural_regex,wildcard,raise[ \t]+\w*Error\(,,english,21.2745,20.530125,-3.4989071423535134,0.744374999999998,-5.821720839502687,-1.7105783919716178,True,False,True,False,False,False
vllm,raise_error,structural_regex,wildcard,raise[ \t]+\w*Error\(,,chromium_all,21.05225,20.530125,-2.4801387025139787,0.5221249999999991,-4.82747449797527,-0.7616917012890245,True,False,True,False,False,False
vllm,todo_comment,alternation,anchor / wildcard,^[ \t]*#.*\b(TODO|FIXME)\b,,hash,10.73625,10.987791,2.342913028291993,-0.25154099999999957,-0.6152296937675383,7.817686639168264,False,False,False,False,False,True
vllm,todo_comment,alternation,anchor / wildcard,^[ \t]*#.*\b(TODO|FIXME)\b,,english,10.940666,10.987791,0.4307324618080699,-0.04712499999999942,-2.3954166085080497,6.045579444667504,False,False,False,False,False,True
vllm,todo_comment,alternation,anchor / wildcard,^[ \t]*#.*\b(TODO|FIXME)\b,,chromium_all,10.898875,10.987791,0.815827321627216,-0.08891599999999933,-5.197516040176486,5.998303478345024,False,False,False,False,False,True
vllm,return_none,structural_regex,both anchors,^[ \t]*return[ \t]+None[ \t]*$,,hash,31.123083,31.192416,0.22277034701221332,-0.06933300000000031,-2.2420600913600097,3.6735269809913484,False,False,False,False,False,True
vllm,return_none,structural_regex,both anchors,^[ \t]*return[ \t]+None[ \t]*$,,english,31.327834,31.192416,-0.43226097278221687,0.13541799999999782,-2.2434039291252095,2.5225246089185083,True,False,False,False,False,True
vllm,return_none,structural_regex,both anchors,^[ \t]*return[ \t]+None[ \t]*$,,chromium_all,31.107042,31.192416,0.2744523249751607,-0.08537400000000162,-5.1712349865495,3.046832097850838,False,False,False,False,False,True
vllm,quoted_device,alternation,quote character class,"[\""'](?:cuda|cpu|rocm)[\""']",,hash,12.022417,12.297292,2.2863539003845856,-0.27487499999999976,-2.451836427472698,6.4497818888947345,False,False,False,False,False,True
vllm,quoted_device,alternation,quote character class,"[\""'](?:cuda|cpu|rocm)[\""']",,english,12.5535,12.297292,-2.0409288246305723,0.2562079999999991,-5.311268364561128,3.1827333659954826,True,False,False,False,False,True
vllm,quoted_device,alternation,quote character class,"[\""'](?:cuda|cpu|rocm)[\""']",,chromium_all,12.459375,12.297292,-1.3008918986706752,0.1620829999999991,-4.803912075142824,3.302269718287798,True,False,False,False,False,True
vllm,icase_sampling,ignore_case,ignore case,\bSamplingParams\b,-i,hash,11.284417,12.028709,6.595750582418214,-0.7442919999999997,1.9861133537865339,10.428553593722123,False,False,False,False,True,False
vllm,icase_sampling,ignore_case,ignore case,\bSamplingParams\b,-i,english,12.720375,12.028709,-5.437465483525461,0.6916660000000014,-8.350987286802948,-1.2450820501406334,True,True,True,True,False,False
vllm,icase_sampling,ignore_case,ignore case,\bSamplingParams\b,-i,chromium_all,12.605625,12.028709,-4.576655263027418,0.5769160000000007,-7.7121041025996036,-0.38645224048738935,True,False,True,False,False,False
vllm,icase_platform,ignore_case,ignore case / alternation,\b(cuda|rocm)\b,-i,hash,25.389208,25.738334,1.375096064438086,-0.34912599999999827,-2.608582882769195,4.311153229767739,False,False,False,False,False,True
vllm,icase_platform,ignore_case,ignore case / alternation,\b(cuda|rocm)\b,-i,english,25.855625,25.738334,-0.45363823152603233,0.11729100000000159,-3.261541734148754,3.1689673785097794,True,False,False,False,False,True
vllm,icase_platform,ignore_case,ignore case / alternation,\b(cuda|rocm)\b,-i,chromium_all,25.626459,25.738334,0.43656050958893466,-0.11187499999999773,-2.8801296136177768,3.4166228147706867,False,False,False,False,False,True
vllm,icase_todo,ignore_case,ignore case / alternation,\b(TODO|FIXME)\b,-i,hash,11.631542,11.560708,-0.6089820249112199,0.07083399999999962,-4.089659400372215,1.8081552718241634,True,False,False,False,False,True
vllm,icase_todo,ignore_case,ignore case / alternation,\b(TODO|FIXME)\b,-i,english,11.4575,11.560708,0.9007898756273169,-0.10320800000000041,-2.9877851674497746,3.31949443903643,False,False,False,False,False,True
vllm,icase_todo,ignore_case,ignore case / alternation,\b(TODO|FIXME)\b,-i,chromium_all,11.468375,11.560708,0.805109703859519,-0.092333,-3.7443491794611816,5.498039215686279,False,False,False,False,False,True
vllm,icase_env,ignore_case,ignore case / character class,\b(VLLM|CUDA)_[A-Z0-9_]+\b,-i,hash,37.354542,37.601084,0.6600054151379986,-0.24654199999999804,-2.206644527350976,4.101767797097033,False,False,False,False,False,True
vllm,icase_env,ignore_case,ignore case / character class,\b(VLLM|CUDA)_[A-Z0-9_]+\b,-i,english,38.462667,37.601084,-2.2400500724507832,0.8615830000000031,-4.727909307157652,4.787643720837065,True,False,False,False,False,True
vllm,icase_env,ignore_case,ignore case / character class,\b(VLLM|CUDA)_[A-Z0-9_]+\b,-i,chromium_all,38.017958,37.601084,-1.096518650475653,0.41687399999999997,-4.789889716967477,3.6865707444936335,True,False,False,False,False,True
vllm,icase_logger,ignore_case,ignore case / escaped punctuation,logger\.(warning|error)\(,-i,hash,11.577292,11.272667,-2.63122844271354,0.3046249999999997,-9.169068673901936,-0.1288915267698365,True,False,True,False,False,False
vllm,icase_logger,ignore_case,ignore case / escaped punctuation,logger\.(warning|error)\(,-i,english,11.137375,11.272667,1.2147566190417347,-0.13529199999999975,-2.407057758344644,3.5267919283788585,False,False,False,False,False,True
vllm,icase_logger,ignore_case,ignore case / escaped punctuation,logger\.(warning|error)\(,-i,chromium_all,11.198416,11.272667,0.6630491312342723,-0.07425100000000029,-3.6392665424591963,3.7698735638811653,False,False,False,False,False,True
vllm,icase_literal,ignore_case,ignore case / fixed string,get_tensor_model_parallel_world_size,-i -F,hash,14.293625,11.326417,-20.758960725498266,2.967208000000001,-22.075989555842625,-16.623086560984913,True,True,True,True,False,False
vllm,icase_literal,ignore_case,ignore case / fixed string,get_tensor_model_parallel_world_size,-i -F,english,9.235125,11.326417,22.644977734464877,-2.0912919999999993,19.917060596541592,27.17011415686601,False,False,False,False,True,False
vllm,icase_literal,ignore_case,ignore case / fixed string,get_tensor_model_parallel_world_size,-i -F,chromium_all,9.226833,11.326417,22.75519671809385,-2.099584,18.92458680656084,26.947580645161274,False,False,False,False,True,False
vllm,digits,scan_fallback,scan fallback / bounded repetition,"\b[0-9]{2,4}\b",,hash,104.36225,104.241541,-0.11566347026823465,0.12070900000000506,-2.383339615236413,3.91923357158237,True,False,False,False,False,True
vllm,digits,scan_fallback,scan fallback / bounded repetition,"\b[0-9]{2,4}\b",,english,103.889666,104.241541,0.33870067500263445,-0.3518749999999926,-1.4374382767389005,4.0705654075320785,False,False,False,False,False,True
vllm,digits,scan_fallback,scan fallback / bounded repetition,"\b[0-9]{2,4}\b",,chromium_all,105.150208,104.241541,-0.8641609154021013,0.9086670000000083,-2.772468913634163,4.070356252311691,True,False,False,False,False,True
vllm,hex_number,scan_fallback,hexadecimal / short prefix,\b0x[0-9A-Fa-f]+\b,,hash,9.475292,9.247625,-2.40274389433065,0.22766700000000029,-4.98022058630897,4.380171861567828,True,False,False,False,False,True
vllm,hex_number,scan_fallback,hexadecimal / short prefix,\b0x[0-9A-Fa-f]+\b,,english,9.367417,9.247625,-1.2788157076812134,0.11979200000000034,-3.6488236140355346,4.549079654645438,True,False,False,False,False,True
vllm,hex_number,scan_fallback,hexadecimal / short prefix,\b0x[0-9A-Fa-f]+\b,,chromium_all,9.263708,9.247625,-0.17361298521066937,0.01608300000000007,-3.0840483306187494,5.606856217999723,True,False,False,False,False,True
vllm,short_word,scan_fallback,scan fallback / short literal,\bif\b,,hash,86.250708,85.734708,-0.59825595866414,0.5160000000000053,-3.790261470864986,2.7104927408252433,True,False,False,False,False,True
vllm,short_word,scan_fallback,scan fallback / short literal,\bif\b,,english,86.335458,85.734708,-0.6958322963897423,0.600750000000005,-4.049922168112374,1.293827375319001,True,False,False,False,False,True
vllm,short_word,scan_fallback,scan fallback / short literal,\bif\b,,chromium_all,86.328583,85.734708,-0.6879239521399239,0.593874999999997,-4.682391864171187,1.1352247012328176,True,False,False,False,False,True
vllm,blank_lines,scan_fallback,scan fallback / empty match,^[ \t]*$,,hash,167.769917,166.8375,-0.5557712709603257,0.9324169999999867,-3.6175683217829158,3.288938086923543,True,False,False,False,False,True
vllm,blank_lines,scan_fallback,scan fallback / empty match,^[ \t]*$,,english,166.672,166.8375,0.09929682250169325,-0.16550000000000864,-3.7705252953898816,3.558521856976249,False,False,False,False,False,True
vllm,blank_lines,scan_fallback,scan fallback / empty match,^[ \t]*$,,chromium_all,166.248208,166.8375,0.3544651741449245,-0.5892920000000004,-3.7879009572244993,2.5393093032698433,False,False,False,False,False,True
vllm,absent_regex,no_matches,no matches,\bCODERG_BENCH_ABSENT_[0-9]{8}\b,,hash,5.7245,5.745833,0.37266136780504944,-0.02133300000000027,-2.099255404528877,2.245487668774171,False,False,False,False,False,True
vllm,absent_regex,no_matches,no matches,\bCODERG_BENCH_ABSENT_[0-9]{8}\b,,english,5.838833,5.745833,-1.5927840374951652,0.09299999999999997,-5.671680031435578,2.8273129664279972,True,False,False,False,False,True
vllm,absent_regex,no_matches,no matches,\bCODERG_BENCH_ABSENT_[0-9]{8}\b,,chromium_all,5.847209,5.745833,-1.7337502387891446,0.10137600000000013,-3.6341183674873823,0.22212090004525287,True,False,False,False,False,True
vllm,wide_icase_asyncmock,ignore_case,ignore case,\basyncmock\b,-i,hash,6.794,6.56675,-3.344863114512797,0.22724999999999973,-10.31712728363564,1.046983281315228,True,False,False,False,False,True
vllm,wide_icase_asyncmock,ignore_case,ignore case,\basyncmock\b,-i,english,6.584917,6.56675,-0.2758880635853167,0.018167000000000044,-6.712612266866225,2.910700686078327,True,False,False,False,False,True
vllm,wide_icase_asyncmock,ignore_case,ignore case,\basyncmock\b,-i,chromium_all,6.525209,6.56675,0.6366232867023758,-0.041540999999999606,-6.371116238604991,5.264349347756925,False,False,False,False,False,True
vllm,wide_icase_cache,ignore_case,ignore case,\b(kv_cache|block_size)\b,-i,hash,33.378375,32.49525,-2.6457998629352053,0.8831249999999997,-6.132030518993014,1.3716547563663362,True,False,False,False,False,True
vllm,wide_icase_cache,ignore_case,ignore case,\b(kv_cache|block_size)\b,-i,english,32.310625,32.49525,0.5714064645917505,-0.18462499999999693,-2.0090456334102225,4.520401529329621,False,False,False,False,False,True
vllm,wide_icase_cache,ignore_case,ignore case,\b(kv_cache|block_size)\b,-i,chromium_all,32.281667,32.49525,0.6616232055178584,-0.21358299999999986,-1.895539214887454,4.8446370069582745,False,False,False,False,False,True
vllm,wide_icase_class_attention,ignore_case,ignore case,class[ \t]+\w*Attention\b,-i,hash,17.04175,16.684667,-2.0953423210644417,0.3570829999999994,-5.371804692271764,3.1434343076417237,True,False,False,False,False,True
vllm,wide_icase_class_attention,ignore_case,ignore case,class[ \t]+\w*Attention\b,-i,english,16.481917,16.684667,1.230136033326712,-0.20275000000000176,-3.666080367760971,5.573694441340282,False,False,False,False,False,True
vllm,wide_icase_class_attention,ignore_case,ignore case,class[ \t]+\w*Attention\b,-i,chromium_all,16.680416,16.684667,0.02548497591428056,-0.004251000000000005,-3.6835240579544015,4.814190565210064,False,False,False,False,False,True
vllm,wide_icase_def_forward,ignore_case,ignore case,def[ \t]+forward\b,-i,hash,17.368416,17.65925,1.6744992750058474,-0.29083400000000026,-1.3028052661489098,4.617956869968798,False,False,False,False,False,True
vllm,wide_icase_def_forward,ignore_case,ignore case,def[ \t]+forward\b,-i,english,17.646167,17.65925,0.0741407468262123,-0.013083000000001732,-3.099777072683141,4.519118595070548,False,False,False,False,False,True
vllm,wide_icase_def_forward,ignore_case,ignore case,def[ \t]+forward\b,-i,chromium_all,18.133875,17.65925,-2.6173390960288367,0.47462499999999963,-5.33679910726007,0.8480505141976735,True,False,False,False,False,True
vllm,wide_icase_config,ignore_case,ignore case,\bmax_(model_len|num_seqs)\b,-i,hash,16.937792,16.700875,-1.398747841513237,0.23691700000000182,-5.4710586697544255,1.135313619638434,True,False,False,False,False,True
vllm,wide_icase_config,ignore_case,ignore case,\bmax_(model_len|num_seqs)\b,-i,english,17.064417,16.700875,-2.130409729204341,0.3635419999999989,-5.504902159733294,2.143997691934585,True,False,False,False,False,True
vllm,wide_icase_config,ignore_case,ignore case,\bmax_(model_len|num_seqs)\b,-i,chromium_all,16.710083,16.700875,-0.055104453999421654,0.009208000000000993,-3.3525719834100687,4.393842206542664,True,False,False,False,False,True
vllm,wide_icase_exceptions,ignore_case,ignore case,\b(ValueError|RuntimeError|NotImplementedError)\b,-i,hash,39.407584,39.782583,0.9515909424947289,-0.3749990000000025,-2.8089656520127737,4.362314062455286,False,False,False,False,False,True
vllm,wide_icase_exceptions,ignore_case,ignore case,\b(ValueError|RuntimeError|NotImplementedError)\b,-i,english,39.448834,39.782583,0.846030075312254,-0.3337490000000045,-4.438472884994971,4.7110065573980675,False,False,False,False,False,True
vllm,wide_icase_exceptions,ignore_case,ignore case,\b(ValueError|RuntimeError|NotImplementedError)\b,-i,chromium_all,39.848834,39.782583,-0.16625580562782405,0.06625099999999406,-3.725853057582551,3.2340424379794674,True,False,False,False,False,True
vllm,wide_icase_tensor_creation,ignore_case,ignore case,\b(torch|numpy)\.(empty|zeros|ones)\b,-i,hash,22.616709,23.230959,2.715912381416752,-0.6142499999999984,-3.295848902706666,5.203749257297141,False,False,False,False,False,True
vllm,wide_icase_tensor_creation,ignore_case,ignore case,\b(torch|numpy)\.(empty|zeros|ones)\b,-i,english,23.8595,23.230959,-2.6343427146419796,0.628541000000002,-5.8564198883497625,2.819685490265167,True,False,False,False,False,True
vllm,wide_icase_tensor_creation,ignore_case,ignore case,\b(torch|numpy)\.(empty|zeros|ones)\b,-i,chromium_all,24.75525,23.230959,-6.157445390371741,1.5242910000000016,-9.107615077945052,-3.5586766735978714,True,True,True,True,False,False
vllm,wide_icase_async_def,ignore_case,ignore case,async[ \t]+def[ \t]+\w+,-i,hash,12.915667,12.772084,-1.1116963607067265,0.14358299999999957,-4.908089965810625,4.408370729777444,True,False,False,False,False,True
vllm,wide_icase_async_def,ignore_case,ignore case,async[ \t]+def[ \t]+\w+,-i,english,12.928125,12.772084,-1.2069886391104623,0.1560410000000001,-4.194702208908185,4.5732043633463615,True,False,False,False,False,True
vllm,wide_icase_async_def,ignore_case,ignore case,async[ \t]+def[ \t]+\w+,-i,chromium_all,12.939375,12.772084,-1.292883157030389,0.16729100000000052,-4.12274945361355,4.507883881563068,True,False,False,False,False,True
viberwhisper,word_return,word_boundary,common word,\breturn\b,,hash,4.58975,4.616291,0.5782667901301775,-0.026540999999999926,-4.03136413227868,3.732950371454602,False,False,False,False,False,True
viberwhisper,word_return,word_boundary,common word,\breturn\b,,english,4.449667,4.616291,3.744639767425295,-0.16662400000000055,-1.017970628731013,6.810175045270328,False,False,False,False,False,True
viberwhisper,word_return,word_boundary,common word,\breturn\b,,chromium_all,4.683417,4.616291,-1.4332697686326057,0.06712600000000002,-4.118815517481023,5.077681664481104,True,False,False,False,False,True
viberwhisper,errors,alternation,alternation,\b(Error|Result|Exception|ValueError)\b,,hash,4.819708,4.758083,-1.2786044299779253,0.06162500000000026,-3.659441064447899,4.062480025015169,True,False,False,False,False,True
viberwhisper,errors,alternation,alternation,\b(Error|Result|Exception|ValueError)\b,,english,4.72275,4.758083,0.7481446191308194,-0.0353330000000005,-1.4211823428482373,4.263270785126627,False,False,False,False,False,True
viberwhisper,errors,alternation,alternation,\b(Error|Result|Exception|ValueError)\b,,chromium_all,4.766292,4.758083,-0.17223032076087996,0.00820899999999991,-1.452786315915533,3.1716427341383246,True,False,False,False,False,True
viberwhisper,todo,ignore_case,ignore case,\b(TODO|FIXME)\b,-i,hash,4.012,4.11125,2.473828514456633,-0.0992500000000005,-5.0995117088093895,5.388563501345911,False,False,False,False,False,True
viberwhisper,todo,ignore_case,ignore case,\b(TODO|FIXME)\b,-i,english,4.129083,4.11125,-0.4318876612555256,0.017832999999999544,-3.588351215027641,3.883810514427921,True,False,False,False,False,True
viberwhisper,todo,ignore_case,ignore case,\b(TODO|FIXME)\b,-i,chromium_all,4.009792,4.11125,2.5302559334748453,-0.10145800000000005,-1.0910959318140567,6.821729047801273,False,False,False,False,False,True
viberwhisper,short,scan_fallback,scan fallback,if,-F -l,hash,4.7705,4.773417,0.06114663033225387,-0.0029170000000000584,-1.883551704337827,3.3145782779125943,False,False,False,False,False,True
viberwhisper,short,scan_fallback,scan fallback,if,-F -l,english,4.806084,4.773417,-0.6797009790091013,0.032667,-5.353596717291764,2.8678857880969133,True,False,False,False,False,True
viberwhisper,short,scan_fallback,scan fallback,if,-F -l,chromium_all,4.765917,4.773417,0.15736740694394236,-0.007500000000000284,-4.720626366363312,2.152349799344355,False,False,False,False,False,True
viberwhisper,digits,scan_fallback,scan fallback,"\b[0-9]{2,4}\b",-c,hash,5.002459,5.077208,1.4942451302449422,-0.07474899999999973,-2.214085178693226,4.649373438143112,False,False,False,False,False,True
viberwhisper,digits,scan_fallback,scan fallback,"\b[0-9]{2,4}\b",-c,english,4.975291,5.077208,2.0484630949224814,-0.10191699999999937,-4.77907169793419,5.122062836744656,False,False,False,False,False,True
viberwhisper,digits,scan_fallback,scan fallback,"\b[0-9]{2,4}\b",-c,chromium_all,5.002,5.077208,1.5035585765693638,-0.07520799999999994,-1.5505711479319007,4.791656025122126,False,False,False,False,False,True
viberwhisper,absent,no_matches,no matches,CODERG_WIDE_ABSENT_92be7,-F,hash,3.831041,3.975125,3.7609620988133585,-0.14408399999999988,-3.2791093143388905,10.806958846237746,False,False,False,False,False,True
viberwhisper,absent,no_matches,no matches,CODERG_WIDE_ABSENT_92be7,-F,english,3.784625,3.975125,5.033523796941575,-0.19049999999999967,-0.9698615758052864,10.924082357359932,False,False,False,False,False,True
viberwhisper,absent,no_matches,no matches,CODERG_WIDE_ABSENT_92be7,-F,chromium_all,3.805792,3.975125,4.449349833096505,-0.16933299999999996,-1.453942618840176,11.01770840774725,False,False,False,False,False,True
viberwhisper,literal,fixed_string,fixed string,Transcription,-F,hash,4.142292,4.405208,6.347114109773044,-0.2629159999999997,-0.18420418132438776,9.001257368462735,False,False,False,False,False,True
viberwhisper,literal,fixed_string,fixed string,Transcription,-F,english,4.229333,4.405208,4.158457137331117,-0.17587500000000045,-1.040071649380292,6.2726444040632545,False,False,False,False,False,True
viberwhisper,literal,fixed_string,fixed string,Transcription,-F,chromium_all,4.341208,4.405208,1.4742440353007646,-0.06400000000000006,-1.9786054391960906,4.578484078690859,False,False,False,False,False,True
viberwhisper,icase_literal,ignore_case,ignore case,transcription,-i -F,hash,5.264042,5.222667,-0.7859929689010725,0.041374999999999496,-4.2121953497058495,5.293404890355968,True,False,False,False,False,True
viberwhisper,icase_literal,ignore_case,ignore case,transcription,-i -F,english,5.104958,5.222667,2.3057780299074127,-0.11770900000000051,-2.4522882019406445,7.203499440785377,False,False,False,False,False,True
viberwhisper,icase_literal,ignore_case,ignore case,transcription,-i -F,chromium_all,5.10075,5.222667,2.3901779150125035,-0.12191700000000072,-1.4345182549433289,6.897962825278814,False,False,False,False,False,True
viberwhisper,function,structural_regex,function definitions,\bfn[ \t]+[a-z_][a-z_0-9]*,,hash,4.870417,4.826417,-0.9034134038214736,0.043999999999999595,-3.2776029271068152,2.5639283042909966,True,False,False,False,False,True
viberwhisper,function,structural_regex,function definitions,\bfn[ \t]+[a-z_][a-z_0-9]*,,english,4.950916,4.826417,-2.5146659729229914,0.12449900000000014,-6.024117557235876,1.0175086792019838,True,False,False,False,False,True
viberwhisper,function,structural_regex,function definitions,\bfn[ \t]+[a-z_][a-z_0-9]*,,chromium_all,4.923959,4.826417,-1.9809669414387887,0.0975419999999998,-4.949991955176126,2.0670906443950754,True,False,False,False,False,True
viberwhisper,public,alternation,optional group,\bpub(?:\([^\n)]*\))?[ \t]+(?:struct|enum|fn)\b,,hash,4.775833,4.872375,2.0214693436725995,-0.09654199999999946,-2.209309611684873,6.213084942237868,False,False,False,False,False,True
viberwhisper,public,alternation,optional group,\bpub(?:\([^\n)]*\))?[ \t]+(?:struct|enum|fn)\b,,english,4.951709,4.872375,-1.6021539230193116,0.07933400000000024,-4.5026676648405655,6.590002244803861,True,False,False,False,False,True
viberwhisper,public,alternation,optional group,\bpub(?:\([^\n)]*\))?[ \t]+(?:struct|enum|fn)\b,,chromium_all,4.794916,4.872375,1.6154401870648094,-0.07745900000000017,-3.131634787429749,7.286277809288633,False,False,False,False,False,True
viberwhisper,impl,structural_regex,anchor,^impl(?:<[^\n>]+>)?[ \t]+,,hash,4.489083,4.39275,-2.1459393822747197,0.09633299999999956,-5.740288680928895,2.6503269447576194,True,False,False,False,False,True
viberwhisper,impl,structural_regex,anchor,^impl(?:<[^\n>]+>)?[ \t]+,,english,4.436875,4.39275,-0.9945062684885042,0.044124999999999304,-5.564918752186221,3.2537151149116594,True,False,False,False,False,True
viberwhisper,impl,structural_regex,anchor,^impl(?:<[^\n>]+>)?[ \t]+,,chromium_all,4.426666,4.39275,-0.7661748141829405,0.03391599999999961,-5.410107964606947,3.644593922378614,True,False,False,False,False,True
viberwhisper,use,alternation,imports,^use[ \t]+(?:std|crate)::,,hash,4.478959,4.593334,2.553606764428973,-0.1143749999999999,-3.796142239826561,6.337009132425342,False,False,False,False,False,True
viberwhisper,use,alternation,imports,^use[ \t]+(?:std|crate)::,,english,4.483166,4.593334,2.4573705278814195,-0.11016799999999982,-1.711027459499359,5.814798118930353,False,False,False,False,False,True
viberwhisper,use,alternation,imports,^use[ \t]+(?:std|crate)::,,chromium_all,4.5545,4.593334,0.8526512240641049,-0.03883399999999959,-3.1029017352848243,4.67122582716526,False,False,False,False,False,True
viberwhisper,derive,structural_regex,escaped punctuation,#\[derive\(,,hash,4.139666,4.252042,2.7146151404485286,-0.11237600000000025,-5.596160879062695,7.25535674620803,False,False,False,False,False,True
viberwhisper,derive,structural_regex,escaped punctuation,#\[derive\(,,english,4.12975,4.252042,2.9612446273987736,-0.12229200000000073,-5.632184960512765,7.319774776160748,False,False,False,False,False,True
viberwhisper,derive,structural_regex,escaped punctuation,#\[derive\(,,chromium_all,4.130584,4.252042,2.940455877425574,-0.12145800000000051,-4.7752143295542115,6.111065874114474,False,False,False,False,False,True
viberwhisper,unwrap,alternation,method call,\.(?:unwrap|expect)\(,,hash,4.32575,4.393875,1.574871409582168,-0.06812500000000021,-4.11969711087451,8.084861359886375,False,False,False,False,False,True
viberwhisper,unwrap,alternation,method call,\.(?:unwrap|expect)\(,,english,4.392584,4.393875,0.029390445350618855,-0.0012910000000001531,-3.217714366239721,7.5186557450407365,False,False,False,False,False,True
viberwhisper,unwrap,alternation,method call,\.(?:unwrap|expect)\(,,chromium_all,4.331584,4.393875,1.4380651512241327,-0.062291000000000096,-2.2477343440629016,8.361086373153249,False,False,False,False,False,True
viberwhisper,async,structural_regex,whitespace,\basync[ \t]+fn[ \t]+\w+,,hash,4.219125,4.253917,0.8246259591740079,-0.03479200000000038,-4.429826843052709,3.429973635753969,False,False,False,False,False,True
viberwhisper,async,structural_regex,whitespace,\basync[ \t]+fn[ \t]+\w+,,english,4.137917,4.253917,2.803342841337808,-0.11600000000000055,-1.7791275837270581,5.585184287099909,False,False,False,False,False,True
viberwhisper,async,structural_regex,whitespace,\basync[ \t]+fn[ \t]+\w+,,chromium_all,4.31875,4.253917,-1.501198263386383,0.06483299999999925,-6.0705435283279545,3.028158543909454,True,False,False,False,False,True
viberwhisper,common_files,fixed_string,common / files,self,-F -l,hash,4.261417,4.341208,1.8724053524919126,-0.07979100000000017,-2.03568105524764,5.71505472815359,False,False,False,False,False,True
viberwhisper,common_files,fixed_string,common / files,self,-F -l,english,4.332583,4.341208,0.1990729317822737,-0.008625000000000327,-3.2242410263802923,6.393142802057605,False,False,False,False,False,True
viberwhisper,common_files,fixed_string,common / files,self,-F -l,chromium_all,4.332375,4.341208,0.20388355116998103,-0.00883300000000009,-4.74062208568764,2.9870075528236395,False,False,False,False,False,True
agentflow,word_return,word_boundary,common word,\breturn\b,,hash,4.717459,4.7385,0.4460240141991756,-0.02104100000000031,-2.7983649475964323,4.1373676008381155,False,False,False,False,False,True
agentflow,word_return,word_boundary,common word,\breturn\b,,english,4.658958,4.7385,1.7072916304461172,-0.079542,-3.613608205544827,4.099824177013178,False,False,False,False,False,True
agentflow,word_return,word_boundary,common word,\breturn\b,,chromium_all,4.708375,4.7385,0.6398173467491386,-0.030124999999999957,-3.6294493046867604,4.361908301696449,False,False,False,False,False,True
agentflow,errors,alternation,alternation,\b(Error|Result|Exception|ValueError)\b,,hash,4.501042,4.574583,1.6338661136687804,-0.07354099999999963,-5.870495151892941,4.122060663348992,False,False,False,False,False,True
agentflow,errors,alternation,alternation,\b(Error|Result|Exception|ValueError)\b,,english,4.521458,4.574583,1.174952858126721,-0.053124999999999645,-2.4498587115200476,4.876102851101738,False,False,False,False,False,True
agentflow,errors,alternation,alternation,\b(Error|Result|Exception|ValueError)\b,,chromium_all,4.644542,4.574583,-1.5062626196512108,0.06995900000000077,-3.7181999847925584,2.443590361165904,True,False,False,False,False,True
agentflow,todo,ignore_case,ignore case,\b(TODO|FIXME)\b,-i,hash,4.251292,4.226166,-0.5910203298197358,0.025126000000000204,-3.7155322663325108,3.0824416342412286,True,False,False,False,False,True
agentflow,todo,ignore_case,ignore case,\b(TODO|FIXME)\b,-i,english,4.262459,4.226166,-0.851456870318279,0.03629299999999969,-3.223120567668214,3.5417449582274996,True,False,False,False,False,True
agentflow,todo,ignore_case,ignore case,\b(TODO|FIXME)\b,-i,chromium_all,4.129916,4.226166,2.3305558757127365,-0.09625000000000039,-0.3846119076246324,5.986117478759279,False,False,False,False,False,True
agentflow,short,scan_fallback,scan fallback,if,-F -l,hash,4.636292,4.802292,3.580447478286519,-0.16599999999999948,-0.4782332730086325,7.408870265938305,False,False,False,False,False,True
agentflow,short,scan_fallback,scan fallback,if,-F -l,english,4.744541,4.802292,1.2172094202579364,-0.057750999999999664,-3.4279670023786624,4.962130088412486,False,False,False,False,False,True
agentflow,short,scan_fallback,scan fallback,if,-F -l,chromium_all,4.78,4.802292,0.46635983263596525,-0.022291999999999312,-3.4097337014575957,4.077599094432438,False,False,False,False,False,True
agentflow,digits,scan_fallback,scan fallback,"\b[0-9]{2,4}\b",-c,hash,5.549959,5.498417,-0.9286915452888955,0.05154200000000042,-2.9255710281817615,5.540675974239662,True,False,False,False,False,True
agentflow,digits,scan_fallback,scan fallback,"\b[0-9]{2,4}\b",-c,english,5.502083,5.498417,-0.06662931111726111,0.003665999999999947,-3.768775034562244,4.611257105581967,True,False,False,False,False,True
agentflow,digits,scan_fallback,scan fallback,"\b[0-9]{2,4}\b",-c,chromium_all,5.502375,5.498417,-0.07193257457006608,0.003957999999999906,-5.447424082238539,4.764200537286101,True,False,False,False,False,True
agentflow,absent,no_matches,no matches,CODERG_WIDE_ABSENT_92be7,-F,hash,3.892459,3.71125,-4.655386222436764,0.18120899999999995,-7.572608053330754,3.3614904228880915,True,False,False,False,False,True
agentflow,absent,no_matches,no matches,CODERG_WIDE_ABSENT_92be7,-F,english,3.821875,3.71125,-2.894521668029426,0.11062499999999975,-6.019199896785121,7.250366648611073,True,False,False,False,False,True
agentflow,absent,no_matches,no matches,CODERG_WIDE_ABSENT_92be7,-F,chromium_all,3.772708,3.71125,-1.6290155506336612,0.06145800000000001,-3.390371687735616,7.117958814123537,True,False,False,False,False,True
agentflow,literal,fixed_string,fixed string,review_batch,-F,hash,3.917709,3.938625,0.533883450761663,-0.020916000000000157,-2.5908835683416953,5.4821537651381425,False,False,False,False,False,True
agentflow,literal,fixed_string,fixed string,review_batch,-F,english,3.870667,3.938625,1.7557180713298148,-0.06795799999999996,-3.1512209741605623,4.081433224755693,False,False,False,False,False,True
agentflow,literal,fixed_string,fixed string,review_batch,-F,chromium_all,3.835958,3.938625,2.6764370204261922,-0.10266699999999984,-0.9198129674274247,5.843874186512621,False,False,False,False,False,True
agentflow,icase_literal,ignore_case,ignore case,review_batch,-i -F,hash,4.619042,4.523875,-2.060319001212807,0.095167,-6.727024720482255,1.0802135675054503,True,False,False,False,False,True
agentflow,icase_literal,ignore_case,ignore case,review_batch,-i -F,english,4.530042,4.523875,-0.13613560315774986,0.0061669999999995895,-4.694109717568063,2.3040404481901033,True,False,False,False,False,True
agentflow,icase_literal,ignore_case,ignore case,review_batch,-i -F,chromium_all,4.590042,4.523875,-1.4415336504546183,0.06616700000000009,-6.080206544701994,2.2122826466880463,True,False,False,False,False,True
agentflow,function,structural_regex,function definitions,\bdef[ \t]+[a-z_][a-z_0-9]*,,hash,4.958709,4.973708,0.30247792318525146,-0.014999000000000429,-2.653533187526025,2.9394693541752392,False,False,False,False,False,True
agentflow,function,structural_regex,function definitions,\bdef[ \t]+[a-z_][a-z_0-9]*,,english,5.222542,4.973708,-4.764614626363938,0.24883399999999956,-7.545685907178967,-0.04666994089288501,True,False,True,False,False,False
agentflow,function,structural_regex,function definitions,\bdef[ \t]+[a-z_][a-z_0-9]*,,chromium_all,4.985083,4.973708,-0.22818075446287,0.011375000000000135,-6.183748049152493,1.631313131313128,True,False,False,False,False,True
agentflow,class,structural_regex,class definitions,^class[ \t]+\w+,,hash,4.735416,4.761375,0.548188374579972,-0.025959000000000287,-3.7087329762519383,4.226403730282491,False,False,False,False,False,True
agentflow,class,structural_regex,class definitions,^class[ \t]+\w+,,english,4.785,4.761375,-0.49373040752350716,0.023625000000000007,-3.6451287440882996,5.099563170881449,True,False,False,False,False,True
agentflow,class,structural_regex,class definitions,^class[ \t]+\w+,,chromium_all,4.752583,4.761375,0.1849941389766574,-0.008792000000000577,-3.0990878938640054,5.119382255389726,False,False,False,False,False,True
agentflow,import,structural_regex,imports,^from[ \t]+[\w.]+[ \t]+import\b,,hash,5.202792,5.146041,-1.0907797198119629,0.05675099999999933,-5.6817983748436385,4.087516064163554,True,False,False,False,False,True
agentflow,import,structural_regex,imports,^from[ \t]+[\w.]+[ \t]+import\b,,english,5.247208,5.146041,-1.9280158133620606,0.10116699999999934,-4.832788618072337,2.6733980204761476,True,False,False,False,False,True
agentflow,import,structural_regex,imports,^from[ \t]+[\w.]+[ \t]+import\b,,chromium_all,5.217625,5.146041,-1.371965214058113,0.07158399999999965,-3.9206583771396852,4.315105503708994,True,False,False,False,False,True
agentflow,decorator,structural_regex,escaped punctuation,^[ \t]*@[A-Za-z_][\w.]*,,hash,5.123292,5.124875,0.030898102235821234,-0.001583000000000112,-2.0741314046535675,5.2684165073356715,False,False,False,False,False,True
agentflow,decorator,structural_regex,escaped punctuation,^[ \t]*@[A-Za-z_][\w.]*,,english,5.127667,5.124875,-0.05444971368069318,0.0027919999999994616,-2.2813109243568386,4.045768052744014,True,False,False,False,False,True
agentflow,decorator,structural_regex,escaped punctuation,^[ \t]*@[A-Za-z_][\w.]*,,chromium_all,5.131333,5.124875,-0.1258542370958904,0.006457999999999409,-3.395976017252411,3.338360357829173,True,False,False,False,False,True
agentflow,async,structural_regex,whitespace,\basync[ \t]+def[ \t]+\w+,,hash,4.837666,4.822125,-0.3212499581409678,0.015540999999999805,-3.727377495302897,3.978083040987457,True,False,False,False,False,True
agentflow,async,structural_regex,whitespace,\basync[ \t]+def[ \t]+\w+,,english,4.939625,4.822125,-2.3787230812055693,0.1175000000000006,-5.526479328428624,2.427587943830467,True,False,False,False,False,True
agentflow,async,structural_regex,whitespace,\basync[ \t]+def[ \t]+\w+,,chromium_all,4.855083,4.822125,-0.6788349447372943,0.03295799999999982,-2.506548505983619,3.1878118927322285,True,False,False,False,False,True
agentflow,db,ignore_case,alternation,\b(session|transaction|connection)\b,-i,hash,5.362625,5.313417,-0.9176103121139367,0.04920800000000014,-4.133241124942366,4.296268022917582,True,False,False,False,False,True
agentflow,db,ignore_case,alternation,\b(session|transaction|connection)\b,-i,english,5.3665,5.313417,-0.9891549427000879,0.05308299999999999,-5.327743981560806,2.4111601690934847,True,False,False,False,False,True
agentflow,db,ignore_case,alternation,\b(session|transaction|connection)\b,-i,chromium_all,5.364584,5.313417,-0.9537925028296645,0.05116699999999952,-4.409982136975154,3.2786816911314576,True,False,False,False,False,True
agentflow,test,structural_regex,test definitions,\bdef[ \t]+test_\w+,,hash,4.56975,4.722458,3.3417145358061173,-0.15270799999999962,-0.6038057642068995,6.561748797236477,False,False,False,False,False,True
agentflow,test,structural_regex,test definitions,\bdef[ \t]+test_\w+,,english,4.514208,4.722458,4.613212328718563,-0.2082499999999996,-0.21355196003908228,6.3161688606284905,False,False,False,False,False,True
agentflow,test,structural_regex,test definitions,\bdef[ \t]+test_\w+,,chromium_all,4.644666,4.722458,1.6748674716330347,-0.07779199999999964,-2.7622617588693776,4.334256022716709,False,False,False,False,False,True
agentflow,common_files,fixed_string,common / files,self,-F -l,hash,4.302959,4.361125,1.3517674697806736,-0.05816599999999994,-1.0989247736123642,4.777456072225417,False,False,False,False,False,True
agentflow,common_files,fixed_string,common / files,self,-F -l,english,4.311,4.361125,1.16272326606357,-0.05012500000000042,-1.213738258566588,4.538460978917147,False,False,False,False,False,True
agentflow,common_files,fixed_string,common / files,self,-F -l,chromium_all,4.389083,4.361125,-0.6369895488419819,0.027957999999999927,-3.6569289626510293,2.761854762374938,True,False,False,False,False,True
