repository,step,commit,current_phase,main_phase,current_ms,no_sync_ms,main_ms,rg_ms,middle_before_update_mib,middle_entering_merge_mib,middle_after_update_mib,base_after_mib,main_middle_after_mib
viberwhisper,1,55392aa9b320b1ef6746d16d10881cc9a009feda,incremental,incremental,22.163167,6.155625,10.298665999999999,5.707917,0.0,,0.018268585205078125,0.0704498291015625,0.018268585205078125
viberwhisper,2,c5036467db679a39037dbe18153fb8897646b398,incremental,incremental,21.512166999999998,5.919333,10.150625,5.878375,0.018268585205078125,,0.026197433471679688,0.0704498291015625,0.04446601867675781
viberwhisper,3,600541c7091156d4f9a37eaf72ed3bf1b1c431ce,incremental,incremental,24.829,6.014084,9.843417,5.642708,0.026197433471679688,,0.0453643798828125,0.0704498291015625,0.06363296508789062
viberwhisper,4,7932c30b53573ebd8437c4d8f11cac03d6443461,incremental,incremental,23.479665999999998,6.2816670000000006,9.722041,5.624,0.0453643798828125,,0.04060173034667969,0.0704498291015625,0.0850677490234375
viberwhisper,5,2a68d0c0cb9b68961b09e6381ad30f8de532e340,incremental,incremental,24.7545,6.034708,10.000375,5.750583,0.04060173034667969,,0.04219532012939453,0.0704498291015625,0.08666133880615234
viberwhisper,6,abb59204e308d524b40c6524f09673372620b28b,incremental,incremental,22.632833,5.948625,10.451542,5.659708,0.04219532012939453,,0.06847858428955078,0.0704498291015625,0.1129446029663086
viberwhisper,7,c4ffcf8d34a0305d8339f300dd24849342054d88,metadata,metadata,17.37325,6.90225,6.693709,4.731624999999999,0.06847858428955078,,0.06847858428955078,0.0704498291015625,0.1129446029663086
viberwhisper,8,3eef348d300cb53327e835904b0ab0362ac58d66,incremental,incremental,25.80325,6.564958,6.7466669999999995,5.686375,0.06847858428955078,,0.10470294952392578,0.0704498291015625,0.1491689682006836
viberwhisper,9,d18872f89c5c990af2186129b617f93843a2b734,incremental,rebuild,22.803209000000003,6.464625,10.38675,5.8205,0.10470294952392578,,0.15183353424072266,0.0704498291015625,0.0
viberwhisper,10,e67029bb5f5962a6232fea4663a30ff0a4b8e972,incremental,incremental,23.794541,5.769709,6.0445,5.67975,0.15183353424072266,,0.15413665771484375,0.0704498291015625,0.0023031234741210938
viberwhisper,11,4ade1bf52e9ffbeaa8191946b5a22370ba838058,incremental,incremental,24.886583,6.883584,6.758042,5.37575,0.15413665771484375,,0.19720077514648438,0.0704498291015625,0.04767036437988281
viberwhisper,12,9d3eddd916ca1d982bda628f1d07858612689706,incremental,incremental,25.368042,7.244667,6.897666,5.747167,0.19720077514648438,,0.2376699447631836,0.0704498291015625,0.08813953399658203
viberwhisper,13,55336634d4a20283fc5f08f0d5997352714cfe52,incremental,incremental,25.956958,8.05925,7.943792,6.161708,0.2376699447631836,,0.26749420166015625,0.0704498291015625,0.15856552124023438
viberwhisper,14,5fb3f5a6555c65631c46fc91343a9458e03a1676,incremental,incremental,25.014417,7.007625,7.6853750000000005,5.652375,0.26749420166015625,,0.31321144104003906,0.0704498291015625,0.2405071258544922
viberwhisper,15,dc8f7b7facad195ae896883d8d0c8ca2a8db7644,incremental,incremental,25.402125,7.431667,7.679917,6.962958,0.31321144104003906,,0.13258838653564453,0.0704498291015625,0.3730955123901367
viberwhisper,16,8655cb9893f83dcd588811e14d18be36c1c481dc,incremental,incremental,26.045208,7.072375,7.650875,4.530959,0.13258838653564453,,0.2125988006591797,0.0704498291015625,0.45218467712402344
viberwhisper,17,bde010333b5ba28a4641bad0da77624c1b4d290a,incremental,rebuild,22.241125,6.632333,11.440999999999999,4.5444580000000006,0.2125988006591797,,0.25063419342041016,0.0704498291015625,0.0
viberwhisper,18,205f9b6e6d20716a7d6366d288fa13c2dc7bee28,incremental,incremental,26.336333,6.391833,7.598875,5.723083,0.25063419342041016,,0.2675485610961914,0.0704498291015625,0.013996124267578125
viberwhisper,19,46bf111fce70fa22d4e7ea6059fe9bf86e25ff77,incremental,incremental,26.607042,7.812625,7.400666999999999,5.5742910000000006,0.2675485610961914,,0.37453174591064453,0.0704498291015625,0.11535835266113281
viberwhisper,20,65c8f3488c9e6c2214688cc762f96b2b68a47e8d,incremental,incremental,25.11075,6.998417,6.899500000000001,5.670833,0.37453174591064453,,0.39829158782958984,0.0704498291015625,0.1345367431640625
viberwhisper,21,20ee3046a1428a9fd5deb429d79a67edc4558938,incremental,incremental,24.181375000000003,6.924874999999999,7.08525,4.503125,0.39829158782958984,,0.39869213104248047,0.0704498291015625,0.15403461456298828
viberwhisper,22,818ad374473f4bf1f2d8091255e636c1a384f202,incremental,incremental,28.124125,7.5395829999999995,8.327459000000001,5.67075,0.39869213104248047,,0.5667924880981445,0.0704498291015625,0.3062314987182617
viberwhisper,23,4d626065eaaecbcbdef4404bc82f1bbfe4d0a9a6,incremental,incremental,25.405542,7.381291,7.37325,5.672791,0.5667924880981445,,0.596156120300293,0.0704498291015625,0.33559513092041016
viberwhisper,24,388998fc20daf746b54f21fef362d439093ba4a9,middle_merge,incremental,35.717833999999996,8.963375000000001,7.788209,6.081583,0.596156120300293,0.677433967590332,0.6367435455322266,0.0704498291015625,0.4026327133178711
viberwhisper,25,ca0c6265d36398ac7d9cb209b3abbd71cec126a6,incremental,rebuild,26.858416,6.757167,12.519333000000001,6.893166,0.6367435455322266,,0.6462326049804688,0.0704498291015625,0.0
viberwhisper,26,b424f4d7f12a06682d85530d65a6c99245d86066,incremental,incremental,26.352416,6.3711660000000006,7.179709,4.484417,0.6462326049804688,,0.6516590118408203,0.0704498291015625,0.0054264068603515625
viberwhisper,27,c6becc366e6cfaee7ac31a1d9a83bfdfe03662a1,incremental,incremental,26.05875,7.984750000000001,7.521624999999999,5.77875,0.6516590118408203,,0.6438131332397461,0.0704498291015625,0.07378959655761719
viberwhisper,28,d2f57924db3a392b3927d72fc4053a1840324eeb,incremental,incremental,28.067,7.911125,7.592542,4.615125,0.6438131332397461,,0.7353048324584961,0.0704498291015625,0.15811824798583984
viberwhisper,29,7eb6ff3cda3bb89e776d064493cdcdd7854cefb5,incremental,incremental,25.495875,7.902125,7.775833,5.777416,0.7353048324584961,,0.8016729354858398,0.0704498291015625,0.2184600830078125
viberwhisper,30,f448b2d0296b525a1a2bd9871b5dfe157837b77e,middle_merge,incremental,38.844792000000005,9.813291999999999,8.008750000000001,5.861542,0.8016729354858398,0.8954906463623047,0.7922239303588867,0.0704498291015625,0.3051605224609375
viberwhisper,31,47aa14a31e08daa17ee6c2f9465a0327463b0fab,incremental,incremental,26.583209,8.989208999999999,8.581667,5.627792,0.7922239303588867,,1.0116996765136719,0.0704498291015625,0.509699821472168
viberwhisper,32,753674caaceb5c4961ef66eed5704e1d649b7944,incremental,incremental,26.079083,7.459375,8.112665999999999,5.762417,1.0116996765136719,,1.0636177062988281,0.0704498291015625,0.5587844848632812
viberwhisper,33,85c0a03404aafa681eeaecbe9b6031ea23e870a9,middle_merge,rebuild,34.959542000000006,9.606666,13.056375000000001,5.822792000000001,1.0636177062988281,1.0731182098388672,0.846949577331543,0.0704498291015625,0.0
viberwhisper,34,82e358202daf483fe9cff04df1576e8c0774c0fe,incremental,incremental,26.864124999999998,6.670375,7.48725,5.545625,0.846949577331543,,0.8652229309082031,0.0704498291015625,0.018273353576660156
viberwhisper,35,bae4d1c33f4aa6861eff871586691f605c8c6607,incremental,incremental,27.501209,8.356667,7.771916999999999,4.35925,0.8652229309082031,,0.9217233657836914,0.0704498291015625,0.09713554382324219
viberwhisper,36,db89a4ffe88c7eb76738fc063783ebfbe83f79ed,incremental,incremental,27.176,7.62725,7.299042,7.021208000000001,0.9217233657836914,,0.9854946136474609,0.0704498291015625,0.15209293365478516
viberwhisper,37,dc25e2ec2895d5ad7e5053e60152b64383bfdc55,incremental,incremental,24.156083,7.60475,7.655875,5.728333,0.9854946136474609,,1.0251407623291016,0.0704498291015625,0.1870098114013672
viberwhisper,38,254eb4f930486011f2a75ccefe50246990566007,middle_merge,incremental,34.924499999999995,7.650375,7.63725,6.978042,1.0251407623291016,1.0372905731201172,1.0335941314697266,0.0704498291015625,0.1991596221923828
viberwhisper,39,34f2e69fafa4addbc26e12e61fd6e32dc450cb78,middle_merge,incremental,38.981167,11.195165999999999,8.665125,4.343708,1.0335941314697266,1.2398195266723633,1.0468549728393555,0.0704498291015625,0.39249324798583984
viberwhisper,40,979ec658d60f051e7b45fd1fabd7e9036f7ea6b5,incremental,incremental,27.966291000000002,7.733084000000001,7.847708999999999,7.085541,1.0468549728393555,,1.0598011016845703,0.0704498291015625,0.4054393768310547
viberwhisper,41,42ca56baa5fa6d860b6c9ba1799da2ac7c398fbf,incremental,rebuild,24.94825,8.00525,15.399875,7.209917,1.0598011016845703,,1.1183156967163086,0.0704498291015625,0.0
viberwhisper,42,f3edc30c20aca6ed8954c34aa9a415b4ffbb894f,middle_merge,incremental,33.015541,7.975375,7.5655,6.948,1.1183156967163086,1.148895263671875,1.1468114852905273,0.0704498291015625,0.030579566955566406
viberwhisper,43,ff77251f22b3f8493e7ac03378f521b96439049b,middle_merge,incremental,35.540915999999996,10.0845,7.390916,6.866083000000001,1.1468114852905273,1.1482553482055664,1.0052833557128906,0.0704498291015625,0.03178882598876953
viberwhisper,44,3de86ad4a38d8fdf89c084771415f85d8a9fbab1,incremental,incremental,29.808292,10.165000000000001,10.279375,7.210667,1.0052833557128906,,1.3263511657714844,0.0704498291015625,0.339630126953125
viberwhisper,45,c52fd04115362f250c37d2d17c649fe4bbac934b,incremental,incremental,24.218083,8.091332999999999,8.757166999999999,5.9810419999999995,1.3263511657714844,,1.4240474700927734,0.0704498291015625,0.4387702941894531
viberwhisper,46,4c1a64d129f070b1540eb3cd785b13d407125559,incremental,incremental,30.603292,9.129792,10.082083,7.460958,1.4240474700927734,,1.6970787048339844,0.0704498291015625,0.6959819793701172
viberwhisper,47,8f3e1fe7c8f2c34c3ed405bd8bddd3a90a0659ad,middle_merge,incremental,33.897209,10.632833,8.440666,6.9530829999999995,1.6970787048339844,1.7412357330322266,1.5906448364257812,0.0704498291015625,0.7314491271972656
viberwhisper,48,de2272627f31807086fcf710177f658c44e7a2b3,incremental,incremental,29.949125,9.682917,9.257041000000001,8.039209,1.5906448364257812,,1.696375846862793,0.0704498291015625,0.8347396850585938
viberwhisper,49,7b5bc5196b60521a341c315b92d7c022d395f995,middle_merge,rebuild,38.560458,13.407792,18.040958,7.239083,1.696375846862793,1.7979536056518555,1.6146249771118164,0.0704498291015625,0.0
viberwhisper,50,56db8d28b68cc2c12237e0c97c45bd9fa2ee524e,incremental,incremental,26.391875,8.077083,8.5395,7.051792000000001,1.6146249771118164,,1.751800537109375,0.0704498291015625,0.14084243774414062
viberwhisper,51,374f74107531cc6f795d126d70ebbe6463705237,incremental,incremental,30.992042,9.500333,9.027917,6.236833,1.751800537109375,,1.9593925476074219,0.0704498291015625,0.34378528594970703
viberwhisper,52,af21e4556172b01b41f88f4a39d09a9efeedd8d7,middle_merge,incremental,38.2355,13.230042,8.400708,6.24325,1.9593925476074219,2.0464086532592773,1.7588281631469727,0.0704498291015625,0.43790245056152344
viberwhisper,53,ec93ed760bd0960128e2b954b477d7a581a2eb97,incremental,incremental,26.86775,8.885499999999999,9.282625,6.293333,1.7588281631469727,,1.9700088500976562,0.0704498291015625,0.6196050643920898
viberwhisper,54,1266f10811bff33bff97f7c5e8d0eb3cb7eb38d9,incremental,incremental,25.85,7.752667000000001,9.144167,6.0693340000000005,1.9700088500976562,,2.0560131072998047,0.0704498291015625,0.702545166015625
viberwhisper,55,9c571985fa7ba708d1307ebb8ae0f3c4b709ecaa,middle_merge,incremental,41.257292,14.544042,8.858167,5.884792,2.0560131072998047,2.2114458084106445,1.993525505065918,0.0704498291015625,0.848841667175293
viberwhisper,56,569710ed018e432965adc02276f4094030cad233,incremental,incremental,27.420125,8.824209,8.895625,7.491916000000001,1.993525505065918,,2.114156723022461,0.0704498291015625,0.9607963562011719
viberwhisper,57,bbfe83629f435a263a4b632554ce761e9baf690b,incremental,rebuild,26.78875,8.880667,16.772624999999998,6.437416,2.114156723022461,,2.2159032821655273,0.0704498291015625,0.0
viberwhisper,58,e0502a5585cadfcd7bd29e51a32fefec3cc567c8,middle_merge,incremental,39.730542,12.792583,9.909167,7.184416,2.2159032821655273,2.549713134765625,1.935317039489746,0.0704498291015625,0.3341856002807617
viberwhisper,59,35248a50ff06e7638aa6026f703fe1fb2b0a77d6,incremental,incremental,26.240625,7.6438749999999995,8.170167000000001,5.681625,1.935317039489746,,1.9746360778808594,0.0704498291015625,0.3663206100463867
viberwhisper,60,ca60c703e810db2823f569ca71f787be5d7d58d3,incremental,incremental,26.196334,8.941584,9.173542,6.448665999999999,1.9746360778808594,,2.1291751861572266,0.0704498291015625,0.510828971862793
viberwhisper,61,e3220d298ce06375f52a6937c74c82ba5ed03e4e,middle_merge,incremental,37.349000000000004,10.9515,8.862916,6.408542,2.1291751861572266,2.1699962615966797,2.0911359786987305,0.0704498291015625,0.5436372756958008
viberwhisper,62,b476fc8d9bc816100e5e7fa7e6f513dbe55c862a,incremental,incremental,25.976167,8.615,9.733459,7.626125,2.0911359786987305,,2.31954288482666,0.0704498291015625,0.7583608627319336
viberwhisper,63,9bc90f50b8fd806e9081476691967b52390e48a7,incremental,incremental,31.509292000000002,12.052916999999999,11.351291,7.231333,2.31954288482666,,2.829501152038574,0.0704498291015625,1.2599411010742188
viberwhisper,64,cb96c069058fc3db3f4ddeadaa9ef539ddfed139,middle_merge,incremental,38.752167,14.055666,8.232375,6.49175,2.829501152038574,2.837808609008789,2.122303009033203,0.0704498291015625,1.2682485580444336
viberwhisper,65,4e086f46b2302c960ea6c69a6032a6f15ffe7977,incremental,rebuild,29.185875,9.718375,19.474249999999998,8.281958000000001,2.122303009033203,,2.3591203689575195,0.0704498291015625,0.0
viberwhisper,66,4d4a0cc602e4dae02eef44d88598a8709b2e1581,incremental,incremental,30.208917,9.260708,10.281749999999999,6.85175,2.3591203689575195,,2.656524658203125,0.0704498291015625,0.30072975158691406
viberwhisper,67,4559c6ff17a06516692153b4fa5a1fcea60c03c7,middle_merge,incremental,42.395083,17.596375000000002,10.014208,7.408375,2.656524658203125,2.955068588256836,2.26706600189209,0.0704498291015625,0.5977640151977539
viberwhisper,68,d373db6ab330c00ae86b23a60f275decadb9911b,incremental,incremental,25.166166999999998,8.188542,8.459125,7.395208,2.26706600189209,,2.292119026184082,0.0704498291015625,0.6179752349853516
viberwhisper,69,826ae97a3c3e04c66a09f3e762c3883553abb562,incremental,incremental,26.226665999999998,8.300625,9.115875,6.464583,2.292119026184082,,2.360337257385254,0.0704498291015625,0.6832180023193359
viberwhisper,70,9c7d55374267697e8f4220655e4ea4e4ab688200,middle_merge,incremental,35.095042,8.955375,9.038542,6.6015,2.360337257385254,2.4617347717285156,2.459761619567871,0.0704498291015625,0.7846155166625977
viberwhisper,71,a6957c2b468a64428cfe9fe0ef5d0f11a83dc9f1,middle_merge,incremental,36.776917,10.726792000000001,8.791958000000001,6.107457999999999,2.459761619567871,2.500751495361328,2.4615488052368164,0.0704498291015625,0.8356723785400391
viberwhisper,72,b2aa6bb5747afab99bda5685d036d7c130391fb2,incremental,incremental,29.673708,9.575958,10.115458,6.802584,2.4615488052368164,,2.655472755432129,0.0704498291015625,1.035390853881836
viberwhisper,73,5d7d70b0fef11cc1cc6f1d18b400508af48372f0,incremental,rebuild,27.496917,9.348125000000001,20.227708,7.180625,2.655472755432129,,2.815812110900879,0.0704498291015625,0.0
viberwhisper,74,50bdb4085e1e843a4c44f3654d3bf1f6a652442e,middle_merge,incremental,41.334999999999994,13.594167,9.091125,6.528125,2.815812110900879,2.9825096130371094,2.604355812072754,0.0704498291015625,0.16275787353515625
viberwhisper,75,650ab9c64e587f6d102904305a3c18fda7138917,incremental,incremental,27.274209,8.957291,9.179417,7.460417,2.604355812072754,,2.778164863586426,0.0704498291015625,0.3289213180541992
viberwhisper,76,4cf7e0b3725e28a017b9a52f8e71fc8be1fb631f,incremental,incremental,29.17825,10.272375,9.799583,8.235583,2.778164863586426,,3.0421457290649414,0.0704498291015625,0.5952224731445312
viberwhisper,77,9714dda3f044e460784644b84853fec371e44632,middle_merge,incremental,41.74075,16.513084,9.018,6.571292000000001,3.0421457290649414,3.189337730407715,2.819063186645508,0.0704498291015625,0.7476329803466797
viberwhisper,78,a8795abdb1dbc28238143f5e3eae9137c86925e3,incremental,incremental,30.622833,11.216584,12.478042,8.558875,2.819063186645508,,3.2169065475463867,0.0704498291015625,1.1304292678833008
viberwhisper,79,c139d1b72e2d95045ca62dd1b697137b602e6e13,incremental,incremental,29.694583,11.510833,11.006083,6.3790000000000004,3.2169065475463867,,3.5537595748901367,0.0704498291015625,1.4747467041015625
viberwhisper,80,d723bb05825613cd3bb825fea0eca8309925ca1a,middle_merge,incremental,48.560667,21.148375,12.400917,8.984375,3.5537595748901367,4.022863388061523,3.1144399642944336,0.0704498291015625,1.9531526565551758
viberwhisper,81,fc5d74271283608392878caf8f0d256451681544,incremental,rebuild,30.066916,12.644375,23.601416999999998,7.571041,3.1144399642944336,,3.57241153717041,0.0704498291015625,0.0
viberwhisper,82,25aa9fd3d5eec3165fe03c552c6daef1d71270b5,incremental,incremental,28.964625,10.127374999999999,10.994792,7.095083000000001,3.57241153717041,,3.8794679641723633,0.0704498291015625,0.3154621124267578
viberwhisper,83,924ca3ba54e2832cb752fb03311f97425428f15e,middle_merge,incremental,44.214375,21.046374999999998,10.205667,6.586583,3.8794679641723633,4.166632652282715,3.3935012817382812,0.0704498291015625,0.5952119827270508
viberwhisper,84,a4a44916007f80106e15c34021d4b4a15904239f,incremental,incremental,28.161917000000003,11.148375,11.497458,7.460208000000001,3.3935012817382812,,3.774923324584961,0.0704498291015625,0.9804916381835938
viberwhisper,85,2c685d9d3ba933fa5e7e99e24ebd12155bc84f23,incremental,incremental,33.940458,14.373875,14.413499999999999,8.940125,3.774923324584961,,4.450264930725098,0.0704498291015625,1.6082258224487305
viberwhisper,86,426f7f7f387a03f415e753c4575e976580f0c65b,middle_merge,incremental,49.913208,21.253375000000002,12.028,7.6541250000000005,4.450264930725098,4.684572219848633,3.798098564147949,0.0704498291015625,1.8395977020263672
viberwhisper,87,2fee0a2218e285a4c18a5b3503ea2849a05d2ea9,incremental,incremental,30.156665999999998,10.443624999999999,11.240791999999999,8.107750000000001,3.798098564147949,,4.063309669494629,0.0704498291015625,2.1011781692504883
viberwhisper,88,2afe57be7d9a6b88128a3f108339e75afc52c99e,incremental,incremental,27.812791999999998,9.906165999999999,10.085291,7.799666,4.063309669494629,,4.162839889526367,0.0704498291015625,2.188021659851074
viberwhisper,89,a1f40ed5be5746284a79cdfd785cdc6ce7cb88f4,middle_merge,rebuild,34.560041999999996,10.655875,26.020333,8.933625000000001,4.162839889526367,4.198823928833008,4.170196533203125,0.0704498291015625,0.0
viberwhisper,90,c829976a2d0c8dac44309f13deaedd5c46323f05,middle_merge,incremental,38.576209,12.743,9.912791,9.340791,4.170196533203125,4.2462921142578125,4.149100303649902,0.0704498291015625,0.07290935516357422
viberwhisper,91,f01e3331ee68a3848f8be454476c0cad579a4489,incremental,incremental,28.077958,10.923042,10.1205,7.284541,4.149100303649902,,4.313196182250977,0.0704498291015625,0.2235097885131836
viberwhisper,92,e10a53e0e3151392767d7e3a01e3a64906fd246f,middle_merge,incremental,42.751875,16.731458,10.218292,9.167541,4.313196182250977,4.452871322631836,3.7091894149780273,0.0704498291015625,0.3498973846435547
viberwhisper,93,cc620e97c0e0852830d4346ac4efc1ce1dcf5910,incremental,incremental,28.456417000000002,10.129624999999999,10.653833,9.354750000000001,3.7091894149780273,,3.8584890365600586,0.0704498291015625,0.48685359954833984
viberwhisper,94,04903ca04146d6f512fd9720f14b7b206c8ae793,incremental,incremental,31.07475,10.6535,12.298875,8.038083,3.8584890365600586,,4.212667465209961,0.0704498291015625,0.8329143524169922
viberwhisper,95,976e1f16c761d5975abd1faf95d5a03996794768,middle_merge,incremental,43.565875,18.235708,11.162625,7.054208,4.212667465209961,4.3757219314575195,3.865056037902832,0.0704498291015625,0.9809865951538086
viberwhisper,96,2c9f50091b26d41f9abf827ac9fe76a4aaaefc4d,incremental,incremental,32.313333,14.088458999999999,13.878,7.586083,3.865056037902832,,4.469507217407227,0.0704498291015625,1.5558862686157227
viberwhisper,97,720255e31d06533caf1c279a9b1d1109f80b18ab,incremental,rebuild,27.958541,9.682917,28.533125,7.6639159999999995,4.469507217407227,,4.6089372634887695,0.0704498291015625,0.0
viberwhisper,98,c267b88deeedebd52ba9e543a83918305011263f,middle_merge,incremental,42.5825,17.138458,13.538333,7.822875,4.6089372634887695,5.140362739562988,5.011152267456055,0.0704498291015625,0.4975852966308594
viberwhisper,99,65186fe565fcc21af180634a6b0684e2e18ed192,middle_merge,incremental,53.272334,27.981749999999998,12.224916,9.065,5.011152267456055,5.5037126541137695,4.47519588470459,0.0704498291015625,0.9644327163696289
viberwhisper,100,ab1f117d922fe06da6fc2f1f72605ba227ba4233,incremental,incremental,27.649166,9.041375,9.812417,8.721958,4.47519588470459,,4.511846542358398,0.0704498291015625,0.9939022064208984
agentflow,1,9cca7f6765530826d562da26ff4674b1d6f7baf6,incremental,incremental,27.216708,9.701292,9.814042,6.183083,0.0,,0.33382701873779297,0.8180513381958008,0.33382701873779297
agentflow,2,5b5b0b114b801c0088ee68f2abe2e69847f6ba1e,incremental,incremental,26.944291,9.610833,10.046583,7.356917,0.33382701873779297,,0.7490072250366211,0.8180513381958008,0.7490072250366211
agentflow,3,3d849065c2f15ad341b10d3635adecda572a389d,incremental,incremental,23.741208,7.510375,8.056333,5.54525,0.7490072250366211,,0.7805585861206055,0.8180513381958008,0.7805585861206055
agentflow,4,96ee4e9aaf03f10f5c50e2b8842484f56c1ccd8b,incremental,incremental,26.974417,8.36425,8.686959,6.242417,0.7805585861206055,,0.8335647583007812,0.8180513381958008,0.8335647583007812
agentflow,5,7b91e44f4b9ae3f5878ead729dc7cf303f46b764,incremental,incremental,37.440208000000005,18.739708,19.415708,6.162,0.8335647583007812,,1.5973739624023438,0.8180513381958008,1.6503801345825195
agentflow,6,8e11dc763cf915bc01901a3d1ce301180dc91737,incremental,incremental,40.721042,19.212166999999997,20.519291,7.449333,1.5973739624023438,,2.202699661254883,0.8180513381958008,2.5895328521728516
agentflow,7,77eb240564d52e3845fdc221642f4ff6621eae1e,incremental,incremental,30.252791000000002,10.037333,10.023709,7.317333,2.202699661254883,,2.531355857849121,0.8180513381958008,2.91818904876709
agentflow,8,5ec17f27e93d7a63506dfe00a2f57dee2923fb6a,incremental,rebuild,28.576625,10.967416,25.614625,6.231125,2.531355857849121,,2.944559097290039,0.8180513381958008,0.0
agentflow,9,bf0821e6a40ab47986432a69bfa8ee5e72bb8dd7,incremental,incremental,27.0355,8.874417000000001,8.664542,6.166584,2.944559097290039,,3.0820484161376953,0.8180513381958008,0.11885547637939453
agentflow,10,b5ba13dc3366a4942555ddafd6fb52ad61243e4f,incremental,incremental,29.929625,10.672374999999999,10.693625,7.219417,3.0820484161376953,,3.499688148498535,0.8180513381958008,0.5309381484985352
agentflow,11,e7b93ba2184c382b934ab05f98bc0c8a637dcefc,middle_merge,incremental,50.018,26.525,18.468374999999998,6.077291000000001,3.499688148498535,4.27337646484375,3.362316131591797,0.8180513381958008,1.4472761154174805
agentflow,12,8125a4b669a2026a51d95e6cb86af7019083a17a,incremental,incremental,33.1245,12.581125,13.005958,7.338166,3.362316131591797,,3.9875049591064453,0.8180513381958008,2.0683116912841797
agentflow,13,bbf99f98124011bd4f0cda40c7df0b551191ab4b,incremental,incremental,26.952958,9.630875000000001,10.365124999999999,7.109,3.9875049591064453,,4.1549882888793945,0.8180513381958008,2.2368221282958984
agentflow,14,135d2eddcadcb2365b7c3107b0d7e167a039d174,middle_merge,incremental,49.810125,21.652417,12.775292,8.324541,4.1549882888793945,4.638857841491699,3.9336280822753906,0.8180513381958008,2.716785430908203
agentflow,15,9fd98266044601c28975de64070f6f8a48dfc258,incremental,incremental,27.81825,9.267917,9.0495,6.943625,3.9336280822753906,,3.9743270874023438,0.8180513381958008,2.7574844360351562
agentflow,16,78b8bc384df3f5dad06a3df622d870ee5a89853a,incremental,rebuild,30.027542,12.265125,28.327209,6.758209,3.9743270874023438,,4.441938400268555,0.8180513381958008,0.0
agentflow,17,878588e006d46f2c3c94937d54615b328e237f9f,incremental,incremental,39.492958,22.125625,22.456583,7.190875,4.441938400268555,,5.561031341552734,0.8180513381958008,1.2547540664672852
agentflow,18,e6ec8c6222a334628285f2d93fb5278991a5e36c,middle_merge,incremental,36.919624999999996,10.065334,9.762125,6.7985,5.561031341552734,5.627547264099121,5.616218566894531,0.8180513381958008,1.3212699890136719
agentflow,19,40efd5bcc760bc1aa05029515d2eb46d3dff3c30,middle_merge,incremental,55.579583,31.050375000000003,12.876999999999999,6.703667,5.616218566894531,6.199529647827148,4.852265357971191,0.8180513381958008,1.891331672668457
vllm,1,4ae6228284c4e9776f62d0867f543e621864176c,incremental,incremental,70.98895900000001,47.139374999999994,80.26795800000001,169.27475,0.0,,0.14718055725097656,60.44817352294922,0.14718055725097656
vllm,2,da8ec2826898d47bd2fb424bc607052a6dc515c1,incremental,incremental,82.707292,41.135875000000006,72.386917,157.31145899999999,0.14718055725097656,,0.38832664489746094,60.44817352294922,0.38832664489746094
vllm,3,98ed0856f31fa3aaf5e27464e2b4ef5a8ee6b2f5,incremental,incremental,94.939042,74.36733299999999,104.278625,91.650417,0.38832664489746094,,3.780014991760254,60.44817352294922,3.780014991760254
vllm,4,d410fc12f30b4224fca71a2faca75dcd4a5c3557,incremental,incremental,64.091208,46.019709,73.750917,163.539875,3.780014991760254,,3.863191604614258,60.44817352294922,3.863191604614258
vllm,5,d4d703caf908786416585ceb1f369e2e0363358b,incremental,incremental,61.78575,44.641,77.487041,163.297584,3.863191604614258,,4.004608154296875,60.44817352294922,4.004608154296875
vllm,6,b7624069ff023043b39ba4ea67ae5f6045556819,incremental,incremental,63.659375000000004,39.848124999999996,74.06316699999999,158.54162499999998,4.004608154296875,,4.173944473266602,60.44817352294922,4.173944473266602
vllm,7,8bf39632b86df21fa9bfbb470ce8305bf67a5838,incremental,incremental,63.71162499999999,44.507167,75.987834,90.085583,4.173944473266602,,4.345841407775879,60.44817352294922,4.345841407775879
vllm,8,21a22110404d98dcab5f51cd90e9acb0acc15e47,incremental,rebuild,65.593083,43.128959,838.600584,168.45125,4.345841407775879,,4.65947151184082,60.44817352294922,0.0
vllm,9,2db1c4dc31c58bc4fd1f5fc48dbfceebc598e502,middle_merge,incremental,77.103084,51.709875000000004,78.30725,162.51429100000001,4.65947151184082,5.063608169555664,4.984832763671875,60.44817352294922,0.40413665771484375
vllm,10,fc8f10792c59011447b56b41d4c8b1048673e939,incremental,incremental,59.703875,40.640708999999994,74.669792,164.862292,4.984832763671875,,5.064507484436035,60.44817352294922,0.4838113784790039
vllm,11,2a336d8239d00565a99752cfa248f2326e2ac8aa,incremental,incremental,66.36437500000001,44.6085,76.4255,89.11175,5.064507484436035,,5.343047142028809,60.44817352294922,0.7623510360717773
vllm,12,cee0f92c02112ace7120da45896d27e0fe95ea1e,middle_merge,incremental,80.04870799999999,51.485749999999996,74.55375000000001,164.130541,5.343047142028809,5.679184913635254,5.575827598571777,60.44817352294922,1.0984888076782227
vllm,13,e41011129bd54c9e8e12b645ea9b964027d2363f,incremental,incremental,54.065707999999994,43.363333,76.48058300000001,162.805334,5.575827598571777,,5.742002487182617,60.44817352294922,1.2646636962890625
vllm,14,6fdee17f849b1aad5b4d88ff13b475d2e73d8c1a,incremental,incremental,65.674083,41.684792,74.512709,171.50325,5.742002487182617,,5.806365013122559,60.44817352294922,1.329026222229004
vllm,15,c7e6e36fa93a5b8cb95b74fa96e4abdf2f0be51d,middle_merge,incremental,70.196042,45.187666,76.569166,90.88024999999999,5.806365013122559,5.956351280212402,5.923430442810059,60.44817352294922,1.4790124893188477
vllm,16,9509fc8ae61a8eb871a984e759a6d228c930df80,incremental,rebuild,66.19779100000001,45.29833300000001,844.449458,173.093583,5.923430442810059,,6.03425407409668,60.44817352294922,0.0
vllm,17,bc2ee480738d7dcc558262a0c6d81956b515b050,middle_merge,incremental,73.717,52.164583,73.7965,162.737666,6.03425407409668,6.054049491882324,5.9014482498168945,60.44817352294922,0.01979541778564453
vllm,18,579aef4e8dfa2c9d498a702dd04c5ec5db333266,incremental,incremental,62.669375,44.801958000000006,75.83654200000001,164.85120799999999,5.9014482498168945,,6.024531364440918,60.44817352294922,0.14287853240966797
vllm,19,d6bce42983bc0b2095ad6422dbf1399e219ae572,incremental,incremental,65.678291,47.074708,79.143292,89.40287500000001,6.024531364440918,,6.40139102935791,60.44817352294922,0.5197381973266602
vllm,20,560ef78bfe734ea894f8a866e50406574021b9f5,middle_merge,incremental,86.701834,58.027417,80.525833,159.763916,6.40139102935791,7.038336753845215,6.7713422775268555,60.44817352294922,1.1566839218139648
vllm,21,19c018ec05a3be91e2246be6b6f98971e00d6a1c,incremental,incremental,57.596166,43.776875,73.634292,159.441875,6.7713422775268555,,6.883143424987793,60.44817352294922,1.2684850692749023
vllm,22,d9e2b5238d4a42341db3374226890a801357c646,incremental,incremental,67.232083,41.790417000000005,74.968959,167.682875,6.883143424987793,,7.159249305725098,60.44817352294922,1.544590950012207
vllm,23,7dc30f5a663d1d3fcadf73ffd297682b56a69197,middle_merge,incremental,70.956625,44.331709,76.422,89.898667,7.159249305725098,7.228339195251465,7.224826812744141,60.44817352294922,1.6136808395385742
vllm,24,25268f0c9c173aa6557a3eebf7d7a87fa91fec3a,middle_merge,rebuild,80.683583,52.730084000000005,835.292125,165.5205,7.224826812744141,7.81746768951416,7.648941993713379,60.44817352294922,0.0
vllm,25,a26b71d868102dea759d469eaf6f08be0765d831,incremental,incremental,64.682041,47.379333,77.816958,164.210708,7.648941993713379,,8.028973579406738,60.44817352294922,0.3800315856933594
vllm,26,69cf055936066779cbd54c237739e9ac657ed86b,middle_merge,incremental,82.996375,53.220625,71.163667,169.327542,8.028973579406738,8.059426307678223,7.539939880371094,60.44817352294922,0.41048431396484375
vllm,27,8a0a7ee40a5915dd7330c8f6e6c58ca565566471,incremental,incremental,64.464958,45.69666599999999,77.31125,89.206209,7.539939880371094,,7.957590103149414,60.44817352294922,0.8281345367431641
vllm,28,156050598eea0bb1124b9c106b22ba4a8c56f82a,incremental,incremental,62.859208,44.812083,77.363,161.634791,7.957590103149414,,8.055052757263184,60.44817352294922,0.9255971908569336
vllm,29,e35298628fceb490d4ca2a21c0a6e8f63d3c6740,middle_merge,incremental,65.72025,48.817209,75.10304099999999,144.40758300000002,8.055052757263184,8.13736629486084,8.121905326843262,60.44817352294922,1.0079107284545898
vllm,30,78300cdabffbaaffe7625ed34412ec2aec75535c,incremental,incremental,61.387542,38.847417,74.48108400000001,163.7365,8.121905326843262,,8.224283218383789,60.44817352294922,1.1104612350463867
vllm,31,da55494a125979ffc9d4c1f17d593175cb076bf4,middle_merge,incremental,75.609792,49.76266699999999,73.469041,90.81637500000001,8.224283218383789,8.39296817779541,8.343317985534668,60.44817352294922,1.2791461944580078
vllm,32,8a728663c1c3eeace834a95f5654fa653cc1998c,incremental,rebuild,66.713208,43.90175,847.769125,163.637708,8.343317985534668,,8.48831844329834,60.44817352294922,0.0
vllm,33,ae2d1ca96fa2a98f92c775acfe8a154748495a27,middle_merge,incremental,84.98425,62.423041999999995,78.75995800000001,171.671417,8.48831844329834,9.059619903564453,8.798502922058105,60.44817352294922,0.5713014602661133
vllm,34,e862c2f45bc81c72bb84f3807d88d60cfb93d694,incremental,incremental,62.675625,40.635583000000004,76.134125,161.231417,8.798502922058105,,8.88926887512207,60.44817352294922,0.6620674133300781
vllm,35,29af8bd672d5a780abd7399c0cc624078202e89d,incremental,incremental,63.247499999999995,40.305541,72.71075,89.363792,8.88926887512207,,8.92253589630127,60.44817352294922,0.6953344345092773
vllm,36,8f816a3f665489d7f0d222115d4f72ebab01076b,middle_merge,incremental,74.37412499999999,52.682166,76.914208,170.37133300000002,8.92253589630127,9.125944137573242,9.120394706726074,60.44817352294922,0.89874267578125
vllm,37,a5c9179e731e8d2ec7e03485a3ab0754a5a27182,middle_merge,incremental,71.038375,50.205792,75.763125,158.381667,9.120394706726074,9.288701057434082,9.228693962097168,60.44817352294922,1.0670490264892578
vllm,38,a8693df504404ea0288e480165143d8a216f4220,incremental,incremental,61.102917,40.631375,72.798292,173.56870899999998,9.228693962097168,,9.244684219360352,60.44817352294922,1.0830392837524414
vllm,39,605ca45b917ac0614958c63851c31a3f1c82e20d,middle_merge,incremental,69.76425,43.833792,75.016291,88.22345800000001,9.244684219360352,9.27479076385498,9.270793914794922,60.44817352294922,1.1131458282470703
vllm,40,9cd956c7e6cf54efa366b803cafa15ec6c2df827,middle_merge,rebuild,76.573792,45.995208000000005,846.8372079999999,153.117666,9.270793914794922,9.305520057678223,9.300698280334473,60.44817352294922,0.0
vllm,41,fd4a1512628ad17944095263c1fe89598710a3ce,middle_merge,incremental,66.895916,57.301166,74.19379199999999,162.205625,9.300698280334473,9.435282707214355,9.4213285446167,60.44817352294922,0.1345844268798828
vllm,42,3ff4f02dfe69abc1a0375d1ea8d8d5cb25609fcc,middle_merge,incremental,74.78975,41.231917,75.198375,162.32475,9.4213285446167,9.491548538208008,9.464670181274414,60.44817352294922,0.2048044204711914
vllm,43,c615b1fd67f5b149c75aea592de8e563cb0c2da9,middle_merge,incremental,88.781333,65.729667,77.43333299999999,89.117333,9.464670181274414,9.992981910705566,9.458338737487793,60.44817352294922,0.7331161499023438
vllm,44,8b6de0eb9a09ef53f20cf06bd4d17ee264b9c2a7,incremental,incremental,66.764333,44.428125,74.011,168.215541,9.458338737487793,,9.624597549438477,60.44817352294922,0.8993749618530273
vllm,45,8340fe1bb99c187ebec08ad03bbe0d06b45d1d40,incremental,incremental,59.319333,45.507666,72.99591699999999,162.155791,9.624597549438477,,9.729837417602539,60.44817352294922,1.0046148300170898
vllm,46,31a8a266622781917cef482d01db415cfa3cbd92,middle_merge,incremental,74.11166700000001,44.648791,76.94825,165.877166,9.729837417602539,9.93274974822998,9.87952995300293,60.44817352294922,1.2075271606445312
vllm,47,07ee97e0230e0ff8759cdc95a1bb09ba2e462720,incremental,incremental,61.9085,46.890792,74.879416,89.888791,9.87952995300293,,9.90495491027832,60.44817352294922,1.2329521179199219
vllm,48,a69e75b9b6d6a26d90b6790e2eb75b3419a47c16,middle_merge,rebuild,101.17750000000001,73.485209,850.181584,156.259875,9.90495491027832,10.30530834197998,9.742676734924316,60.44817352294922,0.0
vllm,49,a85d0738da311ce4ad5814787e61a12826e232df,incremental,incremental,55.776292,43.244125000000004,74.831542,162.26666600000001,9.742676734924316,,9.80893325805664,60.44817352294922,0.06625652313232422
vllm,50,f19431e5c8634cd0d1641d3f7f4a01043f0eddab,incremental,incremental,58.408333,37.219542000000004,71.96175000000001,165.4485,9.80893325805664,,9.879408836364746,60.44817352294922,0.1367321014404297
vllm,51,5e729d84eb4c91411172f2245c37cf05579ea5b9,middle_merge,incremental,74.72687499999999,48.856667,73.97625,89.352667,9.879408836364746,9.990971565246582,9.977044105529785,60.44817352294922,0.24829483032226562
vllm,52,131e0285f60faad78a13ae79573b7b38ddb52a85,incremental,incremental,58.113042,45.185333,74.242,155.55095799999998,9.977044105529785,,9.997101783752441,60.44817352294922,0.2683525085449219
vllm,53,6a039f465e3770192085e551f642c7a218797d2d,middle_merge,incremental,68.881084,47.037333000000004,77.1705,169.935,9.997101783752441,10.201342582702637,10.155965805053711,60.44817352294922,0.4725933074951172
vllm,54,99a1ab8e4c9fa21cafdd460ac826a445052ac1eb,incremental,incremental,62.666042000000004,40.583458,74.02537500000001,164.355292,10.155965805053711,,10.213433265686035,60.44817352294922,0.5300607681274414
vllm,55,8ad2076c4a0e2a7e5ccf5b11455f737430ad12db,middle_merge,incremental,76.96608400000001,49.751208999999996,78.771083,90.97375000000001,10.213433265686035,10.70011043548584,10.696651458740234,60.44817352294922,1.016737937927246
vllm,56,761c5861e34edb52c290e3171feb3763732ba8ca,middle_merge,rebuild,73.603375,48.34354200000001,862.582542,167.50537500000002,10.696651458740234,10.869996070861816,10.85771369934082,60.44817352294922,0.0
vllm,57,1ff5edb02327583cd9c88f6bda3c485dbd504938,middle_merge,incremental,73.779334,55.463083000000005,70.907084,166.370334,10.85771369934082,10.881488800048828,10.73979377746582,60.44817352294922,0.023775100708007812
vllm,58,8cd95f7de70df6ff15002168a048891c708428fd,incremental,incremental,65.142417,41.641541999999994,74.521,163.493708,10.73979377746582,,10.990941047668457,60.44817352294922,0.27492237091064453
vllm,59,701a7444909d1ef1521f71abca56ed3448cc89fb,middle_merge,incremental,70.158334,42.817291,73.664042,88.43179099999999,10.990941047668457,11.008024215698242,11.006331443786621,60.44817352294922,0.2920055389404297
vllm,60,a11dfcff8921247c119b9356ae1c4bbd3a7f7f57,middle_merge,incremental,73.9305,47.348875,71.69191699999999,163.62379199999998,11.006331443786621,11.030088424682617,11.026963233947754,60.44817352294922,0.3157625198364258
vllm,61,5690b02c03832a4ac3af231d3ecebe649c188095,middle_merge,incremental,85.749916,63.327833,77.07891599999999,160.861,11.026963233947754,11.81314754486084,11.572559356689453,60.44817352294922,1.1019468307495117
vllm,62,25240513856e9aca9b07e9381f2a4513b6954bd8,incremental,incremental,62.94037500000001,38.597041999999995,74.073667,169.73445800000002,11.572559356689453,,11.599282264709473,60.44817352294922,1.1286697387695312
vllm,63,3284af6bf1be8429c332bd5fafba579c2d7557da,middle_merge,incremental,72.599542,47.618624999999994,75.665042,89.861375,11.599282264709473,11.741312980651855,11.736763954162598,60.44817352294922,1.270700454711914
vllm,64,c81ace18596f75660bbc04efc2075a5f17a76791,middle_merge,rebuild,80.53125,45.225792,872.193416,161.60708300000002,11.736763954162598,11.774848937988281,11.753966331481934,60.44817352294922,0.0
vllm,65,5093e4844a75f279d1921d7e34ccd23d68529f27,incremental,incremental,54.165375000000004,45.441,75.289167,168.338667,11.753966331481934,,11.818741798400879,60.44817352294922,0.06477546691894531
vllm,66,784cac7c424db2f2fdc879b672abad7e231f5698,middle_merge,incremental,73.597583,43.490125,76.189042,161.187584,11.818741798400879,12.186724662780762,12.16917896270752,60.44817352294922,0.4327583312988281
vllm,67,3f41d102c5b8636f7206a5fd5949dd8ae0b30a0d,middle_merge,incremental,86.000375,59.483334,79.96495900000001,91.662958,12.16917896270752,12.869802474975586,12.682473182678223,60.44817352294922,1.1296281814575195
vllm,68,8f269a93bbcca6e2737616d76365a5ac771c4d27,incremental,incremental,61.831458,45.566666,75.118875,159.999292,12.682473182678223,,12.973071098327637,60.44817352294922,1.4202260971069336
vllm,69,685074cd61d6b8432575d11b38341559992cf9dd,middle_merge,incremental,71.44279200000001,49.703625,74.868917,169.388333,12.973071098327637,13.301624298095703,13.254877090454102,60.44817352294922,1.748779296875
vllm,70,eb74fbb3e7f0a917e93fff90ef68da23dbd2b34b,middle_merge,incremental,102.259625,73.25058299999999,78.024833,160.75324999999998,13.254877090454102,13.604315757751465,12.773770332336426,60.44817352294922,2.0982179641723633
vllm,71,874df9373dab532543a0229fb2f144f7c14093ae,incremental,incremental,65.516709,43.140499999999996,77.055916,91.01070899999999,12.773770332336426,,12.847464561462402,60.44817352294922,2.17191219329834
vllm,72,8277c42e4c74c5dd604f29b6d938a3456658f247,incremental,rebuild,84.271417,57.941458000000004,856.2146670000001,172.042833,12.847464561462402,,14.137840270996094,60.44817352294922,0.0
vllm,73,6cbb3c154ef1449d2b3c9131a237f36faa695734,middle_merge,incremental,67.17725,45.440124999999995,73.954041,157.571,14.137840270996094,14.23983097076416,14.215601921081543,60.44817352294922,0.1019906997680664
vllm,74,385ba6b5b003238e559d9c1f18e0f1984320ee61,middle_merge,incremental,82.519333,46.554083000000006,76.901959,157.09258300000002,14.215601921081543,14.631819725036621,14.590635299682617,60.44817352294922,0.5182085037231445
vllm,75,16328c7a775ff20d17d9750096a094e8cf2b45f2,middle_merge,incremental,102.335958,79.284958,73.82525,90.233959,14.590635299682617,15.017794609069824,14.17363166809082,60.44817352294922,0.9453678131103516
vllm,76,a7f9be9612861d6425738dd0ba1c7fd5805e6c95,incremental,incremental,64.567083,48.256625,75.582291,182.897708,14.17363166809082,,14.337417602539062,60.44817352294922,1.1091537475585938
vllm,77,ea5f41edd7f157a7c24bc86b59d8ae3b55b6dcf5,incremental,incremental,59.419624999999996,45.56933299999999,73.4805,168.847209,14.337417602539062,,14.415081977844238,60.44817352294922,1.1868181228637695
vllm,78,d4ef5e53fcfd5ffa47f213121c7f181468120d8b,middle_merge,incremental,76.399917,43.589375,75.17649999999999,159.43175000000002,14.415081977844238,14.526129722595215,14.403338432312012,60.44817352294922,1.297865867614746
vllm,79,d87a440f88e28e5b37f9b1e22ce214d0426d5352,base_merge,incremental,903.67575,870.4692080000001,81.092167,89.286958,14.403338432312012,15.271049499511719,0.0,61.324767112731934,2.1756839752197266
vllm,80,4ee2595512c830b2a0566bbaa9815cf617694171,incremental,rebuild,64.954292,41.753583,860.641542,165.667959,0.0,,0.021798133850097656,61.324767112731934,0.0
vllm,81,e962733e08d10f7ca65dac4df99e116460b8b174,incremental,incremental,58.577834,45.827959,76.611083,163.82637499999998,0.021798133850097656,,0.24550533294677734,61.324767112731934,0.2237071990966797
vllm,82,8369affa5428ca29a30f378d660fbffbad12e240,incremental,incremental,62.605791999999994,38.5665,73.702708,170.84929200000002,0.24550533294677734,,0.3582010269165039,61.324767112731934,0.33640289306640625
vllm,83,32601ef7a1ce8aaa6d777778435ec499248906fb,incremental,incremental,63.469167000000006,43.619833,74.614666,87.16012500000001,0.3582010269165039,,0.45627403259277344,61.324767112731934,0.4344758987426758
vllm,84,e473e9036f979d546830aece9855027049faf0ba,incremental,incremental,65.45325000000001,41.963291,73.00075,166.679333,0.45627403259277344,,0.6914768218994141,61.324767112731934,0.6696786880493164
vllm,85,2902ca17e335457a0fa214638936d154907a2e18,incremental,incremental,59.920916999999996,45.4465,74.916625,176.044417,0.6914768218994141,,0.8691873550415039,61.324767112731934,0.8473892211914062
vllm,86,7fbd44cbe0a90b9c8fd3a94a0f0401ac4b1bc719,incremental,incremental,65.55975,37.323375,73.406875,166.486875,0.8691873550415039,,0.9495658874511719,61.324767112731934,0.9277677536010742
vllm,87,bc96d76aa9946f3af81fabe508ae396088974b98,incremental,incremental,64.57004099999999,44.013083,75.41875,89.790958,0.9495658874511719,,0.9854297637939453,61.324767112731934,0.9636316299438477
vllm,88,28e605fb330093fee5a2b98aebc19d9c268c1822,middle_merge,rebuild,75.541542,45.572250000000004,846.646416,148.3235,0.9854297637939453,1.1128005981445312,1.1049022674560547,61.324767112731934,0.0
vllm,89,52bc900d930c279743ef62a27b65c6ff42f1453a,incremental,incremental,59.680875,44.025833,75.55145900000001,180.701583,1.1049022674560547,,1.2126264572143555,61.324767112731934,0.10772418975830078
vllm,90,7985444339e2ad7e249b88a50081e16e34637dfd,middle_merge,incremental,72.743375,41.545959,74.820541,165.746084,1.2126264572143555,1.2807607650756836,1.2323484420776367,61.324767112731934,0.1758584976196289
vllm,91,f4eccdadefc6501fafeb1a0bf7f171ff24f984b0,incremental,incremental,64.501083,44.005416,75.93650000000001,90.32662499999999,1.2323484420776367,,1.368133544921875,61.324767112731934,0.3116436004638672
vllm,92,039ea82660621a9668c7d7e81c7144b6f2f75011,incremental,incremental,67.456458,48.850625,76.018917,164.556958,1.368133544921875,,1.7937345504760742,61.324767112731934,0.7372446060180664
vllm,93,1c344ed41e1e3bd44d5836fbcf5ddceb56ef5ab9,middle_merge,incremental,69.2895,49.413540999999995,74.561125,159.742917,1.7937345504760742,2.187258720397949,2.1029205322265625,61.324767112731934,1.1307687759399414
vllm,94,f2e2936f91a794513af74d009286c69e3fb2592b,incremental,incremental,59.260625,39.3825,73.09083399999999,164.94220900000002,2.1029205322265625,,2.1054039001464844,61.324767112731934,1.1332521438598633
vllm,95,1970f3ed4be7fa8620e4ddc4a12c36a8384cfc27,incremental,incremental,61.443541999999994,44.678709,71.93208399999999,90.526458,2.1054039001464844,,2.172811508178711,61.324767112731934,1.2006597518920898
vllm,96,144e79c8106da23141ac010394b782f730cc7fe8,middle_merge,rebuild,82.523042,53.066167,854.474834,166.46112499999998,2.172811508178711,2.863801956176758,2.777637481689453,61.324767112731934,0.0
vllm,97,a1541f5742a29864a80087af313ad460066a1524,incremental,incremental,56.313458,43.186541000000005,73.43554099999999,169.588083,2.777637481689453,,2.824068069458008,61.324767112731934,0.04643058776855469
vllm,98,9afb878a55eb08fd064dfaab56afd8447e97101e,middle_merge,incremental,71.075959,37.825375,75.4885,164.764042,2.824068069458008,2.8741226196289062,2.868988037109375,61.324767112731934,0.09648513793945312
vllm,99,dd0760165c17fdf750b1aa8e2a26ac885eafd598,middle_merge,incremental,75.166,46.820083,72.17141600000001,90.750125,2.868988037109375,2.9536619186401367,2.90139102935791,61.324767112731934,0.18115901947021484
vllm,100,569adb5a9780f9c02d22a6b29826acf711512356,incremental,incremental,69.2205,46.812792,77.40654099999999,165.4075,2.90139102935791,,3.3784351348876953,61.324767112731934,0.658203125
