repository,sequence,step,commit,version,phase,wall_ms,base_bytes,incremental_bytes,segments,rg_wall_ms
viberwhisper,updates,1,55392aa9b320b1ef6746d16d10881cc9a009feda,direct,merge,6.738250000000001,73883,0,1,5.640459
viberwhisper,updates,1,55392aa9b320b1ef6746d16d10881cc9a009feda,current,incremental,5.789791,73872,19156,2,5.640459
viberwhisper,updates,1,55392aa9b320b1ef6746d16d10881cc9a009feda,main,incremental,10.285416,73872,19156,2,5.640459
viberwhisper,updates,2,c5036467db679a39037dbe18153fb8897646b398,current,incremental,6.941917,73872,46626,3,4.967499999999999
viberwhisper,updates,2,c5036467db679a39037dbe18153fb8897646b398,main,incremental,11.479375,73872,46626,3,4.967499999999999
viberwhisper,updates,2,c5036467db679a39037dbe18153fb8897646b398,direct,merge,7.601792,75062,0,1,4.967499999999999
viberwhisper,updates,3,600541c7091156d4f9a37eaf72ed3bf1b1c431ce,main,incremental,10.536875,73872,66724,4,5.737082999999999
viberwhisper,updates,3,600541c7091156d4f9a37eaf72ed3bf1b1c431ce,direct,merge,7.4897089999999995,76356,0,1,5.737082999999999
viberwhisper,updates,3,600541c7091156d4f9a37eaf72ed3bf1b1c431ce,current,incremental,6.634625,73872,66724,4,5.737082999999999
viberwhisper,updates,4,7932c30b53573ebd8437c4d8f11cac03d6443461,main,incremental,10.456,73872,89200,5,5.8426659999999995
viberwhisper,updates,4,7932c30b53573ebd8437c4d8f11cac03d6443461,direct,merge,6.98175,78293,0,1,5.8426659999999995
viberwhisper,updates,4,7932c30b53573ebd8437c4d8f11cac03d6443461,current,incremental,6.1705,73872,89200,5,5.8426659999999995
viberwhisper,updates,5,2a68d0c0cb9b68961b09e6381ad30f8de532e340,direct,merge,6.438125,77560,0,1,5.475084
viberwhisper,updates,5,2a68d0c0cb9b68961b09e6381ad30f8de532e340,current,incremental,5.848667,73872,90871,6,5.475084
viberwhisper,updates,5,2a68d0c0cb9b68961b09e6381ad30f8de532e340,main,incremental,9.864333,73872,90871,6,5.475084
viberwhisper,updates,6,abb59204e308d524b40c6524f09673372620b28b,current,incremental,6.435459,73872,118431,7,5.550291
viberwhisper,updates,6,abb59204e308d524b40c6524f09673372620b28b,main,incremental,10.039916,73872,118431,7,5.550291
viberwhisper,updates,6,abb59204e308d524b40c6524f09673372620b28b,direct,merge,6.424209,100435,0,1,5.550291
viberwhisper,updates,7,c4ffcf8d34a0305d8339f300dd24849342054d88,main,metadata,5.9655000000000005,73872,118431,7,4.5132080000000006
viberwhisper,updates,7,c4ffcf8d34a0305d8339f300dd24849342054d88,direct,metadata,4.955708,100435,0,1,4.5132080000000006
viberwhisper,updates,7,c4ffcf8d34a0305d8339f300dd24849342054d88,current,metadata,5.464708000000001,73872,118431,7,4.5132080000000006
viberwhisper,updates,8,3eef348d300cb53327e835904b0ab0362ac58d66,main,incremental,6.971625,73872,156415,8,6.117708
viberwhisper,updates,8,3eef348d300cb53327e835904b0ab0362ac58d66,direct,merge,6.820125,114976,0,1,6.117708
viberwhisper,updates,8,3eef348d300cb53327e835904b0ab0362ac58d66,current,incremental,6.5886249999999995,73872,156415,8,6.117708
viberwhisper,updates,9,d18872f89c5c990af2186129b617f93843a2b734,direct,merge,6.950292,126780,0,1,5.824959
viberwhisper,updates,9,d18872f89c5c990af2186129b617f93843a2b734,current,incremental,6.693833,73872,205835,9,5.824959
viberwhisper,updates,9,d18872f89c5c990af2186129b617f93843a2b734,main,rebuild,11.152166999999999,126780,0,1,5.824959
viberwhisper,updates,10,e67029bb5f5962a6232fea4663a30ff0a4b8e972,current,incremental,6.218458,73872,208250,10,4.595291
viberwhisper,updates,10,e67029bb5f5962a6232fea4663a30ff0a4b8e972,main,incremental,6.777,126780,2415,2,4.595291
viberwhisper,updates,10,e67029bb5f5962a6232fea4663a30ff0a4b8e972,direct,merge,6.619458,127152,0,1,4.595291
viberwhisper,updates,11,4ade1bf52e9ffbeaa8191946b5a22370ba838058,main,incremental,7.29225,126780,49986,3,5.558959
viberwhisper,updates,11,4ade1bf52e9ffbeaa8191946b5a22370ba838058,direct,merge,7.2125840000000006,141793,0,1,5.558959
viberwhisper,updates,11,4ade1bf52e9ffbeaa8191946b5a22370ba838058,current,incremental,6.773667,73872,255821,11,5.558959
viberwhisper,updates,12,9d3eddd916ca1d982bda628f1d07858612689706,main,incremental,7.136709,126780,92421,4,5.365583
viberwhisper,updates,12,9d3eddd916ca1d982bda628f1d07858612689706,direct,merge,7.3407919999999995,157123,0,1,5.365583
viberwhisper,updates,12,9d3eddd916ca1d982bda628f1d07858612689706,current,incremental,7.035541,73872,298256,12,5.365583
viberwhisper,updates,13,55336634d4a20283fc5f08f0d5997352714cfe52,direct,merge,7.5142500000000005,154912,0,1,5.673916
viberwhisper,updates,13,55336634d4a20283fc5f08f0d5997352714cfe52,current,incremental,7.3655420000000005,73872,372103,13,5.673916
viberwhisper,updates,13,55336634d4a20283fc5f08f0d5997352714cfe52,main,incremental,7.262292,126780,166268,5,5.673916
viberwhisper,updates,14,5fb3f5a6555c65631c46fc91343a9458e03a1676,current,incremental,7.470541,73872,458025,14,5.687291
viberwhisper,updates,14,5fb3f5a6555c65631c46fc91343a9458e03a1676,main,incremental,7.779,126780,252190,6,5.687291
viberwhisper,updates,14,5fb3f5a6555c65631c46fc91343a9458e03a1676,direct,merge,7.857167,148124,0,1,5.687291
viberwhisper,updates,15,dc8f7b7facad195ae896883d8d0c8ca2a8db7644,main,incremental,7.850582999999999,126780,391219,7,5.905584
viberwhisper,updates,15,dc8f7b7facad195ae896883d8d0c8ca2a8db7644,direct,merge,7.127667,139029,0,1,5.905584
viberwhisper,updates,15,dc8f7b7facad195ae896883d8d0c8ca2a8db7644,current,incremental,7.846417,73872,597054,15,5.905584
viberwhisper,updates,16,8655cb9893f83dcd588811e14d18be36c1c481dc,main,incremental,9.159125000000001,126780,474150,8,4.919709
viberwhisper,updates,16,8655cb9893f83dcd588811e14d18be36c1c481dc,direct,merge,8.451,177163,0,1,4.919709
viberwhisper,updates,16,8655cb9893f83dcd588811e14d18be36c1c481dc,current,incremental,8.65125,73872,680951,16,4.919709
viberwhisper,updates,17,bde010333b5ba28a4641bad0da77624c1b4d290a,direct,merge,7.321917,178247,0,1,4.594208
viberwhisper,updates,17,bde010333b5ba28a4641bad0da77624c1b4d290a,current,incremental,7.350291,73872,720834,17,4.594208
viberwhisper,updates,17,bde010333b5ba28a4641bad0da77624c1b4d290a,main,rebuild,9.839166,173124,0,1,4.594208
viberwhisper,updates,18,205f9b6e6d20716a7d6366d288fa13c2dc7bee28,current,incremental,6.832958,73872,738570,18,4.523375
viberwhisper,updates,18,205f9b6e6d20716a7d6366d288fa13c2dc7bee28,main,incremental,7.21125,173124,14676,2,4.523375
viberwhisper,updates,18,205f9b6e6d20716a7d6366d288fa13c2dc7bee28,direct,merge,7.723,189524,0,1,4.523375
viberwhisper,updates,19,46bf111fce70fa22d4e7ea6059fe9bf86e25ff77,main,incremental,7.892541,173124,120962,3,4.38425
viberwhisper,updates,19,46bf111fce70fa22d4e7ea6059fe9bf86e25ff77,direct,merge,8.668958,225287,0,1,4.38425
viberwhisper,updates,19,46bf111fce70fa22d4e7ea6059fe9bf86e25ff77,current,incremental,7.892834,73872,850750,19,4.38425
viberwhisper,updates,20,65c8f3488c9e6c2214688cc762f96b2b68a47e8d,main,incremental,7.234083,173124,141072,4,5.489458
viberwhisper,updates,20,65c8f3488c9e6c2214688cc762f96b2b68a47e8d,direct,merge,8.031833,231973,0,1,5.489458
viberwhisper,updates,20,65c8f3488c9e6c2214688cc762f96b2b68a47e8d,current,incremental,7.49125,73872,875664,20,5.489458
viberwhisper,updates,21,20ee3046a1428a9fd5deb429d79a67edc4558938,direct,merge,8.441667,232345,0,1,4.698083
viberwhisper,updates,21,20ee3046a1428a9fd5deb429d79a67edc4558938,current,incremental,8.479667,73872,900998,21,4.698083
viberwhisper,updates,21,20ee3046a1428a9fd5deb429d79a67edc4558938,main,incremental,8.409625,173124,161517,5,4.698083
viberwhisper,updates,22,818ad374473f4bf1f2d8091255e636c1a384f202,current,incremental,8.22925,73872,1077264,22,5.741959
viberwhisper,updates,22,818ad374473f4bf1f2d8091255e636c1a384f202,main,incremental,8.417167,173124,321107,6,5.741959
viberwhisper,updates,22,818ad374473f4bf1f2d8091255e636c1a384f202,direct,merge,9.311542000000001,327935,0,1,5.741959
viberwhisper,updates,23,4d626065eaaecbcbdef4404bc82f1bbfe4d0a9a6,main,incremental,7.738167,173124,351897,7,5.843375
viberwhisper,updates,23,4d626065eaaecbcbdef4404bc82f1bbfe4d0a9a6,direct,merge,8.894208,327874,0,1,5.843375
viberwhisper,updates,23,4d626065eaaecbcbdef4404bc82f1bbfe4d0a9a6,current,incremental,7.838542,73872,1108054,23,5.843375
viberwhisper,updates,24,388998fc20daf746b54f21fef362d439093ba4a9,main,incremental,7.924250000000001,173124,422191,8,5.829875
viberwhisper,updates,24,388998fc20daf746b54f21fef362d439093ba4a9,direct,merge,9.44025,375018,0,1,5.829875
viberwhisper,updates,24,388998fc20daf746b54f21fef362d439093ba4a9,current,incremental,8.285582999999999,73872,1193280,24,5.829875
viberwhisper,updates,25,ca0c6265d36398ac7d9cb209b3abbd71cec126a6,direct,merge,8.726083000000001,375010,0,1,5.8805000000000005
viberwhisper,updates,25,ca0c6265d36398ac7d9cb209b3abbd71cec126a6,current,incremental,8.032375,73872,1203230,25,5.8805000000000005
viberwhisper,updates,25,ca0c6265d36398ac7d9cb209b3abbd71cec126a6,main,rebuild,12.793583,346219,0,1,5.8805000000000005
viberwhisper,updates,26,b424f4d7f12a06682d85530d65a6c99245d86066,current,incremental,7.752041,73872,1208920,26,5.875208
viberwhisper,updates,26,b424f4d7f12a06682d85530d65a6c99245d86066,main,incremental,6.841375,346219,5690,2,5.875208
viberwhisper,updates,26,b424f4d7f12a06682d85530d65a6c99245d86066,direct,merge,8.640334,375681,0,1,5.875208
viberwhisper,updates,27,c6becc366e6cfaee7ac31a1d9a83bfdfe03662a1,main,incremental,7.504959,346219,77374,3,4.42675
viberwhisper,updates,27,c6becc366e6cfaee7ac31a1d9a83bfdfe03662a1,direct,merge,9.415916999999999,377058,0,1,4.42675
viberwhisper,updates,27,c6becc366e6cfaee7ac31a1d9a83bfdfe03662a1,current,incremental,8.392125,73872,1295869,27,4.42675
viberwhisper,updates,28,d2f57924db3a392b3927d72fc4053a1840324eeb,main,incremental,7.4822500000000005,346219,165799,4,5.798625
viberwhisper,updates,28,d2f57924db3a392b3927d72fc4053a1840324eeb,direct,merge,9.727542,406221,0,1,5.798625
viberwhisper,updates,28,d2f57924db3a392b3927d72fc4053a1840324eeb,current,incremental,9.153542,73872,1391805,28,5.798625
viberwhisper,updates,29,7eb6ff3cda3bb89e776d064493cdcdd7854cefb5,direct,merge,9.643334,445568,0,1,5.740583
viberwhisper,updates,29,7eb6ff3cda3bb89e776d064493cdcdd7854cefb5,current,incremental,8.711125000000001,73872,1467087,29,5.740583
viberwhisper,updates,29,7eb6ff3cda3bb89e776d064493cdcdd7854cefb5,main,incremental,7.663875,346219,229072,5,5.740583
viberwhisper,updates,30,f448b2d0296b525a1a2bd9871b5dfe157837b77e,current,incremental,8.37725,73872,1565462,30,5.759208
viberwhisper,updates,30,f448b2d0296b525a1a2bd9871b5dfe157837b77e,main,incremental,8.228875,346219,319984,6,5.759208
viberwhisper,updates,30,f448b2d0296b525a1a2bd9871b5dfe157837b77e,direct,merge,10.715417,443452,0,1,5.759208
viberwhisper,updates,31,47aa14a31e08daa17ee6c2f9465a0327463b0fab,main,incremental,9.292875,346219,534459,7,5.8618749999999995
viberwhisper,updates,31,47aa14a31e08daa17ee6c2f9465a0327463b0fab,direct,merge,11.622416999999999,494280,0,1,5.8618749999999995
viberwhisper,updates,31,47aa14a31e08daa17ee6c2f9465a0327463b0fab,current,incremental,10.257541,73872,1795599,31,5.8618749999999995
viberwhisper,updates,32,753674caaceb5c4961ef66eed5704e1d649b7944,main,incremental,7.874417,346219,585928,8,5.899917
viberwhisper,updates,32,753674caaceb5c4961ef66eed5704e1d649b7944,direct,merge,9.997833,494943,0,1,5.899917
viberwhisper,updates,32,753674caaceb5c4961ef66eed5704e1d649b7944,current,incremental,9.159458,73872,1850039,32,5.899917
viberwhisper,updates,33,85c0a03404aafa681eeaecbe9b6031ea23e870a9,direct,merge,9.710666999999999,496556,0,1,5.832917
viberwhisper,updates,33,85c0a03404aafa681eeaecbe9b6031ea23e870a9,current,incremental,8.468333999999999,73872,1860001,33,5.832917
viberwhisper,updates,33,85c0a03404aafa681eeaecbe9b6031ea23e870a9,main,rebuild,13.694958999999999,455439,0,1,5.832917
viberwhisper,updates,34,82e358202daf483fe9cff04df1576e8c0774c0fe,current,incremental,7.998125,73872,1879162,34,7.06125
viberwhisper,updates,34,82e358202daf483fe9cff04df1576e8c0774c0fe,main,incremental,7.182625,455439,19161,2,7.06125
viberwhisper,updates,34,82e358202daf483fe9cff04df1576e8c0774c0fe,direct,merge,9.985707999999999,497397,0,1,7.06125
viberwhisper,updates,35,bae4d1c33f4aa6861eff871586691f605c8c6607,main,incremental,7.979,455439,101854,3,5.799124999999999
viberwhisper,updates,35,bae4d1c33f4aa6861eff871586691f605c8c6607,direct,merge,10.335042,525538,0,1,5.799124999999999
viberwhisper,updates,35,bae4d1c33f4aa6861eff871586691f605c8c6607,current,incremental,8.880458,73872,1967530,35,5.799124999999999
viberwhisper,updates,36,db89a4ffe88c7eb76738fc063783ebfbe83f79ed,main,incremental,7.527749999999999,455439,159481,4,5.738209
viberwhisper,updates,36,db89a4ffe88c7eb76738fc063783ebfbe83f79ed,direct,merge,10.067167,545040,0,1,5.738209
viberwhisper,updates,36,db89a4ffe88c7eb76738fc063783ebfbe83f79ed,current,incremental,9.544917,73872,2034399,36,5.738209
viberwhisper,updates,37,dc25e2ec2895d5ad7e5053e60152b64383bfdc55,direct,merge,10.377666000000001,547026,0,1,5.684666
viberwhisper,updates,37,dc25e2ec2895d5ad7e5053e60152b64383bfdc55,current,incremental,9.386458000000001,73872,2075971,37,5.684666
viberwhisper,updates,37,dc25e2ec2895d5ad7e5053e60152b64383bfdc55,main,incremental,7.823250000000001,455439,196094,5,5.684666
viberwhisper,updates,38,254eb4f930486011f2a75ccefe50246990566007,current,incremental,8.372,73872,2088711,38,5.904291
viberwhisper,updates,38,254eb4f930486011f2a75ccefe50246990566007,main,incremental,7.30575,455439,208834,6,5.904291
viberwhisper,updates,38,254eb4f930486011f2a75ccefe50246990566007,direct,merge,10.230042,547152,0,1,5.904291
viberwhisper,updates,39,34f2e69fafa4addbc26e12e61fd6e32dc450cb78,main,incremental,9.109417,455439,411559,7,5.708292
viberwhisper,updates,39,34f2e69fafa4addbc26e12e61fd6e32dc450cb78,direct,merge,12.358625,581019,0,1,5.708292
viberwhisper,updates,39,34f2e69fafa4addbc26e12e61fd6e32dc450cb78,current,incremental,10.3445,73872,2304954,39,5.708292
viberwhisper,updates,40,979ec658d60f051e7b45fd1fabd7e9036f7ea6b5,main,incremental,7.4962919999999995,455439,425134,8,6.9887500000000005
viberwhisper,updates,40,979ec658d60f051e7b45fd1fabd7e9036f7ea6b5,direct,merge,10.267083,581017,0,1,6.9887500000000005
viberwhisper,updates,40,979ec658d60f051e7b45fd1fabd7e9036f7ea6b5,current,incremental,9.096541,73872,2318529,40,6.9887500000000005
viberwhisper,updates,41,42ca56baa5fa6d860b6c9ba1799da2ac7c398fbf,direct,merge,10.682083,618968,0,1,5.887667
viberwhisper,updates,41,42ca56baa5fa6d860b6c9ba1799da2ac7c398fbf,current,incremental,10.03125,73872,2379886,41,5.887667
viberwhisper,updates,41,42ca56baa5fa6d860b6c9ba1799da2ac7c398fbf,main,rebuild,13.644167000000001,560380,0,1,5.887667
viberwhisper,updates,42,f3edc30c20aca6ed8954c34aa9a415b4ffbb894f,current,incremental,9.808124999999999,73872,2411951,42,6.375834
viberwhisper,updates,42,f3edc30c20aca6ed8954c34aa9a415b4ffbb894f,main,incremental,8.046833,560380,32065,2,6.375834
viberwhisper,updates,42,f3edc30c20aca6ed8954c34aa9a415b4ffbb894f,direct,merge,10.910667,625992,0,1,6.375834
viberwhisper,updates,43,ff77251f22b3f8493e7ac03378f521b96439049b,main,incremental,7.092458000000001,560380,33333,3,5.947792000000001
viberwhisper,updates,43,ff77251f22b3f8493e7ac03378f521b96439049b,direct,merge,10.020375,626536,0,1,5.947792000000001
viberwhisper,updates,43,ff77251f22b3f8493e7ac03378f521b96439049b,current,incremental,8.898709,73872,2413465,43,5.947792000000001
viberwhisper,updates,44,3de86ad4a38d8fdf89c084771415f85d8a9fbab1,main,incremental,9.922500000000001,560380,356128,4,6.253667
viberwhisper,updates,44,3de86ad4a38d8fdf89c084771415f85d8a9fbab1,direct,merge,14.629916999999999,836615,0,1,6.253667
viberwhisper,updates,44,3de86ad4a38d8fdf89c084771415f85d8a9fbab1,current,incremental,11.840625000000001,73872,2750129,44,6.253667
viberwhisper,updates,45,c52fd04115362f250c37d2d17c649fe4bbac934b,direct,merge,13.003041,858104,0,1,7.35125
viberwhisper,updates,45,c52fd04115362f250c37d2d17c649fe4bbac934b,current,incremental,10.48325,73872,2854085,45,7.35125
viberwhisper,updates,45,c52fd04115362f250c37d2d17c649fe4bbac934b,main,incremental,8.557416,560380,460084,5,7.35125
viberwhisper,updates,46,4c1a64d129f070b1540eb3cd785b13d407125559,current,incremental,11.103916,73872,3140379,46,6.572749999999999
viberwhisper,updates,46,4c1a64d129f070b1540eb3cd785b13d407125559,main,incremental,9.871292,560380,729790,6,6.572749999999999
viberwhisper,updates,46,4c1a64d129f070b1540eb3cd785b13d407125559,direct,merge,14.865791999999999,868635,0,1,6.572749999999999
viberwhisper,updates,47,8f3e1fe7c8f2c34c3ed405bd8bddd3a90a0659ad,main,incremental,8.606417,560380,766980,7,6.985167
viberwhisper,updates,47,8f3e1fe7c8f2c34c3ed405bd8bddd3a90a0659ad,direct,merge,13.049958,873090,0,1,6.985167
viberwhisper,updates,47,8f3e1fe7c8f2c34c3ed405bd8bddd3a90a0659ad,current,incremental,9.977082999999999,73872,3186681,47,6.985167
viberwhisper,updates,48,de2272627f31807086fcf710177f658c44e7a2b3,main,incremental,8.695417,560380,875288,8,6.396542
viberwhisper,updates,48,de2272627f31807086fcf710177f658c44e7a2b3,direct,merge,13.766333000000001,921280,0,1,6.396542
viberwhisper,updates,48,de2272627f31807086fcf710177f658c44e7a2b3,current,incremental,10.990333,73872,3297548,48,6.396542
viberwhisper,updates,49,7b5bc5196b60521a341c315b92d7c022d395f995,direct,merge,14.221625,921401,0,1,6.216583
viberwhisper,updates,49,7b5bc5196b60521a341c315b92d7c022d395f995,current,incremental,11.239542,73872,3404060,49,6.216583
viberwhisper,updates,49,7b5bc5196b60521a341c315b92d7c022d395f995,main,rebuild,17.909708,858641,0,1,6.216583
viberwhisper,updates,50,56db8d28b68cc2c12237e0c97c45bd9fa2ee524e,current,incremental,10.472833000000001,73872,3547899,50,7.186458
viberwhisper,updates,50,56db8d28b68cc2c12237e0c97c45bd9fa2ee524e,main,incremental,9.099625,858641,147684,2,7.186458
viberwhisper,updates,50,56db8d28b68cc2c12237e0c97c45bd9fa2ee524e,direct,merge,14.404833,915113,0,1,7.186458
viberwhisper,updates,51,374f74107531cc6f795d126d70ebbe6463705237,main,incremental,9.049790999999999,858641,360485,3,7.108833
viberwhisper,updates,51,374f74107531cc6f795d126d70ebbe6463705237,direct,merge,15.07675,917434,0,1,7.108833
viberwhisper,updates,51,374f74107531cc6f795d126d70ebbe6463705237,current,incremental,11.838625,73872,3765575,51,7.108833
viberwhisper,updates,52,af21e4556172b01b41f88f4a39d09a9efeedd8d7,main,incremental,8.404167000000001,858641,459174,4,7.222208
viberwhisper,updates,52,af21e4556172b01b41f88f4a39d09a9efeedd8d7,direct,merge,14.272458,921665,0,1,7.222208
viberwhisper,updates,52,af21e4556172b01b41f88f4a39d09a9efeedd8d7,current,incremental,11.490958000000001,73872,3856818,52,7.222208
viberwhisper,updates,53,ec93ed760bd0960128e2b954b477d7a581a2eb97,direct,merge,14.317916,924223,0,1,6.702583
viberwhisper,updates,53,ec93ed760bd0960128e2b954b477d7a581a2eb97,current,incremental,12.040792,73872,4078257,53,6.702583
viberwhisper,updates,53,ec93ed760bd0960128e2b954b477d7a581a2eb97,main,incremental,9.530624999999999,858641,649703,5,6.702583
viberwhisper,updates,54,1266f10811bff33bff97f7c5e8d0eb3cb7eb38d9,current,incremental,10.457125,73872,4168439,54,6.217541
viberwhisper,updates,54,1266f10811bff33bff97f7c5e8d0eb3cb7eb38d9,main,incremental,9.348041,858641,736672,6,6.217541
viberwhisper,updates,54,1266f10811bff33bff97f7c5e8d0eb3cb7eb38d9,direct,merge,14.038375,928316,0,1,6.217541
viberwhisper,updates,55,9c571985fa7ba708d1307ebb8ae0f3c4b709ecaa,main,incremental,9.203375,858641,890075,7,7.160749999999999
viberwhisper,updates,55,9c571985fa7ba708d1307ebb8ae0f3c4b709ecaa,direct,merge,14.769666,940116,0,1,7.160749999999999
viberwhisper,updates,55,9c571985fa7ba708d1307ebb8ae0f3c4b709ecaa,current,incremental,11.824333,73872,4331422,55,7.160749999999999
viberwhisper,updates,56,569710ed018e432965adc02276f4094030cad233,main,incremental,8.893959,858641,1007468,8,6.303
viberwhisper,updates,56,569710ed018e432965adc02276f4094030cad233,direct,merge,14.110332999999999,941384,0,1,6.303
viberwhisper,updates,56,569710ed018e432965adc02276f4094030cad233,current,incremental,11.939,73872,4457913,56,6.303
viberwhisper,updates,57,bbfe83629f435a263a4b632554ce761e9baf690b,direct,merge,13.99775,945607,0,1,6.1384170000000005
viberwhisper,updates,57,bbfe83629f435a263a4b632554ce761e9baf690b,current,incremental,11.464584,73872,4564602,57,6.1384170000000005
viberwhisper,updates,57,bbfe83629f435a263a4b632554ce761e9baf690b,main,rebuild,16.6595,882754,0,1,6.1384170000000005
viberwhisper,updates,58,e0502a5585cadfcd7bd29e51a32fefec3cc567c8,current,incremental,13.441334,73872,4914627,58,6.191167
viberwhisper,updates,58,e0502a5585cadfcd7bd29e51a32fefec3cc567c8,main,incremental,10.282708999999999,882754,350419,2,6.191167
viberwhisper,updates,58,e0502a5585cadfcd7bd29e51a32fefec3cc567c8,direct,merge,16.985209,970233,0,1,6.191167
viberwhisper,updates,59,35248a50ff06e7638aa6026f703fe1fb2b0a77d6,main,incremental,8.024999999999999,882754,384115,3,7.292375
viberwhisper,updates,59,35248a50ff06e7638aa6026f703fe1fb2b0a77d6,direct,merge,13.376375,972942,0,1,7.292375
viberwhisper,updates,59,35248a50ff06e7638aa6026f703fe1fb2b0a77d6,current,incremental,11.178375,73872,4955856,59,7.292375
viberwhisper,updates,60,ca60c703e810db2823f569ca71f787be5d7d58d3,main,incremental,9.070958000000001,882754,535643,4,8.079125
viberwhisper,updates,60,ca60c703e810db2823f569ca71f787be5d7d58d3,direct,merge,15.244625,1005218,0,1,8.079125
viberwhisper,updates,60,ca60c703e810db2823f569ca71f787be5d7d58d3,current,incremental,11.759583000000001,73872,5117902,60,8.079125
viberwhisper,updates,61,e3220d298ce06375f52a6937c74c82ba5ed03e4e,direct,merge,14.871792,1007269,0,1,6.64525
viberwhisper,updates,61,e3220d298ce06375f52a6937c74c82ba5ed03e4e,current,incremental,11.751125,73872,5160706,61,6.64525
viberwhisper,updates,61,e3220d298ce06375f52a6937c74c82ba5ed03e4e,main,incremental,9.228083,882754,570045,5,6.64525
viberwhisper,updates,62,b476fc8d9bc816100e5e7fa7e6f513dbe55c862a,current,incremental,12.466667000000001,73872,5400208,62,7.655709
viberwhisper,updates,62,b476fc8d9bc816100e5e7fa7e6f513dbe55c862a,main,incremental,10.171833999999999,882754,795199,6,7.655709
viberwhisper,updates,62,b476fc8d9bc816100e5e7fa7e6f513dbe55c862a,direct,merge,16.096125,1019560,0,1,7.655709
viberwhisper,updates,63,9bc90f50b8fd806e9081476691967b52390e48a7,main,incremental,12.423166,882754,1321144,7,6.168041
viberwhisper,updates,63,9bc90f50b8fd806e9081476691967b52390e48a7,direct,merge,19.467458,1108641,0,1,6.168041
viberwhisper,updates,63,9bc90f50b8fd806e9081476691967b52390e48a7,current,incremental,14.937583,73872,5934938,63,6.168041
viberwhisper,updates,64,cb96c069058fc3db3f4ddeadaa9ef539ddfed139,main,incremental,8.652292000000001,882754,1329855,8,6.4614579999999995
viberwhisper,updates,64,cb96c069058fc3db3f4ddeadaa9ef539ddfed139,direct,merge,14.053791,1113174,0,1,6.4614579999999995
viberwhisper,updates,64,cb96c069058fc3db3f4ddeadaa9ef539ddfed139,current,incremental,11.870125,73872,5943649,64,6.4614579999999995
viberwhisper,updates,65,4e086f46b2302c960ea6c69a6032a6f15ffe7977,direct,merge,16.456292,1111313,0,1,6.401167
viberwhisper,updates,65,4e086f46b2302c960ea6c69a6032a6f15ffe7977,current,incremental,13.631333000000001,73872,6191970,65,6.401167
viberwhisper,updates,65,4e086f46b2302c960ea6c69a6032a6f15ffe7977,main,rebuild,20.075,1034858,0,1,6.401167
viberwhisper,updates,66,4d4a0cc602e4dae02eef44d88598a8709b2e1581,current,incremental,12.479375,73872,6503821,66,6.565208
viberwhisper,updates,66,4d4a0cc602e4dae02eef44d88598a8709b2e1581,main,incremental,10.222083999999999,1034858,315338,2,6.565208
viberwhisper,updates,66,4d4a0cc602e4dae02eef44d88598a8709b2e1581,direct,merge,17.841124999999998,1136887,0,1,6.565208
viberwhisper,updates,67,4559c6ff17a06516692153b4fa5a1fcea60c03c7,main,incremental,10.16525,1034858,626801,3,7.3149169999999994
viberwhisper,updates,67,4559c6ff17a06516692153b4fa5a1fcea60c03c7,direct,merge,17.780708,1156166,0,1,7.3149169999999994
viberwhisper,updates,67,4559c6ff17a06516692153b4fa5a1fcea60c03c7,current,incremental,14.687917,73872,6816867,67,7.3149169999999994
viberwhisper,updates,68,d373db6ab330c00ae86b23a60f275decadb9911b,main,incremental,8.539958,1034858,647994,4,6.501708
viberwhisper,updates,68,d373db6ab330c00ae86b23a60f275decadb9911b,direct,merge,14.680583,1146996,0,1,6.501708
viberwhisper,updates,68,d373db6ab330c00ae86b23a60f275decadb9911b,current,incremental,12.207584,73872,6843137,68,6.501708
viberwhisper,updates,69,826ae97a3c3e04c66a09f3e762c3883553abb562,direct,merge,14.254583,1146794,0,1,6.590667
viberwhisper,updates,69,826ae97a3c3e04c66a09f3e762c3883553abb562,current,incremental,12.10325,73872,6914669,69,6.590667
viberwhisper,updates,69,826ae97a3c3e04c66a09f3e762c3883553abb562,main,incremental,8.727541,1034858,716406,5,6.590667
viberwhisper,updates,70,9c7d55374267697e8f4220655e4ea4e4ab688200,current,incremental,11.715458,73872,7020992,70,6.077417
viberwhisper,updates,70,9c7d55374267697e8f4220655e4ea4e4ab688200,main,incremental,9.304958000000001,1034858,822729,6,6.077417
viberwhisper,updates,70,9c7d55374267697e8f4220655e4ea4e4ab688200,direct,merge,15.077416,1170379,0,1,6.077417
viberwhisper,updates,71,a6957c2b468a64428cfe9fe0ef5d0f11a83dc9f1,main,incremental,8.891667,1034858,876266,7,6.028333
viberwhisper,updates,71,a6957c2b468a64428cfe9fe0ef5d0f11a83dc9f1,direct,merge,15.004999999999999,1170400,0,1,6.028333
viberwhisper,updates,71,a6957c2b468a64428cfe9fe0ef5d0f11a83dc9f1,current,incremental,12.125084,73872,7063973,71,6.028333
viberwhisper,updates,72,b2aa6bb5747afab99bda5685d036d7c130391fb2,main,incremental,9.932333999999999,1034858,1085686,8,6.435041
viberwhisper,updates,72,b2aa6bb5747afab99bda5685d036d7c130391fb2,direct,merge,16.724916,1193053,0,1,6.435041
viberwhisper,updates,72,b2aa6bb5747afab99bda5685d036d7c130391fb2,current,incremental,13.627375,73872,7267317,72,6.435041
viberwhisper,updates,73,5d7d70b0fef11cc1cc6f1d18b400508af48372f0,direct,merge,16.327875,1194010,0,1,6.60525
viberwhisper,updates,73,5d7d70b0fef11cc1cc6f1d18b400508af48372f0,current,incremental,13.57575,73872,7435445,73,6.60525
viberwhisper,updates,73,5d7d70b0fef11cc1cc6f1d18b400508af48372f0,main,rebuild,18.939042,1109230,0,1,6.60525
viberwhisper,updates,74,50bdb4085e1e843a4c44f3654d3bf1f6a652442e,current,incremental,12.290041,73872,7610240,74,6.240291999999999
viberwhisper,updates,74,50bdb4085e1e843a4c44f3654d3bf1f6a652442e,main,incremental,9.944292,1109230,170664,2,6.240291999999999
viberwhisper,updates,74,50bdb4085e1e843a4c44f3654d3bf1f6a652442e,direct,merge,16.369374999999998,1220418,0,1,6.240291999999999
viberwhisper,updates,75,650ab9c64e587f6d102904305a3c18fda7138917,main,incremental,9.421166999999999,1109230,344899,3,7.163625
viberwhisper,updates,75,650ab9c64e587f6d102904305a3c18fda7138917,direct,merge,16.600916,1231929,0,1,7.163625
viberwhisper,updates,75,650ab9c64e587f6d102904305a3c18fda7138917,current,incremental,13.443667,73872,7792492,75,7.163625
viberwhisper,updates,76,4cf7e0b3725e28a017b9a52f8e71fc8be1fb631f,main,incremental,10.38575,1109230,624136,4,7.698625
viberwhisper,updates,76,4cf7e0b3725e28a017b9a52f8e71fc8be1fb631f,direct,merge,18.290083,1254440,0,1,7.698625
viberwhisper,updates,76,4cf7e0b3725e28a017b9a52f8e71fc8be1fb631f,current,incremental,14.503208,73872,8069296,76,7.698625
viberwhisper,updates,77,9714dda3f044e460784644b84853fec371e44632,direct,merge,16.084583,1278475,0,1,6.796
viberwhisper,updates,77,9714dda3f044e460784644b84853fec371e44632,current,incremental,13.634375,73872,8223638,77,6.796
viberwhisper,updates,77,9714dda3f044e460784644b84853fec371e44632,main,incremental,9.929125,1109230,783950,5,6.796
viberwhisper,updates,78,a8795abdb1dbc28238143f5e3eae9137c86925e3,current,rebuild,22.889583000000002,1353126,0,1,6.991958
viberwhisper,updates,78,a8795abdb1dbc28238143f5e3eae9137c86925e3,main,incremental,12.168833000000001,1109230,1185341,6,6.991958
viberwhisper,updates,78,a8795abdb1dbc28238143f5e3eae9137c86925e3,direct,merge,20.153707999999998,1486068,0,1,6.991958
viberwhisper,updates,79,c139d1b72e2d95045ca62dd1b697137b602e6e13,main,incremental,11.507583,1109230,1546384,7,6.3093330000000005
viberwhisper,updates,79,c139d1b72e2d95045ca62dd1b697137b602e6e13,direct,merge,19.844875000000002,1538447,0,1,6.3093330000000005
viberwhisper,updates,79,c139d1b72e2d95045ca62dd1b697137b602e6e13,current,incremental,10.482083,1353126,328252,2,6.3093330000000005
viberwhisper,updates,80,d723bb05825613cd3bb825fea0eca8309925ca1a,main,incremental,12.542,1109230,2048029,8,7.993834
viberwhisper,updates,80,d723bb05825613cd3bb825fea0eca8309925ca1a,direct,merge,22.156,1603532,0,1,7.993834
viberwhisper,updates,80,d723bb05825613cd3bb825fea0eca8309925ca1a,current,incremental,12.178166000000001,1353126,795664,3,7.993834
viberwhisper,updates,81,fc5d74271283608392878caf8f0d256451681544,direct,merge,21.432,1671393,0,1,6.928959
viberwhisper,updates,81,fc5d74271283608392878caf8f0d256451681544,current,incremental,12.017458,1353126,1242112,4,6.928959
viberwhisper,updates,81,fc5d74271283608392878caf8f0d256451681544,main,rebuild,22.746583,1526994,0,1,6.928959
viberwhisper,updates,82,25aa9fd3d5eec3165fe03c552c6daef1d71270b5,current,incremental,10.033375000000001,1353126,1572898,5,8.32925
viberwhisper,updates,82,25aa9fd3d5eec3165fe03c552c6daef1d71270b5,main,incremental,11.134375,1526994,330786,2,8.32925
viberwhisper,updates,82,25aa9fd3d5eec3165fe03c552c6daef1d71270b5,direct,merge,20.746292,1721595,0,1,8.32925
viberwhisper,updates,83,924ca3ba54e2832cb752fb03311f97425428f15e,main,incremental,10.374709,1526994,624125,3,7.930417
viberwhisper,updates,83,924ca3ba54e2832cb752fb03311f97425428f15e,direct,merge,20.094375,1753494,0,1,7.930417
viberwhisper,updates,83,924ca3ba54e2832cb752fb03311f97425428f15e,current,incremental,10.354208,1353126,1874193,6,7.930417
viberwhisper,updates,84,a4a44916007f80106e15c34021d4b4a15904239f,main,incremental,11.220208000000001,1526994,1028120,4,8.335375
viberwhisper,updates,84,a4a44916007f80106e15c34021d4b4a15904239f,direct,merge,22.274459,1817139,0,1,8.335375
viberwhisper,updates,84,a4a44916007f80106e15c34021d4b4a15904239f,current,incremental,11.067666000000001,1353126,2278188,7,8.335375
viberwhisper,updates,85,2c685d9d3ba933fa5e7e99e24ebd12155bc84f23,direct,merge,24.822375,2012933,0,1,8.431292
viberwhisper,updates,85,2c685d9d3ba933fa5e7e99e24ebd12155bc84f23,current,incremental,13.967417,1353126,2936415,8,8.431292
viberwhisper,updates,85,2c685d9d3ba933fa5e7e99e24ebd12155bc84f23,main,incremental,14.385250000000001,1526994,1686347,5,8.431292
viberwhisper,updates,86,426f7f7f387a03f415e753c4575e976580f0c65b,current,incremental,10.284583999999999,1353126,3179026,9,7.35675
viberwhisper,updates,86,426f7f7f387a03f415e753c4575e976580f0c65b,main,incremental,11.648417,1526994,1928958,6,7.35675
viberwhisper,updates,86,426f7f7f387a03f415e753c4575e976580f0c65b,direct,merge,22.058500000000002,2036040,0,1,7.35675
viberwhisper,updates,87,2fee0a2218e285a4c18a5b3503ea2849a05d2ea9,main,incremental,10.946375,1526994,2203245,7,8.045625000000001
viberwhisper,updates,87,2fee0a2218e285a4c18a5b3503ea2849a05d2ea9,direct,merge,22.731250000000003,2067947,0,1,8.045625000000001
viberwhisper,updates,87,2fee0a2218e285a4c18a5b3503ea2849a05d2ea9,current,incremental,10.798625,1353126,3453313,10,8.045625000000001
viberwhisper,updates,88,2afe57be7d9a6b88128a3f108339e75afc52c99e,main,incremental,10.40925,1526994,2294307,8,7.3149169999999994
viberwhisper,updates,88,2afe57be7d9a6b88128a3f108339e75afc52c99e,direct,merge,21.237,2068908,0,1,7.3149169999999994
viberwhisper,updates,88,2afe57be7d9a6b88128a3f108339e75afc52c99e,current,incremental,9.310417,1353126,3544375,11,7.3149169999999994
viberwhisper,updates,89,a1f40ed5be5746284a79cdfd785cdc6ce7cb88f4,direct,merge,19.904208,2069003,0,1,7.501167000000001
viberwhisper,updates,89,a1f40ed5be5746284a79cdfd785cdc6ce7cb88f4,current,incremental,9.527041,1353126,3582107,12,7.501167000000001
viberwhisper,updates,89,a1f40ed5be5746284a79cdfd785cdc6ce7cb88f4,main,rebuild,26.320041999999997,1895569,0,1,7.501167000000001
viberwhisper,updates,90,c829976a2d0c8dac44309f13deaedd5c46323f05,current,incremental,9.097790999999999,1353126,3658558,13,8.366416999999998
viberwhisper,updates,90,c829976a2d0c8dac44309f13deaedd5c46323f05,main,incremental,9.826292,1895569,76451,2,8.366416999999998
viberwhisper,updates,90,c829976a2d0c8dac44309f13deaedd5c46323f05,direct,merge,21.176833,2079025,0,1,8.366416999999998
viberwhisper,updates,91,f01e3331ee68a3848f8be454476c0cad579a4489,main,incremental,10.129208,1895569,234367,3,8.513959
viberwhisper,updates,91,f01e3331ee68a3848f8be454476c0cad579a4489,direct,merge,22.139458,2102624,0,1,8.513959
viberwhisper,updates,91,f01e3331ee68a3848f8be454476c0cad579a4489,current,incremental,9.794708,1353126,3815356,14,8.513959
viberwhisper,updates,92,e10a53e0e3151392767d7e3a01e3a64906fd246f,main,incremental,10.113333,1895569,366894,4,7.500584
viberwhisper,updates,92,e10a53e0e3151392767d7e3a01e3a64906fd246f,direct,merge,22.152874999999998,2115890,0,1,7.500584
viberwhisper,updates,92,e10a53e0e3151392767d7e3a01e3a64906fd246f,current,incremental,10.194999999999999,1353126,3947883,15,7.500584
viberwhisper,updates,93,cc620e97c0e0852830d4346ac4efc1ce1dcf5910,direct,merge,21.329084,2131728,0,1,8.457332999999998
viberwhisper,updates,93,cc620e97c0e0852830d4346ac4efc1ce1dcf5910,current,incremental,10.204167,1353126,4091492,16,8.457332999999998
viberwhisper,updates,93,cc620e97c0e0852830d4346ac4efc1ce1dcf5910,main,incremental,10.891667,1895569,510503,5,8.457332999999998
viberwhisper,updates,94,04903ca04146d6f512fd9720f14b7b206c8ae793,current,incremental,10.827665999999999,1353126,4454232,17,7.531625
viberwhisper,updates,94,04903ca04146d6f512fd9720f14b7b206c8ae793,main,incremental,11.821750000000002,1895569,873374,6,7.531625
viberwhisper,updates,94,04903ca04146d6f512fd9720f14b7b206c8ae793,direct,merge,24.465792,2159372,0,1,7.531625
viberwhisper,updates,95,976e1f16c761d5975abd1faf95d5a03996794768,main,incremental,10.552666,1895569,1028639,7,7.133792
viberwhisper,updates,95,976e1f16c761d5975abd1faf95d5a03996794768,direct,merge,22.349875,2169857,0,1,7.133792
viberwhisper,updates,95,976e1f16c761d5975abd1faf95d5a03996794768,current,incremental,10.6575,1353126,4609240,18,7.133792
viberwhisper,updates,96,2c9f50091b26d41f9abf827ac9fe76a4aaaefc4d,main,incremental,14.837833,1895569,1631465,8,7.741459
viberwhisper,updates,96,2c9f50091b26d41f9abf827ac9fe76a4aaaefc4d,direct,merge,27.113959,2241028,0,1,7.741459
viberwhisper,updates,96,2c9f50091b26d41f9abf827ac9fe76a4aaaefc4d,current,incremental,14.248624999999999,1353126,5212066,19,7.741459
viberwhisper,updates,97,720255e31d06533caf1c279a9b1d1109f80b18ab,direct,merge,23.360708000000002,2248701,0,1,7.942334000000001
viberwhisper,updates,97,720255e31d06533caf1c279a9b1d1109f80b18ab,current,incremental,11.289957999999999,1353126,5355388,20,7.942334000000001
viberwhisper,updates,97,720255e31d06533caf1c279a9b1d1109f80b18ab,main,rebuild,30.574541,2083991,0,1,7.942334000000001
viberwhisper,updates,98,c267b88deeedebd52ba9e543a83918305011263f,current,incremental,13.571375,1353126,5877496,21,7.600583
viberwhisper,updates,98,c267b88deeedebd52ba9e543a83918305011263f,main,incremental,14.508666999999999,2083991,521756,2,7.600583
viberwhisper,updates,98,c267b88deeedebd52ba9e543a83918305011263f,direct,merge,27.347958,2259501,0,1,7.600583
viberwhisper,updates,99,65186fe565fcc21af180634a6b0684e2e18ed192,main,incremental,12.157958,2083991,1011281,3,8.909792
viberwhisper,updates,99,65186fe565fcc21af180634a6b0684e2e18ed192,direct,merge,26.295875,2057155,0,1,8.909792
viberwhisper,updates,99,65186fe565fcc21af180634a6b0684e2e18ed192,current,incremental,12.957041,1353126,6366675,22,8.909792
viberwhisper,updates,100,ab1f117d922fe06da6fc2f1f72605ba227ba4233,main,incremental,9.367708,2083991,1042182,4,8.785917000000001
viberwhisper,updates,100,ab1f117d922fe06da6fc2f1f72605ba227ba4233,direct,merge,20.416875,2057887,0,1,8.785917000000001
viberwhisper,updates,100,ab1f117d922fe06da6fc2f1f72605ba227ba4233,current,incremental,9.768374999999999,1353126,6397576,23,8.785917000000001
viberwhisper,rollbacks,99,65186fe565fcc21af180634a6b0684e2e18ed192,main,metadata,7.865875,2083991,1011281,3,8.422625
viberwhisper,rollbacks,99,65186fe565fcc21af180634a6b0684e2e18ed192,direct,merge,20.6375,2057155,0,1,8.422625
viberwhisper,rollbacks,99,65186fe565fcc21af180634a6b0684e2e18ed192,current,incremental,10.104292000000001,1353126,6426772,24,8.422625
viberwhisper,rollbacks,50,56db8d28b68cc2c12237e0c97c45bd9fa2ee524e,direct,merge,22.311833,933955,0,1,6.4727500000000004
viberwhisper,rollbacks,50,56db8d28b68cc2c12237e0c97c45bd9fa2ee524e,current,incremental,15.260459,1353126,7280929,25,6.4727500000000004
viberwhisper,rollbacks,50,56db8d28b68cc2c12237e0c97c45bd9fa2ee524e,main,metadata,7.66525,858641,147684,2,6.4727500000000004
viberwhisper,rollbacks,0,30460fe0b07f7cb6f18b19ee2b18d2b0dde7cdb6,current,incremental,8.784375,1353126,7370351,26,5.813292000000001
viberwhisper,rollbacks,0,30460fe0b07f7cb6f18b19ee2b18d2b0dde7cdb6,main,metadata,9.9635,73872,0,1,5.813292000000001
viberwhisper,rollbacks,0,30460fe0b07f7cb6f18b19ee2b18d2b0dde7cdb6,direct,merge,7.195791,89422,0,1,5.813292000000001
viberwhisper,rollbacks,100,ab1f117d922fe06da6fc2f1f72605ba227ba4233,main,metadata,8.064625000000001,2083991,1042182,4,8.395625
viberwhisper,rollbacks,100,ab1f117d922fe06da6fc2f1f72605ba227ba4233,direct,merge,26.490875,2161746,0,1,8.395625
viberwhisper,rollbacks,100,ab1f117d922fe06da6fc2f1f72605ba227ba4233,current,rebuild,36.823542,1874519,0,1,8.395625
agentflow,updates,1,9cca7f6765530826d562da26ff4674b1d6f7baf6,direct,merge,14.255583,908452,0,1,5.791542000000001
agentflow,updates,1,9cca7f6765530826d562da26ff4674b1d6f7baf6,current,incremental,8.8575,857789,350043,2,5.791542000000001
agentflow,updates,1,9cca7f6765530826d562da26ff4674b1d6f7baf6,main,incremental,9.783083999999999,857789,350043,2,5.791542000000001
agentflow,updates,2,5b5b0b114b801c0088ee68f2abe2e69847f6ba1e,current,incremental,9.198209,857789,785391,3,7.046209
agentflow,updates,2,5b5b0b114b801c0088ee68f2abe2e69847f6ba1e,main,incremental,9.946750000000002,857789,785391,3,7.046209
agentflow,updates,2,5b5b0b114b801c0088ee68f2abe2e69847f6ba1e,direct,merge,15.6075,956020,0,1,7.046209
agentflow,updates,3,3d849065c2f15ad341b10d3635adecda572a389d,main,incremental,7.178167,857789,818475,4,4.483
agentflow,updates,3,3d849065c2f15ad341b10d3635adecda572a389d,direct,merge,12.936458,970102,0,1,4.483
agentflow,updates,3,3d849065c2f15ad341b10d3635adecda572a389d,current,incremental,7.350459,857789,818475,4,4.483
agentflow,updates,4,96ee4e9aaf03f10f5c50e2b8842484f56c1ccd8b,main,incremental,7.81275,857789,874056,5,6.222
agentflow,updates,4,96ee4e9aaf03f10f5c50e2b8842484f56c1ccd8b,direct,merge,12.959584,988846,0,1,6.222
agentflow,updates,4,96ee4e9aaf03f10f5c50e2b8842484f56c1ccd8b,current,incremental,7.811249999999999,857789,874056,5,6.222
agentflow,updates,5,7b91e44f4b9ae3f5878ead729dc7cf303f46b764,direct,merge,23.965417,1046453,0,1,5.8313749999999995
agentflow,updates,5,7b91e44f4b9ae3f5878ead729dc7cf303f46b764,current,incremental,18.586458999999998,857789,1730549,6,5.8313749999999995
agentflow,updates,5,7b91e44f4b9ae3f5878ead729dc7cf303f46b764,main,incremental,18.31775,857789,1730549,6,5.8313749999999995
agentflow,updates,6,8e11dc763cf915bc01901a3d1ce301180dc91737,current,incremental,19.125625,857789,2715322,7,7.45175
agentflow,updates,6,8e11dc763cf915bc01901a3d1ce301180dc91737,main,incremental,20.174417,857789,2715322,7,7.45175
agentflow,updates,6,8e11dc763cf915bc01901a3d1ce301180dc91737,direct,merge,27.445500000000003,1150931,0,1,7.45175
agentflow,updates,7,77eb240564d52e3845fdc221642f4ff6621eae1e,main,incremental,11.818667,857789,3059943,8,8.69425
agentflow,updates,7,77eb240564d52e3845fdc221642f4ff6621eae1e,direct,merge,18.460041999999998,1193115,0,1,8.69425
agentflow,updates,7,77eb240564d52e3845fdc221642f4ff6621eae1e,current,incremental,10.29325,857789,3059943,8,8.69425
agentflow,updates,8,5ec17f27e93d7a63506dfe00a2f57dee2923fb6a,main,rebuild,26.318,1388655,0,1,6.963958
agentflow,updates,8,5ec17f27e93d7a63506dfe00a2f57dee2923fb6a,direct,merge,19.418291,1254380,0,1,6.963958
agentflow,updates,8,5ec17f27e93d7a63506dfe00a2f57dee2923fb6a,current,incremental,11.115959,857789,3493218,9,6.963958
agentflow,updates,9,bf0821e6a40ab47986432a69bfa8ee5e72bb8dd7,direct,merge,15.803,1255795,0,1,7.227125
agentflow,updates,9,bf0821e6a40ab47986432a69bfa8ee5e72bb8dd7,current,incremental,8.980542,857789,3637386,10,7.227125
agentflow,updates,9,bf0821e6a40ab47986432a69bfa8ee5e72bb8dd7,main,incremental,8.923459,1388655,124629,2,7.227125
agentflow,updates,10,b5ba13dc3366a4942555ddafd6fb52ad61243e4f,current,incremental,10.667207999999999,857789,4075313,11,7.320792
agentflow,updates,10,b5ba13dc3366a4942555ddafd6fb52ad61243e4f,main,incremental,11.2315,1388655,556729,3,7.320792
agentflow,updates,10,b5ba13dc3366a4942555ddafd6fb52ad61243e4f,direct,merge,19.306,1319824,0,1,7.320792
agentflow,updates,11,e7b93ba2184c382b934ab05f98bc0c8a637dcefc,main,incremental,18.941291,1388655,1517579,4,6.915792
agentflow,updates,11,e7b93ba2184c382b934ab05f98bc0c8a637dcefc,direct,merge,26.979834,1373389,0,1,6.915792
agentflow,updates,11,e7b93ba2184c382b934ab05f98bc0c8a637dcefc,current,incremental,19.591082999999998,857789,4886584,12,6.915792
agentflow,updates,12,8125a4b669a2026a51d95e6cb86af7019083a17a,main,incremental,13.043042,1388655,2168782,5,7.696625
agentflow,updates,12,8125a4b669a2026a51d95e6cb86af7019083a17a,direct,merge,22.763208,1512103,0,1,7.696625
agentflow,updates,12,8125a4b669a2026a51d95e6cb86af7019083a17a,current,incremental,13.182583,857789,5542142,13,7.696625
agentflow,updates,13,bbf99f98124011bd4f0cda40c7df0b551191ab4b,direct,merge,18.711125,1527453,0,1,7.129125
agentflow,updates,13,bbf99f98124011bd4f0cda40c7df0b551191ab4b,current,incremental,9.735917,857789,5717761,14,7.129125
agentflow,updates,13,bbf99f98124011bd4f0cda40c7df0b551191ab4b,main,incremental,10.134,1388655,2345478,6,7.129125
agentflow,updates,14,135d2eddcadcb2365b7c3107b0d7e167a039d174,current,incremental,11.7775,857789,6225135,15,7.356375
agentflow,updates,14,135d2eddcadcb2365b7c3107b0d7e167a039d174,main,incremental,12.441249999999998,1388655,2848756,7,7.356375
agentflow,updates,14,135d2eddcadcb2365b7c3107b0d7e167a039d174,direct,merge,22.061,1640424,0,1,7.356375
agentflow,updates,15,9fd98266044601c28975de64070f6f8a48dfc258,main,incremental,9.542,1388655,2891432,8,6.477334000000001
agentflow,updates,15,9fd98266044601c28975de64070f6f8a48dfc258,direct,merge,17.992375000000003,1643099,0,1,6.477334000000001
agentflow,updates,15,9fd98266044601c28975de64070f6f8a48dfc258,current,incremental,8.746500000000001,857789,6267811,16,6.477334000000001
agentflow,updates,16,78b8bc384df3f5dad06a3df622d870ee5a89853a,main,rebuild,30.665834,1865917,0,1,8.12975
agentflow,updates,16,78b8bc384df3f5dad06a3df622d870ee5a89853a,direct,merge,23.219458,1741675,0,1,8.12975
agentflow,updates,16,78b8bc384df3f5dad06a3df622d870ee5a89853a,current,incremental,13.048416,857789,6800813,17,8.12975
agentflow,updates,17,878588e006d46f2c3c94937d54615b328e237f9f,direct,merge,33.527417,1854522,0,1,7.116417
agentflow,updates,17,878588e006d46f2c3c94937d54615b328e237f9f,current,incremental,22.681333000000002,857789,7974267,18,7.116417
agentflow,updates,17,878588e006d46f2c3c94937d54615b328e237f9f,main,incremental,22.582209,1865917,1315705,2,7.116417
agentflow,updates,18,e6ec8c6222a334628285f2d93fb5278991a5e36c,current,incremental,9.216959000000001,857789,8044014,19,8.054416
agentflow,updates,18,e6ec8c6222a334628285f2d93fb5278991a5e36c,main,incremental,8.957917,1865917,1385452,3,8.054416
agentflow,updates,18,e6ec8c6222a334628285f2d93fb5278991a5e36c,direct,merge,19.3295,1878209,0,1,8.054416
agentflow,updates,19,40efd5bcc760bc1aa05029515d2eb46d3dff3c30,main,incremental,13.51775,1865917,1983205,4,7.739333
agentflow,updates,19,40efd5bcc760bc1aa05029515d2eb46d3dff3c30,direct,merge,26.634874999999997,1943984,0,1,7.739333
agentflow,updates,19,40efd5bcc760bc1aa05029515d2eb46d3dff3c30,current,rebuild,33.470375,2082642,0,1,7.739333
agentflow,rollbacks,18,e6ec8c6222a334628285f2d93fb5278991a5e36c,main,metadata,7.146166,1865917,1385452,3,6.906042
agentflow,rollbacks,18,e6ec8c6222a334628285f2d93fb5278991a5e36c,direct,merge,24.369042,1878209,0,1,6.906042
agentflow,rollbacks,18,e6ec8c6222a334628285f2d93fb5278991a5e36c,current,incremental,11.7765,2082642,517180,2,6.906042
agentflow,rollbacks,9,bf0821e6a40ab47986432a69bfa8ee5e72bb8dd7,direct,merge,29.303084,1255795,0,1,7.716708
agentflow,rollbacks,9,bf0821e6a40ab47986432a69bfa8ee5e72bb8dd7,current,incremental,20.191875000000003,2082642,1692668,3,7.716708
agentflow,rollbacks,9,bf0821e6a40ab47986432a69bfa8ee5e72bb8dd7,main,metadata,8.437584,1388655,124629,2,7.716708
agentflow,rollbacks,0,e65d534b0efddadfa433770621ca4340786736bf,current,incremental,17.165291999999997,2082642,2738445,4,6.044709
agentflow,rollbacks,0,e65d534b0efddadfa433770621ca4340786736bf,main,metadata,6.059374999999999,857789,0,1,6.044709
agentflow,rollbacks,0,e65d534b0efddadfa433770621ca4340786736bf,direct,merge,24.1555,900701,0,1,6.044709
agentflow,rollbacks,19,40efd5bcc760bc1aa05029515d2eb46d3dff3c30,main,metadata,7.346542,1865917,1983205,4,7.0895
agentflow,rollbacks,19,40efd5bcc760bc1aa05029515d2eb46d3dff3c30,direct,merge,35.433917,2071211,0,1,7.0895
agentflow,rollbacks,19,40efd5bcc760bc1aa05029515d2eb46d3dff3c30,current,incremental,28.027917,2082642,4944855,5,7.0895
vllm,updates,1,52bc900d930c279743ef62a27b65c6ff42f1453a,current,incremental,57.500667,64286063,112957,2,157.195625
vllm,updates,1,52bc900d930c279743ef62a27b65c6ff42f1453a,direct,incremental,60.091,64286063,112957,2,157.195625
vllm,updates,2,7985444339e2ad7e249b88a50081e16e34637dfd,direct,incremental,56.450874999999996,64286063,184401,3,95.884
vllm,updates,2,7985444339e2ad7e249b88a50081e16e34637dfd,current,incremental,61.445709,64286063,184401,3,95.884
vllm,updates,3,f4eccdadefc6501fafeb1a0bf7f171ff24f984b0,direct,incremental,57.145291,64286063,326782,4,160.498625
vllm,updates,3,f4eccdadefc6501fafeb1a0bf7f171ff24f984b0,current,incremental,63.591667,64286063,326782,4,160.498625
vllm,updates,4,039ea82660621a9668c7d7e81c7144b6f2f75011,current,incremental,61.159417,64286063,773057,5,161.764083
vllm,updates,4,039ea82660621a9668c7d7e81c7144b6f2f75011,direct,incremental,61.502042,64286063,773057,5,161.764083
vllm,updates,5,1c344ed41e1e3bd44d5836fbcf5ddceb56ef5ab9,direct,incremental,61.826708,64286063,1185697,6,97.46329200000001
vllm,updates,5,1c344ed41e1e3bd44d5836fbcf5ddceb56ef5ab9,current,incremental,65.013375,64286063,1185697,6,97.46329200000001
vllm,updates,6,f2e2936f91a794513af74d009286c69e3fb2592b,direct,incremental,59.826625,64286063,1188301,7,152.719916
vllm,updates,6,f2e2936f91a794513af74d009286c69e3fb2592b,current,incremental,60.109207999999995,64286063,1188301,7,152.719916
vllm,updates,7,1970f3ed4be7fa8620e4ddc4a12c36a8384cfc27,current,incremental,57.720708,64286063,1258983,8,151.26225
vllm,updates,7,1970f3ed4be7fa8620e4ddc4a12c36a8384cfc27,direct,incremental,58.834959,64286063,1258983,8,151.26225
vllm,updates,8,144e79c8106da23141ac010394b782f730cc7fe8,direct,incremental,67.128125,64286063,1983539,9,95.497292
vllm,updates,8,144e79c8106da23141ac010394b782f730cc7fe8,current,incremental,65.59774999999999,64286063,1983539,9,95.497292
vllm,updates,9,a1541f5742a29864a80087af313ad460066a1524,direct,merge,71.103167,64286063,2001136,7,151.15258400000002
vllm,updates,9,a1541f5742a29864a80087af313ad460066a1524,current,merge,68.668708,64286063,2001136,7,151.15258400000002
vllm,updates,10,9afb878a55eb08fd064dfaab56afd8447e97101e,current,incremental,55.300625,64286063,2053622,8,164.131291
vllm,updates,10,9afb878a55eb08fd064dfaab56afd8447e97101e,direct,incremental,54.960916999999995,64286063,2053622,8,164.131291
vllm,updates,11,dd0760165c17fdf750b1aa8e2a26ac885eafd598,direct,incremental,56.765625,64286063,2142409,9,96.718125
vllm,updates,11,dd0760165c17fdf750b1aa8e2a26ac885eafd598,current,incremental,63.577999999999996,64286063,2142409,9,96.718125
vllm,updates,12,569adb5a9780f9c02d22a6b29826acf711512356,direct,merge,69.348083,64286063,2609293,8,175.873958
vllm,updates,12,569adb5a9780f9c02d22a6b29826acf711512356,current,merge,77.24612499999999,64286063,2609293,8,175.873958
vllm,rollbacks,11,dd0760165c17fdf750b1aa8e2a26ac885eafd598,direct,incremental,62.666584,64286063,2600633,8,167.635584
vllm,rollbacks,11,dd0760165c17fdf750b1aa8e2a26ac885eafd598,current,incremental,66.441,64286063,2600633,8,167.635584
vllm,rollbacks,6,f2e2936f91a794513af74d009286c69e3fb2592b,current,incremental,65.046959,64286063,2743073,8,165.26633299999997
vllm,rollbacks,6,f2e2936f91a794513af74d009286c69e3fb2592b,direct,incremental,65.89845799999999,64286063,2743073,8,165.26633299999997
vllm,rollbacks,0,28e605fb330093fee5a2b98aebc19d9c268c1822,direct,incremental,67.820708,64286063,2288151,4,96.40650000000001
vllm,rollbacks,0,28e605fb330093fee5a2b98aebc19d9c268c1822,current,incremental,69.82783400000001,64286063,2288151,4,96.40650000000001
vllm,rollbacks,12,569adb5a9780f9c02d22a6b29826acf711512356,direct,incremental,75.082,64286063,1875587,2,172.47495800000002
vllm,rollbacks,12,569adb5a9780f9c02d22a6b29826acf711512356,current,incremental,74.281833,64286063,1875587,2,172.47495800000002
