pair,count,probability_pct,independent_probability_pct,actual_over_independent,weight_frequency
aa,13403933,0.9035441057013727,0.68046001,1.3278430656070042,90354411
ab,4713527,0.3177335740125136,0.16687727,1.9039955172595622,31773357
ac,7943504,0.5354627047013198,0.36567816999999997,1.4643004385559026,53546270
ad,4875493,0.3286515206050569,0.33779655,0.9729274043949144,32865152
ae,510522,0.03441371602878619,0.9575439200000001,0.03593956925629708,3441372
af,1061485,0.07155351455728864,0.17743599,0.40326381675605183,7155351
ag,5027701,0.33891169135050864,0.1625053,2.085542387543721,33891169
ah,270526,0.01823585456141638,0.17793093000000001,0.10248839008156918,1823585
ai,3531148,0.23803073036542266,0.57322301,0.41524978274236174,23803073
aj,189193,0.012753288157286357,0.01955013,0.6523377674361427,1275329
ak,1395667,0.09408034875822772,0.08092269,1.1625954198782533,9408035
al,12143782,0.8185987386703908,0.37277231,2.1959751749543592,81859874
am,7125140,0.4802977043601366,0.22264050999999999,2.1572790340811587,48029770
an,17642685,1.1892736289039958,0.54756862,2.171917062931758,118927363
ao,159784,0.010770860417266196,0.53354532,0.02018733931967803,1077086
ap,3891788,0.26234106870269597,0.2507696,1.0461438256578788,26234107
aq,205422,0.013847266864239576,0.02466451,0.5614247704186938,1384727
ar,10528567,0.7097189052147593,0.5572199499999999,1.2736782041180674,70971891
as,9968278,0.6719504514751504,0.55631256,1.2078649661894214,67195045
at,24600465,1.6582897831750516,0.76979668,2.1541919136037992,165828978
au,2934692,0.19782429967748816,0.25563651000000004,0.7738499468541804,19782430
av,1728564,0.11652056254888678,0.10467981000000001,1.1131140049727524,11652056
aw,614996,0.041456191315632614,0.09082149,0.4564579519190074,4145619
ax,642511,0.043310946637699146,0.1435326,0.30174989262160057,4331095
ay,2412683,0.16263625784878996,0.09775065,1.6637869707136472,16263626
az,220275,0.014848490952869569,0.02136491,0.6949943132393054,1484849
ba,5036444,0.3395010471848109,0.16687727,2.034435529684845,33950105
bb,477480,0.03218639182919606,0.04092529,0.7864670434637374,3218639
bc,894385,0.06028949077690273,0.08967959,0.6722766102844887,6028949
bd,455034,0.030673332117798442,0.08284185,0.3702637268216299,3067333
be,3276433,0.22086067759928862,0.23482984,0.9405136825851801,22086068
bf,310630,0.020939220268708997,0.04351473,0.4811984417393604,2093922
bg,243840,0.016436981200534405,0.039853099999999995,0.41243921302318776,1643698
bh,84919,0.00572429464635901,0.04363611,0.13118251481076132,572429
bi,1631975,0.11000960627764983,0.14057827,0.7825505768256348,11000961
bj,507366,0.03420097360478321,0.00479451,7.133361616678911,3420097
bk,102924,0.006937991523473601,0.01984563,0.3495979479348149,693799
bl,4375067,0.2949183646246656,0.09141937,3.225994279162781,29491836
bm,216779,0.014612829509804165,0.05460076999999999,0.2676304658305032,1461283
bn,140955,0.009501618623365021,0.13428674,0.07075619397242812,950162
bo,2946836,0.19864291311129428,0.13084764,1.5181237744241647,19864291
bp,132042,0.008900803279531511,0.0614992,0.144730391282025,890080
bq,74649,0.005032005452914586,0.00604877,0.8319055697132782,503201
br,2205951,0.14870068535228045,0.13665365,1.0881574356212254,14870069
bs,1657894,0.11175677702788216,0.13643112000000002,0.8191443200633561,11175678
bt,184874,0.012462149206313965,0.18878636000000001,0.06601191530105228,1246215
bu,3359017,0.22642757251179244,0.06269277000000001,3.611701516965871,22642757
bv,164039,0.011057685199944484,0.02567187,0.4307315828548713,1105769
bw,60119,0.004052554432393897,0.02227323,0.18194731668437386,405255
bx,46355,0.003124738613643259,0.0352002,0.08877047896441664,312474
by,1711061,0.11534070492932906,0.02397255,4.8113657049137055,11534070
bz,35871,0.0024180239199654264,0.00523957,0.4614928171520614,241802
ca,6848932,0.4616788325448593,0.36567816999999997,1.2625277372856556,46167883
cb,275559,0.018575123452419864,0.08967959,0.20712765805931835,1857512
cc,1680683,0.11329295798498099,0.19651489000000003,0.5765108078323274,11329296
cd,602074,0.04058513377350127,0.18153135,0.2235709356731015,4058513
ce,9117482,0.6145992463509302,0.51458264,1.1943645171374808,61459925
cf,301653,0.020334090756581383,0.09535383,0.21324880979171348,2033409
cg,154923,0.010443185853553114,0.08733010000000001,0.11958289127749899,1044319
ch,8256694,0.556574491701793,0.09561981,5.8207027571147965,55657449
ci,1288091,0.08682877112687648,0.30804917,0.28186659657896973,8682877
cj,50869,0.003429022296136748,0.01050621,0.32638052124760003,342902
ck,4682031,0.31561046394077796,0.04348773,7.257460068409594,31561046
cl,4617033,0.31122902158483823,0.20032727000000003,1.5536028698680824,31122902
cm,276148,0.018614827282501537,0.11964667,0.15558165791410272,1861483
cn,101644,0.006851708157591531,0.29426254,0.023284337033152542,685171
co,16185398,1.0910395449851014,0.28672644,3.8051584813214343,109103954
cp,739646,0.04985870815719517,0.1347632,0.36997272369011097,4985871
cq,86753,0.005847922531536914,0.013254670000000001,0.4411971427079598,584792
cr,4002590,0.26981010737962186,0.29944915,0.9010214501514594,26981011
cs,1159698,0.07817394284898846,0.29896152,0.26148496585442993,7817394
ct,8660056,0.5837646721931397,0.41368756,1.411124550598378,58376467
cu,2371257,0.15984377760267227,0.13737866999999998,1.163526896880515,15984378
cv,87512,0.005899085871149798,0.056254769999999996,0.10486374526373139,589909
cw,99550,0.0067105539637188315,0.048807329999999996,0.13749069993623564,671055
cx,53389,0.0035988926727170737,0.0771342,0.04665754843787936,359889
cy,956393,0.06446938058285227,0.05253105,1.2272623635516953,6446938
cz,51928,0.003500408299628242,0.01148147,0.3048745761325198,350041
da,5382567,0.3628328108169983,0.33779655,1.0741163899305612,36283281
db,734937,0.04954127974318058,0.08284185,0.5980223732712461,4954128
dc,925669,0.06239831016616421,0.18153135,0.3437329704547683,6239831
dd,1721485,0.11604337509023116,0.16769025,0.6920102694714282,11604338
de,15375401,1.0364385547394925,0.47534760000000004,2.1803803253440064,103643855
df,713183,0.04807486697646296,0.08808345,0.5457877385191311,4807487
dg,497445,0.03353221011031757,0.0806715,0.41566364961997204,3353221
dh,161163,0.010863817262228207,0.08832915,0.12299243525187559,1086382
di,7653268,0.5158982211230788,0.28456155,1.8129582901241537,51589822
dj,81486,0.005492879962708114,0.00970515,0.565975792513059,549288
dk,103949,0.007007085625058853,0.04017195,0.17442732117955073,700709
dl,1263855,0.08519504952100315,0.18505305,0.46038176361320793,8519505
dm,375607,0.02531924703817719,0.11052404999999998,0.22908359798774286,2531925
dn,284593,0.019184095270684414,0.2718261,0.07057488324588557,1918410
do,3707088,0.2498906486414316,0.2648646,0.9434656373159402,24989065
dp,500871,0.0337631529318113,0.124488,0.27121612470126677,3376315
dq,111918,0.0075442669865543365,0.012244050000000001,0.6161578061633476,754427
dr,1726443,0.116377588315265,0.27661725,0.42071703162136487,11637759
ds,1654941,0.11155771860643704,0.2761668,0.40395050602185717,11155772
dt,1005319,0.06776742742593522,0.3821454,0.17733414408739506,6776743
du,1237055,0.0833884915478473,0.12690405000000002,0.6570987415125624,8338849
dv,237818,0.0160310449276111,0.05196555,0.30849370260896114,1603104
dw,245775,0.01656741738255144,0.04508595,0.36746297643836806,1656742
dx,105022,0.007079415352864682,0.071253,0.09935603206692607,707942
dy,554376,0.03736986503456144,0.04852575,0.7701038115755333,3736987
dz,50869,0.003429022296136748,0.01060605,0.3233081398010332,342902
ea,6651252,0.44835344522644704,0.9575439200000001,0.4682327733086614,44835345
eb,2219205,0.14959412264243746,0.23482984,0.6370320000321827,14959412
ec,9491773,0.6398297833035599,0.51458264,1.2433955861852624,63982978
ed,11778329,0.793963961395625,0.47534760000000004,1.670280782727471,79396396
ee,2394039,0.16137948669761393,1.34745664,0.11976599610479037,16137949
ef,4099849,0.2763662276001877,0.24968808000000003,1.1068458998931294,27636623
eg,1876816,0.1265140637666592,0.22867759999999998,0.5532420480478157,12651406
eh,443590,0.029901904899709054,0.25038456,0.11942391695282271,2990190
ei,1698974,0.11452593380165985,0.80663992,0.14197900570264346,11452593
ej,171795,0.011580508470086154,0.027510959999999997,0.42094163453715006,1158051
ek,377162,0.025424067845947987,0.11387448,0.22326396437505566,2542407
el,7734829,0.5213961567517565,0.52456552,0.9939581174754996,52139616
em,5175357,0.3488650168760422,0.31329992,1.1135177336656907,34886502
en,18759181,1.264535373336705,0.77053904,1.6411048729428495,126453537
eo,1066807,0.07191226461449518,0.75080544,0.09578015925736391,7191226
ep,2392443,0.16127190212577974,0.3528832,0.457012127881916,16127190
eq,2359969,0.15908286616979977,0.034707919999999996,4.583474497169515,15908287
er,27648392,1.863747127333521,0.7841203999999999,2.3768634604246,186374713
es,20016654,1.3493002193881307,0.7828435200000001,1.7235886673598964,134930022
et,13513887,0.9109559816484017,1.08325856,0.8409404876047337,91095598
eu,608495,0.04101796618938313,0.35973192,0.11402370462255096,4101797
ev,2828586,0.19067181309914208,0.14730552000000002,1.2943969316230788,19067181
ew,2543124,0.1714291395120893,0.12780408000000001,1.3413432459440207,17142914
ex,6886083,0.4641831398307068,0.2019792,2.2981729793498875,46418314
ey,1376253,0.09277167276976327,0.1375548,0.6744342819717178,9277167
ez,174476,0.011761231676281335,0.03006472,0.39119711330361084,1176123
fa,3394086,0.2287915345103224,0.17743599,1.2894313859906459,22879153
fb,192137,0.01295173989881512,0.04351473,0.29764035991525445,1295174
fc,302321,0.02037911988815109,0.09535383,0.2137210418097636,2037912
fd,413719,0.027888334257315833,0.08808345,0.3166126469537221,2788833
fe,2828438,0.19066183658496197,0.24968808000000003,0.7636000748812757,19066184
ff,2315318,0.156072992286987,0.04626801,3.3732376276175917,15607299
fg,156419,0.010544029537427784,0.0423747,0.24882841736762232,1054403
fh,62970,0.00424473714812029,0.04639707,0.09148718115433345,424474
fi,6271997,0.422788290595506,0.14947299,2.828526348442658,42278829
fj,31082,0.0020952027955832117,0.00509787,0.41099572872262563,209520
fk,47520,0.0032032699583718622,0.02110131,0.15180431728512883,320327
fl,1177852,0.07939768364916276,0.09720369,0.8168175883977529,7939768
fm,102335,0.00689828769339193,0.05805549,0.11882231453721138,689829
fn,369216,0.024888436888683196,0.14278338,0.17430906096131912,2488844
fo,5542082,0.3735855382456533,0.13912668,2.6852185234755357,37358554
fp,151328,0.010200850931407768,0.0653904,0.15599921290293023,1020085
fq,43899,0.0029591824053570364,0.006431490000000001,0.46010837385380937,295918
fr,2338569,0.1576403161464589,0.14530005000000001,1.0849295381967101,15764032
fs,663212,0.04470637785420285,0.14506344000000002,0.30818501101451096,4470638
ft,758467,0.051127410680059576,0.20073132,0.2547056965502921,5112741
fu,1152865,0.07771333797471332,0.06665949,1.1658255707433902,7771334
fv,45135,0.003042499780536911,0.027296189999999998,0.1114624341542505,304250
fw,54129,0.0036487752436176455,0.02368251,0.15407046143409825,364878
fx,255913,0.017250808603889275,0.0374274,0.46091389206541933,1725081
fy,365460,0.024635249136922995,0.02548935,0.9664918539281305,2463525
fz,23237,0.0015663801351575538,0.00557109,0.28116223847712996,156638
ga,1776964,0.11978315232130256,0.1625053,0.7371030503085287,11978315
gb,354283,0.023881820089685573,0.039853099999999995,0.5992462340366389,2388182
gc,389342,0.02624510799941956,0.08733010000000001,0.3005276302147777,2624511
gd,188439,0.01270246186207145,0.0806715,0.15745910094731658,1270246
ge,9283977,0.6258224877591609,0.22867759999999998,2.7367021857810334,62582249
gf,350607,0.023634025048293,0.0423747,0.5577390529795611,2363403
gg,685403,0.04620224830130365,0.038809,1.190503447687486,4620225
gh,1276619,0.08605545646015843,0.0424929,2.0251725926015505,8605546
gi,2051242,0.13827192499896077,0.1368953,1.0100560428222207,13827192
gj,50624,0.0034125071206358827,0.0046689,0.7309017371620473,341251
gk,64886,0.004373892561425014,0.0193257,0.22632518156780937,437389
gl,1509308,0.10174076124432488,0.0890243,1.1428425861739422,10174076
gm,349753,0.02357645786511856,0.053170300000000004,0.44341404628370645,2357646
gn,1162483,0.07836167657866155,0.13076859999999998,0.5992392407555145,7836168
go,1382843,0.09321589728629674,0.1274196,0.7315663939166088,9321590
gp,396770,0.02674582115705395,0.059888,0.44659733430827464,2674582
gq,60771,0.004096505021890077,0.0058903,0.6954662787786831,409651
gr,2303984,0.15530898004565313,0.1330735,1.1670917203323963,15530898
gs,1330109,0.08966115742971463,0.1328568,0.6748706684920502,8966116
gt,649976,0.043814153923878565,0.18384040000000001,0.23832712463570882,4381415
gu,1034658,0.06974513654438372,0.061050299999999995,1.1424208651617391,6974514
gv,124048,0.008361936696046143,0.024999300000000002,0.334486833473183,836194
gw,95960,0.006468556085971462,0.0216897,0.29823169919231074,646856
gx,29805,0.0020091216563399273,0.034278,0.058612569471378946,200912
gy,94466,0.0063678472198559835,0.0233445,0.2727771946221158,636785
gz,46508,0.00313505217222135,0.005102300000000001,0.6144390122535621,313505
ha,5160596,0.34786999440433497,0.17793093000000001,1.955084449928604,34786999
hb,141051,0.009508089875806177,0.04363611,0.21789499283520408,950809
hc,174522,0.01176433248474272,0.09561981,0.12303237670878786,1176433
hd,174065,0.011733526626767639,0.08832915,0.13283866794560617,1173353
he,10042306,0.6769405960138363,0.25038456,2.703603592864657,67694060
hf,101756,0.006859257952106212,0.04639707,0.14783817064539231,685926
hg,59194,0.003990201218768182,0.0424929,0.09390277478750995,399020
hh,129404,0.008722978655158932,0.04652649,0.18748413334336916,872298
hi,4052114,0.2731484647327029,0.14988993,1.8223269884287947,27314846
hj,51452,0.003468321672940847,0.00511209,0.6784547363095812,346832
hk,59386,0.004003143723650493,0.02116017,0.18918296609386845,400314
hl,150259,0.01012879083912032,0.09747483,0.10391185949357717,1012879
hm,336128,0.022658011880631677,0.058217429999999994,0.38919636061969204,2265801
hn,112220,0.007564624468192138,0.14318166,0.05283235624026245,756462
ho,3174308,0.21397654577061173,0.13951476,1.5337197710881034,21397655
hp,172957,0.011658837588175971,0.0655728,0.1777999046582725,1165884
hq,50042,0.003373275152711379,0.006449430000000001,0.5230346174330722,337328
hr,3111801,0.20976301893374408,0.14570535,1.439638413646061,20976302
hs,320808,0.021625307845230646,0.14546808,0.1486601586082022,2162531
ht,3024377,0.20386986504399868,0.20129124,1.0128104185954574,20386987
hu,370254,0.024958407305703187,0.06684543,0.37337492339720435,2495841
hv,59811,0.004031792497478524,0.02737233,0.1472944574860278,403179
hw,88174,0.005943710549441931,0.02374857,0.25027656610237714,594371
hx,21868,0.001474097378991496,0.0375318,0.03927595742787439,147410
hy,123103,0.008298235304828521,0.02556045,0.3246513776098825,829824
hz,44510,0.0030003692307898062,0.0055866299999999995,0.5370624563985454,300037
ia,3151089,0.2124113789952869,0.57322301,0.37055626743819453,21241138
ib,1546790,0.10426738086931844,0.14057827,0.7417034003144188,10426738
ic,8098840,0.5459337304221459,0.30804917,1.7722291880291248,54593373
id,10692111,0.720743223019304,0.28456155,2.5328201333571037,72074322
ie,4456738,0.3004237152300988,0.80663992,0.3724384422111155,30042372
if,3870433,0.2609015520789369,0.14947299,1.7454762367363954,26090155
ig,3818838,0.2574235909362139,0.1368953,1.8804414098673505,25742359
ih,127052,0.008564432970350628,0.14988993,0.05713814777517494,856443
ii,228679,0.015414995176989037,0.48288601000000003,0.03192263776080205,1541500
ij,180818,0.012188738790675155,0.016469130000000002,0.7400960943702038,1218874
ik,341857,0.023044197351833537,0.06816968999999999,0.3380416920164011,2304420
il,6550150,0.44153827268159623,0.31402531,1.4060595073740911,44153827
im,4762406,0.3210284526382556,0.18755351,1.7116632615313656,32102845
in,25964732,1.7502534931139848,0.46127462,3.794384987220812,175025349
io,16224133,1.093650627936228,0.44946132,2.4332474882070567,109365063
ip,2343258,0.1579563963828816,0.2112496,0.7477240022366034,15795640
iq,462149,0.03115294629611948,0.02077751,1.4993589846001507,3115295
ir,2301596,0.1551480076411794,0.46940495000000004,0.33052060409925244,15514801
is,9595104,0.6467952102410288,0.46864056,1.3801520086973027,64679521
it,9730266,0.6559063292248979,0.64848068,1.0114508411027723,65590633
iu,846264,0.057045708081894055,0.21534951000000002,0.26489824881372637,5704571
iv,3358541,0.22639548588510505,0.08818281,2.5673426134311783,22639549
iw,76962,0.005187922191418671,0.07650849,0.06780845094993602,518792
ix,676681,0.04561430805347286,0.12091260000000001,0.3772502456606909,4561431
iy,58558,0.003947329171345528,0.08234565,0.04793609828018272,394733
iz,2118779,0.1428245185001931,0.017997910000000002,7.93561688552688,14282452
ja,512070,0.03451806497439982,0.01955013,1.7656181812806269,3451806
jb,57293,0.0038620569386573884,0.00479451,0.8055165050562807,386206
jc,41732,0.0028131073632738754,0.01050621,0.2677566280584412,281311
jd,34498,0.002325471528280987,0.00970515,0.23961211607043548,232547
je,791191,0.053333298855938384,0.027510959999999997,1.938620057458496,5333330
jf,23277,0.0015690764903413686,0.00509787,0.307790604770496,156908
jg,28226,0.001902683035458842,0.0046689,0.40752276456099773,190268
jh,23898,0.0016109374045700918,0.00511209,0.31512305232695276,161094
ji,124841,0.00841539193756527,0.016469130000000002,0.5109797504522261,841539
jj,60740,0.00409441534662262,0.00056169,7.289457434924281,409442
jk,59619,0.004018849992596213,0.00232497,1.728559935223342,401885
jl,41147,0.0027736731687105854,0.010710029999999999,0.2589790288832604,277367
jm,30530,0.002057993094046569,0.0063966299999999995,0.3217308323361784,205799
jn,91277,0.006152880302826356,0.01573206,0.39110455355664525,615288
jo,793207,0.053469195157202644,0.01532916,3.4880707851703976,5346920
jp,58254,0.003926836871948536,0.0072048,0.5450306562220376,392684
jq,49640,0.0033461767831140412,0.00070863,4.72203658201606,334618
jr,56275,0.0037934346992293043,0.01600935,0.23695120034413045,379343
js,556862,0.03753744350923552,0.01598328,2.348544448275668,3753744
jt,45178,0.0030453983623595117,0.02211684,0.13769590784033847,304540
ju,252544,0.017023708088532482,0.0073446299999999996,2.317844205703008,1702371
jv,44054,0.0029696307816943187,0.00300753,0.9873985568537366,296963
jw,35895,0.0024196417330757153,0.00260937,0.9272896266438702,241964
jx,22213,0.0014973534424518975,0.0041238,0.36310040313591774,149735
jy,33947,0.0022883292356239396,0.0028084499999999997,0.8148014868072921,228833
jz,22467,0.001514475297869121,0.00061383,2.4672552626445774,151448
ka,912343,0.061500019436676344,0.08092269,0.7599848625481475,6150002
kb,226391,0.015260763660474836,0.01984563,0.7689735050222561,1526076
kc,363634,0.024512160522781854,0.04348773,0.5636569331805052,2451216
kd,278042,0.018742499700455162,0.04017195,0.46655688111867016,1874250
ke,4159109,0.2803608778050092,0.11387448,2.4620167556858146,28036088
kf,187904,0.012666398111487929,0.02110131,0.6002659603355398,1266640
kg,421081,0.02838459842889693,0.0193257,1.4687487867915225,2838460
kh,184319,0.012424737278138536,0.02116017,0.5871756832831937,1242474
ki,1101498,0.07425074605653807,0.06816968999999999,1.0892046898927967,7425075
kj,40762,0.0027477207500663688,0.00232497,1.1818306258000615,274772
kk,97201,0.0065522105055493135,0.00962361,0.6808474684187444,655221
kl,278642,0.018782945028212383,0.04433139,0.4236940242165288,1878295
km,405605,0.027341378608279024,0.02647719,1.0326389850387834,2734138
kn,357358,0.024089102394441328,0.06511878,0.3699255789872189,2408910
ko,384320,0.025906580606091627,0.06345107999999999,0.4082921930736502,2590658
kp,295947,0.019949455689610218,0.0298224,0.6689419929184176,1994946
kq,56332,0.0037972770053662404,0.00293319,1.2945895101804659,379728
kr,284789,0.019197307411085107,0.06626655,0.289698307986233,1919731
ks,1018365,0.0686468436691364,0.06615863999999999,1.0376096556570147,6864684
kt,433843,0.02924487055029301,0.09154692,0.3194522606581741,2924487
ku,462255,0.03116009163735659,0.03040119,1.0249628924840306,3116009
kv,100711,0.006788815672929053,0.01244889,0.5453350196627211,678882
kw,162775,0.01097248037613594,0.01080081,1.0158942131317874,1097248
kx,25670,0.0017303859392130828,0.0170694,0.10137356551566447,173039
ky,93767,0.006320728413018822,0.011624849999999999,0.5437255889769607,632073
kz,27246,0.001836622333455382,0.0025407900000000002,0.7228548339120439,183662
la,12320665,0.8305222235198582,0.37277231,2.2279611474357046,83052222
lb,1090970,0.07354106537215804,0.09141937,0.8044363614861714,7354107
lc,443596,0.029902309352986628,0.20032727000000003,0.1492672932296568,2990231
ld,2754720,0.18569258879895068,0.18505305,1.0034559754565011,18569259
le,15544453,1.0478341606528487,0.52456552,1.9975277076023765,104783416
lf,915800,0.061733051933437526,0.09720369,0.6350895931362022,6173305
lg,181992,0.012267876815320116,0.0890243,0.13780368747993654,1226788
lh,101111,0.0068157792247672,0.09747483,0.06992347896136059,681578
li,9761847,0.6580351690513991,0.31402531,2.095484497894132,65803517
lj,87760,0.005915803273289449,0.010710029999999999,0.5523610366441036,591580
lk,198868,0.013405469067371539,0.04433139,0.3023922567591843,1340547
ll,6763053,0.45588982537408873,0.20421361,2.232416465161596,45588983
lm,246479,0.01661487323378658,0.12196781,0.13622342840940227,1661487
ln,156436,0.010545175488380906,0.29997122,0.035153957397582695,1054518
lo,6395902,0.43114058782177,0.29228892,1.4750493717714992,43114059
lp,904421,0.06096600629252184,0.1373776,0.44378418528582425,6096601
lq,45078,0.0030386574743999748,0.013511809999999999,0.22488900261326758,303866
lr,246052,0.016586089642199358,0.30525844999999996,0.054334579901717237,1658609
ls,2920087,0.1968397929909978,0.30476136,0.6458817252652955,19683979
lt,2741022,0.18476922196625334,0.42171307999999996,0.4381396516471658,18476922
lu,4432630,0.2987986219608137,0.14004381,2.1336082041813467,29879862
lv,298710,0.020135706423932215,0.05734611,0.35112593380670837,2013571
lw,208239,0.014037157678059726,0.04975419,0.28213016186294515,1403716
lx,31166,0.0021008651414692226,0.0786306,0.026718162413477995,210087
ly,1183721,0.07979330636350798,0.053550150000000005,1.4900669066941543,7979331
lz,41453,0.0027943002858667678,0.01170421,0.238743177529006,279430
ma,7428317,0.5007345262492213,0.22264050999999999,2.2490719512330495,50073453
mb,921895,0.062143909054571296,0.05460076999999999,1.1381507816569492,6214391
mc,221683,0.014943402655339846,0.11964667,0.12489610162438994,1494340
md,358233,0.024148085164087275,0.11052404999999998,0.21848715428078572,2414809
me,14258636,0.9611586773181721,0.31329992,3.067854844387359,96115868
mf,127696,0.008607844288810044,0.05805549,0.14826925565196408,860784
mg,152315,0.010267383495568397,0.053170300000000004,0.19310373452036939,1026738
mh,72174,0.004865168475916052,0.058217429999999994,0.08356893246431614,486517
mi,3278321,0.22098794556396467,0.18755351,1.1782661149021667,22098795
mj,51261,0.003455446576938132,0.0063966299999999995,0.5401979756431327,345545
mk,49711,0.003350962813565312,0.02647719,0.12656036435759657,335096
ml,1246278,0.08401020364435538,0.12196781,0.688789965519225,8401020
mm,1290374,0.0869826655989927,0.07284601,1.1940621812916412,8698267
mn,368806,0.024860799248049095,0.17915962,0.13876340688850028,2486080
mo,4673967,0.3150668787357209,0.17457132,1.8048032101476974,31506688
mp,4088729,0.2756166408590872,0.0820496,3.359146672976922,27561664
mq,38922,0.002623688411610893,0.00807001,0.32511588109691225,262369
mr,129600,0.008736190795559625,0.18231745,0.04791746920308299,873619
ms,1140844,0.0769030158330974,0.18202056,0.4224963148838648,7690302
mt,301535,0.02032613650878913,0.25187068,0.08070068540248165,2032614
mu,973688,0.06563521715545416,0.08364201,0.7847159239173492,6563522
mv,119901,0.008082392072364155,0.03425031,0.2359801144095967,808239
mw,97181,0.006550862327957406,0.02971599,0.22044906893418006,655086
mx,27813,0.0018748431681859553,0.0469626,0.039922047931459405,187484
my,130367,0.00878789340620927,0.031983149999999995,0.2747663506005278,878789
mz,31120,0.0020977643330078355,0.006990409999999999,0.30009174469134653,209776
na,7985195,0.5382730483005304,0.54756862,0.9830239145196639,53827305
nb,326344,0.0219984834026706,0.13428674,0.1638172421392507,2199848
nc,6048125,0.4076973299027319,0.29426254,1.3854883802156124,40769733
nd,9512037,0.6411957568396804,0.2718261,2.3588454414041933,64119576
ne,8219804,0.55408777813352,0.77053904,0.7190911159199928,55408778
nf,1918867,0.129348674562524,0.14278338,0.9059084787215711,12934867
ng,8722412,0.5879680202891884,0.13076859999999998,4.496247725288704,58796802
nh,249300,0.01680503368312511,0.14318166,0.1173686188798559,1680503
ni,3892117,0.26236324622408286,0.46127462,0.5687788463715667,26236325
nj,166127,0.011198434940539612,0.01573206,0.7118225420281649,1119843
nk,1445704,0.09745328686654113,0.06511878,1.4965465702296807,9745329
nl,1005552,0.06778313369488095,0.29997122,0.22596545660240658,6778313
nm,462617,0.03118449365177011,0.17915962,0.1740598336375692,3118449
nn,1605082,0.1081967792786916,0.44063044,0.24554994266553987,10819678
no,4283511,0.2887466772444321,0.42934584000000003,0.6725270174841618,28874668
np,1003328,0.06763321634666085,0.2017952,0.33515770616278706,6763322
nq,69159,0.004661930703936019,0.01984762,0.23488613264139574,466193
nr,483111,0.032565971230197575,0.4483969,0.07262755659148752,3256597
ns,15003761,1.0113867187266703,0.44766672,2.2592403534635546,101138672
nt,17718792,1.1944039165033604,0.6194581600000001,1.9281430024319322,119440392
nu,2461230,0.16590875672650626,0.20571161999999998,0.8065113517967837,16590876
nv,1026949,0.06922548149158303,0.08423622,0.8218018506953781,6922548
nw,186413,0.012565891472011237,0.07308437999999999,0.17193675956491983,1256589
nx,40533,0.00273228411663903,0.1155012,0.023655893762480645,273228
ny,454208,0.030617652383252668,0.0786603,0.38923894751548965,3061765
nz,68866,0.004642179902214576,0.01719242,0.27001317453939444,464218
oa,1539749,0.10379275494808747,0.53354532,0.19453409308901343,10379275
ob,1742102,0.11743314396084886,0.13084764,0.8974800306742167,11743314
oc,3926049,0.26465056432651285,0.28672644,0.9230071852686932,26465056
od,4247459,0.28631645231725994,0.2648646,1.0809917683120351,28631645
oe,297329,0.020042614761211015,0.75080544,0.026694818249067314,2004261
of,3001280,0.2023129221519845,0.13912668,1.4541633722013958,20231292
og,2263675,0.15259179551804344,0.1274196,1.1975535594056446,15259180
oh,106606,0.007186191018143744,0.13951476,0.05150846418073431,718619
oi,2328955,0.15699224717802904,0.44946132,0.34928978355251805,15699225
oj,685630,0.046217550116971796,0.01532916,3.015008657811113,4621755
ok,1267235,0.0854228915340355,0.06345107999999999,1.3462795516488528,8542289
ol,5187533,0.3496857873939954,0.29228892,1.196370315350973,34968579
om,7694682,0.5186898924626413,0.17457132,2.971220544489446,51868989
on,29100431,1.961627449452299,0.42934584000000003,4.568874941125082,196162745
oo,3461203,0.23331581628212467,0.41835024,0.5577045116123865,23331582
op,4096185,0.2761192414653503,0.19662719999999997,1.4042779506871395,27611924
oq,52962,0.0035701090811298517,0.01933932,0.18460365106580026,357011
or,16251828,1.0955175168566218,0.4369134,2.5074019630815205,109551752
os,3383196,0.22805745181152884,0.43620192,0.5228254195018877,22805745
ot,4305586,0.2902347282614998,0.60359376,0.4808444809991074,29023473
ou,6683577,0.4505324372593673,0.20044332,2.247679978855705,45053244
ov,2570995,0.1733078923952918,0.08207892,2.1114787133565085,17330789
ow,4816160,0.324651949552025,0.07121268,4.558906497438729,32465195
ox,669151,0.045106719190119736,0.1125432,0.4007947098547024,4510672
oy,193581,0.01304907832095083,0.0766458,0.17025170747713286,1304908
oz,110899,0.007475577338246657,0.01675212,0.44624664449912355,747558
pa,7582161,0.511104977921691,0.2507696,2.0381456840130983,51110498
pb,622093,0.041934592134120936,0.0614992,0.6818721566153858,4193459
pc,369801,0.024927871083246487,0.1347632,0.18497535739168025,2492787
pd,776348,0.052332748856104346,0.124488,0.42038388323456355,5233275
pe,8718461,0.587701687805907,0.3528832,1.665428356481428,58770169
pf,109071,0.007352353906346325,0.0653904,0.11243781818655836,735235
pg,87724,0.005913376553624016,0.059888,0.0987405916648413,591338
ph,1440352,0.09709251454294672,0.0655728,1.4806827608847988,9709251
pi,1510127,0.10179596911671349,0.2112496,0.48187532244659154,10179597
pj,41239,0.002779874785633359,0.0072048,0.3858364958962579,277987
pk,126203,0.00850720283157416,0.0298224,0.285262179823695,850720
pl,3632288,0.24484846444769812,0.1373776,1.7823026785130773,24484846
pm,212191,0.014303557570220619,0.0820496,0.17432818161478691,1430356
pn,183536,0.012371956125415364,0.2017952,0.06130946685260781,1237196
po,5247010,0.35369506532568906,0.19662719999999997,1.7988104663326798,35369507
pp,2268253,0.15290039336883104,0.092416,1.65447967201384,15290039
pq,53776,0.003624979909120481,0.0090896,0.39880521795463836,362498
pr,6651813,0.44839126160790005,0.205352,2.1835251743732718,44839126
ps,1341978,0.09046123342163205,0.2050176,0.44123642761222476,9046123
pt,4321096,0.29128023998402397,0.28369279999999997,1.0267452680646953,29128024
pu,2892648,0.1949901607437805,0.0942096,2.069748313800085,19499016
pv,84052,0.005665851147749827,0.038577600000000004,0.146868938133783,566585
pw,99155,0.006683927456278662,0.033470400000000004,0.19969667097730115,668393
px,603666,0.0406924487098171,0.052896,0.7692916044656892,4069245
py,580919,0.03915909892566127,0.036024,1.0870280625599955,3915910
pz,24040,0.001620509465472634,0.0078736,0.20581556917707705,162051
qa,177580,0.011970468838545354,0.02466451,0.48533171097035194,1197047
qb,53888,0.003632529703635162,0.00604877,0.6005402261344309,363253
qc,79137,0.005334536504538596,0.013254670000000001,0.4024646788293179,533454
qd,44773,0.003018097766123388,0.012244050000000001,0.24649505401590058,301810
qe,88563,0.005969932603604529,0.034707919999999996,0.17200490849363861,596993
qf,50432,0.003399564615753572,0.006431490000000001,0.5285811865918429,339956
qg,74172,0.004999851417347596,0.0058903,0.8488279743557366,499985
qh,40319,0.002717858616405621,0.006449430000000001,0.4214106698430126,271786
qi,106217,0.007159968963981147,0.02077751,0.3446018778949521,715997
qj,40303,0.002716780074332095,0.00070863,3.8338485166195264,271678
qk,48506,0.0032697351136528946,0.00293319,1.1147368952072298,326974
ql,72870,0.004912085056114427,0.013511809999999999,0.3635401220202495,491209
qm,32129,0.0021657798925195614,0.00807001,0.2683738796506524,216578
qn,49021,0.0033044506866445086,0.01984762,0.16649102948587835,330445
qo,42247,0.0028478229362654895,0.01933932,0.14725558790409846,284782
qp,32507,0.00219126044900661,0.0090896,0.24107336395513665,219126
qq,157735,0.010632739622975288,0.00089401,11.893311733621871,1063274
qr,89704,0.006046846135222843,0.020197450000000002,0.2993866124299277,604685
qs,55688,0.0037538656869068234,0.02016456,0.1861615471355102,375387
qt,34424,0.00232048327119093,0.02790268,0.0831634549509556,232048
qu,2821459,0.1901913900142659,0.00926601,20.525705240364072,19019139
qv,27927,0.0018825277804598273,0.00379431,0.4961449592837241,188253
qw,43794,0.002952104472999523,0.0032919900000000003,0.8967537790210549,295210
qx,30325,0.0020441742737295184,0.0052026,0.3929139802655439,204417
qy,43396,0.002925275738920567,0.00354315,0.8256144218902859,292528
qz,26404,0.0017798640568360826,0.0007744099999999999,2.298348493480305,177986
ra,14285100,0.9629425859077838,0.5572199499999999,1.7281193645485664,96294259
rb,492096,0.03317164001336195,0.13665365,0.24274243690791977,3317164
rc,3108070,0.20951151640397378,0.29944915,0.6996564071194518,20951152
rd,2459586,0.16579793652845148,0.27661725,0.5993767074484743,16579794
re,23172685,1.5620447330663778,0.7841203999999999,1.992098066912145,156204473
rf,982522,0.06623070719779964,0.14530005000000001,0.4558202643275046,6623071
rg,1828284,0.12324257602213681,0.1330735,0.9261241045146992,12324258
rh,196774,0.013264314873498839,0.14570535,0.09103519447637878,1326431
ri,10233902,0.6898558677087904,0.46940495000000004,1.469639098839478,68985587
rj,43755,0.0029494755266953037,0.01600935,0.18423455834842162,294948
rk,1272918,0.08580597619677596,0.06626655,1.2948610754109875,8580598
rl,1894514,0.127707066117738,0.30525844999999996,0.4183571859116038,12770707
rm,2130013,0.14358178985356745,0.18231745,0.7875372864943396,14358179
rn,3211847,0.21650700770174222,0.4483969,0.48284679867711444,21650701
ro,13621350,0.9181999420763587,0.4369134,2.1015604970604214,91819994
rp,684284,0.04612681776503643,0.205352,0.2246231727231117,4612682
rq,83003,0.005595139233054286,0.020197450000000002,0.2770220613520165,559514
rr,2886705,0.19458954977234524,0.45630024999999996,0.4264506753444585,19458955
rs,3402246,0.22934159096782059,0.4555572,0.503430943398152,22934159
rt,6370491,0.4294276607823721,0.6303766,0.6812239870299311,42942766
ru,3309940,0.2231193469278906,0.20933745,1.065835792534449,22311935
rv,2027521,0.13667291896607905,0.08572095,1.5943934238488846,13667292
rw,343670,0.023166409650539937,0.07437255000000001,0.3114913990516654,2316641
rx,49268,0.0033211006799045645,0.117537,0.028255789069863656,332110
ry,2606240,0.17568371835663052,0.08004675,2.194763914295465,17568372
rz,66831,0.0045050028322380035,0.01749545,0.2574956821481016,450500
sa,3028518,0.2041490052144031,0.55631256,0.3669681756140884,20414901
sb,287561,0.019384164825323465,0.13643112000000002,0.1420802293884523,1938416
sc,3622058,0.2441588716094375,0.29896152,0.8166899593280015,24415887
sd,475593,0.0320591912733996,0.2761668,0.11608633359766489,3205919
se,19029079,1.2827288951217355,0.7828435200000001,1.638550824463279,128272890
sf,528638,0.035634895291535865,0.14506344000000002,0.2456504222672223,3563490
sg,330546,0.022281735514730335,0.1328568,0.16771242055152868,2228174
sh,3343562,0.22538576827764603,0.14546808,1.549382986821893,22538577
si,7465828,0.5032631007317231,0.46864056,1.0738786688282447,50326310
sj,42783,0.0028839540957286062,0.01598328,0.18043568627519546,288395
sk,1255923,0.0846603622880527,0.06615863999999999,1.279656932005445,8466036
sl,6454173,0.43506857064467164,0.30476136,1.4275712992115261,43506857
sm,507150,0.03418641328679061,0.18202056,0.18781621860074824,3418641
sn,375742,0.025328347236922562,0.44766672,0.05657857979016748,2532835
so,3335941,0.22487204520624976,0.43620192,0.5155228230225345,22487205
sp,4084983,0.27536412719612297,0.2050176,1.343124332721303,27536413
sq,144532,0.009742740185677652,0.02016456,0.4831615560011054,974274
sr,761627,0.05134042273958094,0.4555572,0.11269808212795439,5134042
ss,7320773,0.4934851057020171,0.45481536,1.0850229545941832,49348511
st,24372056,1.6428929883955532,0.62935008,2.610459648142975,164289299
su,3700657,0.2494571421367538,0.20899655999999997,1.1935944885253318,24945714
sv,344286,0.023207933520370684,0.08558136,0.2711797699916277,2320793
sw,716392,0.048291182071084494,0.07425144,0.6503736772119771,4829118
sx,35774,0.0024114852586446757,0.11734560000000001,0.020550282742980357,241149
sy,1260895,0.08499551923740087,0.0799164,1.0635554058666414,8499552
sz,94846,0.006393462594102223,0.01746696,0.36603178767812045,639346
ta,12885816,0.8686184192320596,0.76979668,1.1283738184374343,86861842
tb,539088,0.03633931808330746,0.18878636000000001,0.19248910823487173,3633932
tc,2287326,0.15418608292935349,0.41368756,0.37271143209951363,15418608
td,2522361,0.1700295289450507,0.3821454,0.44493412440670665,17002953
te,25154453,1.69563349356433,1.08325856,1.5653081878848296,169563349
tf,1122124,0.07564112160707212,0.20073132,0.3768276998680232,7564112
tg,195558,0.013182345675910872,0.18384040000000001,0.07170537964403292,1318235
th,12965532,0.8739919854778839,0.20129124,4.341927574582401,87399199
ti,22136889,1.4922228852170145,0.64848068,2.3011061566506723,149222289
tj,61684,0.0041580493289606465,0.02211684,0.18800377128742835,415805
tk,135821,0.009155541435522404,0.09154692,0.10000927869034158,915554
tl,1265287,0.08529157903658371,0.42171307999999996,0.20225025753667333,8529158
tm,1535398,0.10349945891296802,0.25187068,0.410923013798065,10349946
tn,422131,0.028455377752472064,0.6194581600000001,0.04593591559512601,2845538
to,10416768,0.7021826598848768,0.60359376,1.1633365127646063,70218266
tp,2073962,0.1398034547433675,0.28369279999999997,0.49279874125592016,13980345
tq,56661,0.0038194545267531163,0.02790268,0.13688486291471344,381945
tr,16188159,1.0912256609016642,0.6303766,1.7310694288170982,109122566
ts,4840358,0.3262831096204737,0.62935008,0.5184445350677857,32628311
tt,4455869,0.30036513691373046,0.8708622399999999,0.34490545475221257,30036514
tu,4766489,0.3213036830936435,0.28919868,1.1110136570942977,32130368
tv,397875,0.02682030796900683,0.11842307999999999,0.2264787233114257,2682031
tw,907651,0.06118373697361488,0.10274532,0.5954892833426854,6118374
tx,227060,0.015305860200924138,0.16237680000000002,0.09426137355166585,1530586
ty,5272306,0.35540024034393347,0.1105842,3.21384284865228,35540024
tz,96593,0.0065112259067553295,0.024169879999999998,0.2693942173794545,651123
ua,1257752,0.08478365312883263,0.25563651000000004,0.33165705919249416,8478365
ub,2220301,0.14966800277447398,0.06269277000000001,2.387324770854342,14966800
uc,1126599,0.0759427763432614,0.13737866999999998,0.5527988904191706,7594278
ud,2470093,0.16650620162636,0.12690405000000002,1.3120637333982643,16650620
ue,5179036,0.34911301414407353,0.35973192,0.9704810575165906,34911301
uf,774834,0.05223069181239696,0.06665949,0.7835447257756841,5223069
ug,664093,0.04476576507712637,0.061050299999999995,0.7332603619822731,4476577
uh,47267,0.0031862155118342343,0.06684543,0.047665420236420564,318622
ui,2646309,0.1783847247531373,0.21534951000000002,0.8283498056398516,17838472
uj,48444,0.003265555763117982,0.0073446299999999996,0.4446181445652105,326556
uk,195135,0.013153831719842031,0.03040119,0.4326748959446005,1315383
ul,4653151,0.3136636954980637,0.14004381,2.2397540847972057,31366370
um,3013734,0.2031524323384652,0.08364201,2.428832501017912,20315243
un,6509772,0.43881643694129446,0.20571161999999998,2.133163099592014,43881644
uo,128702,0.008675657621682984,0.20044332,0.04328234845482995,867566
up,2706346,0.18243175165740436,0.0942096,1.9364454541512157,18243175
uq,29973,0.002020446348111949,0.00926601,0.21804923026329015,202045
ur,8016748,0.540400000678403,0.20933745,2.5814778993362295,54040000
us,4373248,0.2947957478726816,0.20899655999999997,1.410529187048254,29479575
ut,6369400,0.42935411769473353,0.28919868,1.4846337393197424,42935412
uu,102229,0.006891142352154821,0.09603801,0.07175432260783851,689114
uv,103767,0.006994817208972496,0.03932631,0.17786609547075471,699482
uw,39135,0.0026380465029647057,0.03411999,0.07731674314572501,263805
ux,134348,0.00905624815587843,0.053922599999999994,0.16794902612037307,905625
uy,53508,0.0036069143293889225,0.036723149999999996,0.09821908875978565,360691
uz,106997,0.007212547890065533,0.00802641,0.8986019764833261,721255
va,4166157,0.28083597558839735,0.10467981000000001,2.6828093744954,28083598
vb,67019,0.0045176757016019324,0.02567187,0.17597766355165917,451768
vc,100498,0.00677445758157524,0.056254769999999996,0.12042458944504156,677446
vd,49605,0.0033438174723282033,0.05196555,0.06434681192305679,334382
ve,7505088,0.5059095733446373,0.14730552000000002,3.434423729298381,50590957
vf,49061,0.0033071470418283232,0.027296189999999998,0.12115782612255863,330715
vg,169718,0.011440500227166576,0.024999300000000002,0.4576328228057016,1144050
vh,43067,0.002903098217533691,0.02737233,0.10605959439820033,290310
vi,5464570,0.3683605411704572,0.08818281,4.177237504344182,36836054
vj,24499,0.0016514501412069075,0.00300753,0.5491051265347004,165145
vk,62425,0.004207999308740815,0.01244889,0.33802204925425594,420800
vl,78729,0.005307033681663686,0.05734611,0.09254391765481017,530703
vm,75393,0.0050821576593335395,0.03425031,0.1483828222090118,508216
vn,44892,0.0030261194227952366,0.08423622,0.03592420722101771,302612
vo,1520413,0.10248933685223144,0.08207892,1.2486681946135676,10248934
vp,123572,0.00832985006935875,0.038577600000000004,0.2159245279477922,832985
vq,31040,0.0020923716226402063,0.00379431,0.5514498347895154,209237
vr,69666,0.00469610700589087,0.08572095,0.05478365563950084,469611
vs,92310,0.006222513675448371,0.08558136,0.07270874960912482,622251
vt,122243,0.008240263668376506,0.11842307999999999,0.06958325748981116,824026
vu,85101,0.005736563062445367,0.03932631,0.14587087022518427,573656
vv,66907,0.004510125907087251,0.016103609999999997,0.28006924578322817,451013
vw,45139,0.003042769416055292,0.01397169,0.2177810569841796,304277
vx,41493,0.0027969966410505824,0.022080600000000002,0.1266721303338941,279700
vy,50728,0.003419517644113801,0.015037650000000001,0.2273970762794586,341952
vz,33779,0.002277004543851918,0.0032867100000000004,0.6927914369846799,227700
wa,2021337,0.1362560624546613,0.09082149,1.5002623548089915,13625606
wb,118583,0.007993547169057461,0.02227323,0.35888585396269246,799355
wc,197472,0.013311366271456404,0.048807329999999996,0.27273293317738145,1331137
wd,112313,0.007570893493994506,0.04508595,0.16792134786989088,757089
we,2416798,0.1629136453883249,0.12780408000000001,1.2747139636569107,16291365
wf,85820,0.005785030046874436,0.02368251,0.24427436310063572,578503
wg,110641,0.007458185847311052,0.0216897,0.34385841423860414,745819
wh,904062,0.060941806504747106,0.02374857,2.566125307955262,6094181
wi,3638141,0.2452430086199698,0.07650849,3.205435221894587,24524301
wj,28537,0.0019236471970130015,0.00260937,0.737207524043352,192365
wk,41138,0.002773066488794227,0.01080081,0.25674615966712006,277307
wl,111171,0.007493912553496597,0.04975419,0.15061872283513403,749391
wm,105157,0.007088515551610057,0.02971599,0.23854213006566688,708852
wn,965465,0.06508091393854146,0.07308437999999999,0.8904900600995925,6508091
wo,1393214,0.09391499477658029,0.07121268,1.3187959612892013,9391499
wp,206647,0.013929842741743902,0.033470400000000004,0.4161839339160542,1392984
wq,45567,0.0030716204165221095,0.0032919900000000003,0.9330588539218252,307162
wr,733776,0.04946301803397036,0.07437255000000001,0.6650708901869085,4946302
ws,2007843,0.1353464470334014,0.07425144,1.822812419980022,13534645
wt,153447,0.010343690347270352,0.10274532,0.10067310459756562,1034369
wu,49484,0.0033356609978971636,0.03411999,0.09776266047842229,333566
wv,50560,0.003408192952341779,0.01397169,0.24393562642327302,340819
ww,509737,0.034360800058303824,0.01212201,2.834579418619835,3436080
wx,43487,0.002931409946963745,0.019157399999999998,0.1530171081129874,293141
wy,56920,0.003836913426568316,0.013046849999999999,0.2940873411258899,383691
wz,26333,0.0017750780263848115,0.0028515899999999998,0.6224871129386804,177508
xa,1332727,0.08983763387649531,0.1435326,0.6259040376645815,8983763
xb,1384578,0.0933328516923947,0.0352002,2.6514864032702854,9333285
xc,823500,0.05551121234678511,0.0771342,0.7196705527092407,5551121
xd,1028010,0.06929700231283371,0.071253,0.9725485567321196,6929700
xe,1740026,0.11729320312680888,0.2019792,0.5807192182502401,11729320
xf,1139744,0.0768288660655425,0.0374274,2.0527438738876462,7682887
xg,35296,0.00237926381419809,0.034278,0.06941081201348066,237926
xh,138517,0.009337275774911516,0.0375318,0.24878305263567208,933728
xi,374227,0.025226222784335582,0.12091260000000001,0.2086318777723379,2522622
xj,25725,0.0017340934275908281,0.0041238,0.42050861525554784,173409
xk,31008,0.0020902145384931545,0.0170694,0.1224538963579947,209021
xl,63413,0.004274599281781037,0.0786306,0.05436305053987935,427460
xm,247711,0.01669792097344807,0.0469626,0.35555784759464065,1669792
xn,71766,0.004837665653041142,0.1155012,0.04188411594893509,483767
xo,63679,0.004292530043753405,0.1125432,0.03814117639940401,429253
xp,2572072,0.173380491758616,0.052896,3.2777618677899274,17338049
xq,34176,0.0023037658690512786,0.0052026,0.44281049264815253,230377
xr,93092,0.006275227419291949,0.117537,0.053389378827875034,627523
xs,102346,0.006899029191067479,0.11734560000000001,0.05879239776410431,689903
xt,3010238,0.20291677089539978,0.16237680000000002,1.249666029232007,20291677
xu,33914,0.0022861047425972924,0.053922599999999994,0.04239604066935371,228610
xv,48809,0.0032901600041702907,0.022080600000000002,0.14900682065570184,329016
xw,29458,0.001985730775120335,0.019157399999999998,0.10365345898296924,198573
xx,379431,0.025577018593749876,0.030276,0.8447951708861763,2557702
xy,228582,0.015408456515668287,0.020619000000000002,0.7472940741873169,1540846
xz,39450,0.0026592803000372468,0.0045065999999999995,0.5900857187319147,265928
ya,401304,0.027051453017139345,0.09775065,0.2767393671258385,2705145
yb,334311,0.022535529946406892,0.02397255,0.9400556030295857,2253553
yc,357266,0.024082900777518554,0.05253105,0.45845077868267536,2408290
yd,219031,0.014764634306652933,0.04852575,0.30426390744404636,1476463
ye,772939,0.052102951985563736,0.1375548,0.37877959900755,5210295
yf,160507,0.010819597037213646,0.02548935,0.4244752038484169,1081960
yg,83820,0.0056502122876837015,0.0233445,0.24203612361300095,565021
yh,75558,0.005093280124466775,0.02556045,0.19926410233257927,509328
yi,398631,0.02687126908198093,0.08234565,0.3263228729384118,2687127
yj,27823,0.001875517256981909,0.0028084499999999997,0.667812229871249,187552
yk,64672,0.004359467061191605,0.011624849999999999,0.3750127581165869,435947
yl,1100841,0.07420645842264392,0.053550150000000005,1.3857376388795162,7420646
ym,472235,0.031832832255718355,0.031983149999999995,0.9953000956978397,3183283
yn,883785,0.05957495665319184,0.0786603,0.7573700666434254,5957496
yo,639257,0.04309159814349582,0.0766458,0.56221734450545,4309160
yp,2748736,0.185289214063452,0.036024,5.143493617128914,18528921
yq,28662,0.0019320733069624224,0.00354315,0.5452981970739095,193207
yr,386623,0.026061823255799758,0.08004675,0.3255825284074588,2606182
ys,1225402,0.08260297587392249,0.0799164,1.0336173285323476,8260298
yt,1079439,0.07276377358154386,0.1105842,0.6579943028167123,7276377
yu,105254,0.0070950542129308075,0.036723149999999996,0.19320385677510798,709505
yv,79674,0.0053707350728813075,0.015037650000000001,0.35715255195335094,537074
yw,129698,0.00874279686575997,0.013046849999999999,0.6701078701571621,874280
yx,30478,0.00205448783230761,0.020619000000000002,0.09964051759579076,205449
yy,68091,0.004589938020528166,0.01404225,0.32686628001411216,458994
yz,73921,0.004982931788569158,0.00306915,1.6235543354248434,498293
za,459658,0.03098503077704742,0.02136491,1.4502766815796284,3098503
zb,40286,0.002715634123378974,0.00523957,0.5182933186080105,271563
zc,32449,0.002187350733990079,0.01148147,0.1905113834718097,218735
zd,46953,0.0031650491236412887,0.01060605,0.2984192157911087,316505
ze,2032142,0.13698441539868925,0.03006472,4.556317683939489,13698442
zf,22485,0.0015156886577018375,0.00557109,0.27206321522392163,151569
zg,36781,0.0024793660003972107,0.005102300000000001,0.48593105078047366,247937
zh,41208,0.0027777851103659027,0.0055866299999999995,0.4972201685749554,277779
zi,265849,0.017920583231548846,0.017997910000000002,0.9957035695560676,1792058
zj,20922,0.0014103285788942782,0.00061383,2.297588222951433,141033
zk,35443,0.0023891729194986094,0.0025407900000000002,0.9403267957991842,238917
zl,49346,0.003326358572513003,0.01170421,0.28420188739889346,332636
zm,60896,0.004104931131839498,0.006990409999999999,0.5872232289435809,410493
zn,45006,0.0030338040350691084,0.01719242,0.1764617217976939,303380
zo,216642,0.014603594493299598,0.01675212,0.8717460532338354,1460359
zp,32296,0.0021770371754119876,0.0078736,0.276498320388639,217704
zq,28605,0.0019282310008254865,0.0007744099999999999,2.489935564914563,192823
zr,26332,0.0017750106175052163,0.01749545,0.10145555658786808,177501
zs,37488,0.0025270240782711358,0.01746696,0.14467452139760642,252702
zt,42264,0.0028489688872186105,0.024169879999999998,0.11787269474315183,284897
zu,62872,0.004238131077919943,0.00802641,0.5280232479925575,423813
zv,32969,0.00222240335137967,0.0032867100000000004,0.6761787171304039,222240
zw,63497,0.004280261627667048,0.0028515899999999998,1.5010087802478786,428026
zx,39447,0.0026590780733984605,0.0045065999999999995,0.5900408452932279,265908
zy,71361,0.004810365056805018,0.00306915,1.5673281060896396,481037
zz,112413,0.007577634381954044,0.00067081,11.296245407722072,757763
